ISO-10303-21;
HEADER;
/* Generated by software containing ST-Developer
 * from STEP Tools, Inc. (www.steptools.com) 
 */

FILE_DESCRIPTION(
/* description */ (''),
/* implementation_level */ '2;1');

FILE_NAME(
/* name */ 'Groove Coaster Center Assembly.step',
/* time_stamp */ '2026-08-02T15:27:56-07:00',
/* author */ (''),
/* organization */ (''),
/* preprocessor_version */ 'ST-DEVELOPER v20.1',
/* originating_system */ 'Autodesk Translation Framework v15.8.0.0',
/* authorisation */ '');

FILE_SCHEMA (('AUTOMOTIVE_DESIGN { 1 0 10303 214 3 1 1 }'));
ENDSEC;

DATA;
#10=MECHANICAL_DESIGN_GEOMETRIC_PRESENTATION_REPRESENTATION('',(#13,#14,
#15,#16,#17,#18,#19,#20,#21,#22,#23,#24,#25,#26,#27,#28),#13000);
#11=SHAPE_REPRESENTATION_RELATIONSHIP('SRR','None',#13007,#12);
#12=ADVANCED_BREP_SHAPE_REPRESENTATION('',(#29,#30,#31,#32,#33,#34,#35,
#36,#37,#38,#39,#40,#41,#42,#43,#44),#12999);
#13=STYLED_ITEM('',(#13017),#29);
#14=STYLED_ITEM('',(#13016),#30);
#15=STYLED_ITEM('',(#13016),#31);
#16=STYLED_ITEM('',(#13016),#32);
#17=STYLED_ITEM('',(#13016),#33);
#18=STYLED_ITEM('',(#13016),#34);
#19=STYLED_ITEM('',(#13016),#35);
#20=STYLED_ITEM('',(#13016),#36);
#21=STYLED_ITEM('',(#13016),#37);
#22=STYLED_ITEM('',(#13016),#38);
#23=STYLED_ITEM('',(#13016),#39);
#24=STYLED_ITEM('',(#13016),#40);
#25=STYLED_ITEM('',(#13016),#41);
#26=STYLED_ITEM('',(#13016),#42);
#27=STYLED_ITEM('',(#13016),#43);
#28=STYLED_ITEM('',(#13016),#44);
#29=MANIFOLD_SOLID_BREP('Center Assembly',#7883);
#30=MANIFOLD_SOLID_BREP('Body40',#7884);
#31=MANIFOLD_SOLID_BREP('Body41',#7885);
#32=MANIFOLD_SOLID_BREP('Body42',#7886);
#33=MANIFOLD_SOLID_BREP('Body43',#7887);
#34=MANIFOLD_SOLID_BREP('Body44',#7888);
#35=MANIFOLD_SOLID_BREP('Body45',#7889);
#36=MANIFOLD_SOLID_BREP('Body46',#7890);
#37=MANIFOLD_SOLID_BREP('Body47',#7891);
#38=MANIFOLD_SOLID_BREP('Body48',#7892);
#39=MANIFOLD_SOLID_BREP('Body49',#7893);
#40=MANIFOLD_SOLID_BREP('Body50',#7894);
#41=MANIFOLD_SOLID_BREP('Body51',#7895);
#42=MANIFOLD_SOLID_BREP('Body52',#7896);
#43=MANIFOLD_SOLID_BREP('Body53',#7897);
#44=MANIFOLD_SOLID_BREP('Body54',#7898);
#45=B_SPLINE_SURFACE_WITH_KNOTS('',3,3,((#11194,#11195,#11196,#11197,#11198,
#11199,#11200,#11201),(#11202,#11203,#11204,#11205,#11206,#11207,#11208,
#11209),(#11210,#11211,#11212,#11213,#11214,#11215,#11216,#11217),(#11218,
#11219,#11220,#11221,#11222,#11223,#11224,#11225),(#11226,#11227,#11228,
#11229,#11230,#11231,#11232,#11233)),.UNSPECIFIED.,.F.,.F.,.F.,(4,1,4),
(4,2,1,1,4),(0.,0.571428571428571,1.),(-0.737921558659326,-0.737474344687008,
-0.655644684429614,-0.614729854300917,-0.532900194043523),.UNSPECIFIED.);
#46=B_SPLINE_SURFACE_WITH_KNOTS('',3,3,((#11244,#11245,#11246,#11247,#11248,
#11249,#11250,#11251),(#11252,#11253,#11254,#11255,#11256,#11257,#11258,
#11259),(#11260,#11261,#11262,#11263,#11264,#11265,#11266,#11267),(#11268,
#11269,#11270,#11271,#11272,#11273,#11274,#11275),(#11276,#11277,#11278,
#11279,#11280,#11281,#11282,#11283)),.UNSPECIFIED.,.F.,.F.,.F.,(4,1,4),
(4,1,1,2,4),(0.,0.571428571428571,1.),(-0.204574150643488,-0.0818296602573951,
-0.0409148301286976,0.,0.000447213972319114),.UNSPECIFIED.);
#47=B_SPLINE_SURFACE_WITH_KNOTS('',3,3,((#11463,#11464,#11465,#11466,#11467,
#11468,#11469,#11470,#11471,#11472,#11473),(#11474,#11475,#11476,#11477,
#11478,#11479,#11480,#11481,#11482,#11483,#11484),(#11485,#11486,#11487,
#11488,#11489,#11490,#11491,#11492,#11493,#11494,#11495),(#11496,#11497,
#11498,#11499,#11500,#11501,#11502,#11503,#11504,#11505,#11506),(#11507,
#11508,#11509,#11510,#11511,#11512,#11513,#11514,#11515,#11516,#11517),
(#11518,#11519,#11520,#11521,#11522,#11523,#11524,#11525,#11526,#11527,
#11528)),.UNSPECIFIED.,.F.,.F.,.F.,(4,1,1,4),(4,1,1,1,1,1,1,1,4),(0.,0.285714285714286,
0.571428571428571,1.),(0.,0.413523929539734,0.827047859079468,1.2405717886192,
1.44733375338907,1.65409571815894,2.06761964769867,2.4811435772384,2.89466750677814),
 .UNSPECIFIED.);
#48=B_SPLINE_CURVE_WITH_KNOTS('',3,(#11146,#11147,#11148,#11149,#11150,
#11151,#11152,#11153,#11154,#11155),.UNSPECIFIED.,.F.,.F.,(4,2,2,2,4),(0.471467593910995,
0.538754528547701,0.611442314992358,0.684130101437016,0.751417036073722),
 .UNSPECIFIED.);
#49=B_SPLINE_CURVE_WITH_KNOTS('',3,(#11165,#11166,#11167,#11168,#11169,
#11170,#11171,#11172),.UNSPECIFIED.,.F.,.F.,(4,2,2,4),(0.471467593910981,
0.538754528547662,0.611442314992315,0.612479997136687),.UNSPECIFIED.);
#50=B_SPLINE_CURVE_WITH_KNOTS('',3,(#11182,#11183,#11184,#11185,#11186,
#11187),.UNSPECIFIED.,.F.,.F.,(4,2,4),(0.612479997136687,0.684130101436968,
0.75141703607365),.UNSPECIFIED.);
#51=B_SPLINE_CURVE_WITH_KNOTS('',3,(#11235,#11236,#11237,#11238,#11239,
#11240,#11241,#11242),.UNSPECIFIED.,.F.,.F.,(4,1,1,2,4),(0.532900194043523,
0.614729854300917,0.655644684429614,0.737474344687008,0.737921558659326),
 .UNSPECIFIED.);
#52=B_SPLINE_CURVE_WITH_KNOTS('',3,(#11285,#11286,#11287,#11288,#11289,
#11290,#11291,#11292),.UNSPECIFIED.,.F.,.F.,(4,2,1,1,4),(-0.000447213972319114,
0.,0.0409148301286976,0.0818296602573951,0.204574150643488),
 .UNSPECIFIED.);
#53=B_SPLINE_CURVE_WITH_KNOTS('',3,(#11529,#11530,#11531,#11532,#11533,
#11534,#11535,#11536,#11537,#11538,#11539),.UNSPECIFIED.,.F.,.F.,(4,1,1,
1,1,1,1,1,4),(-2.89466750677814,-2.4811435772384,-2.06761964769867,-1.65409571815894,
-1.44733375338907,-1.2405717886192,-0.827047859079468,-0.413523929539734,
0.),.UNSPECIFIED.);
#54=B_SPLINE_CURVE_WITH_KNOTS('',3,(#11541,#11542,#11543,#11544,#11545,
#11546,#11547,#11548,#11549,#11550,#11551),.UNSPECIFIED.,.F.,.F.,(4,1,1,
1,1,1,1,1,4),(0.,0.413523929539734,0.827047859079468,1.2405717886192,1.44733375338907,
1.65409571815894,2.06761964769867,2.4811435772384,2.89466750677814),
 .UNSPECIFIED.);
#55=FACE_BOUND('',#950,.T.);
#56=FACE_BOUND('',#951,.T.);
#57=FACE_BOUND('',#952,.T.);
#58=FACE_BOUND('',#953,.T.);
#59=FACE_BOUND('',#954,.T.);
#60=FACE_BOUND('',#955,.T.);
#61=FACE_BOUND('',#956,.T.);
#62=FACE_BOUND('',#957,.T.);
#63=FACE_BOUND('',#958,.T.);
#64=FACE_BOUND('',#971,.T.);
#65=FACE_BOUND('',#972,.T.);
#66=FACE_BOUND('',#973,.T.);
#67=FACE_BOUND('',#974,.T.);
#68=FACE_BOUND('',#975,.T.);
#69=FACE_BOUND('',#976,.T.);
#70=FACE_BOUND('',#977,.T.);
#71=FACE_BOUND('',#978,.T.);
#72=FACE_BOUND('',#979,.T.);
#73=FACE_BOUND('',#1010,.T.);
#74=FACE_BOUND('',#1014,.T.);
#75=FACE_BOUND('',#1015,.T.);
#76=FACE_BOUND('',#1020,.T.);
#77=FACE_BOUND('',#1024,.T.);
#78=FACE_BOUND('',#1028,.T.);
#79=FACE_BOUND('',#1032,.T.);
#80=FACE_BOUND('',#1036,.T.);
#81=FACE_BOUND('',#1040,.T.);
#82=FACE_BOUND('',#1067,.T.);
#83=FACE_BOUND('',#1068,.T.);
#84=FACE_BOUND('',#1069,.T.);
#85=FACE_BOUND('',#1070,.T.);
#86=FACE_BOUND('',#1071,.T.);
#87=FACE_BOUND('',#1072,.T.);
#88=FACE_BOUND('',#1073,.T.);
#89=FACE_BOUND('',#1074,.T.);
#90=FACE_BOUND('',#1075,.T.);
#91=FACE_BOUND('',#1097,.T.);
#92=FACE_BOUND('',#1098,.T.);
#93=FACE_BOUND('',#1099,.T.);
#94=FACE_BOUND('',#1100,.T.);
#95=FACE_BOUND('',#1101,.T.);
#96=FACE_BOUND('',#1102,.T.);
#97=FACE_BOUND('',#1103,.T.);
#98=FACE_BOUND('',#1104,.T.);
#99=FACE_BOUND('',#1105,.T.);
#100=FACE_BOUND('',#1106,.T.);
#101=FACE_BOUND('',#1116,.T.);
#102=FACE_BOUND('',#1117,.T.);
#103=FACE_BOUND('',#1118,.T.);
#104=FACE_BOUND('',#1119,.T.);
#105=FACE_BOUND('',#1120,.T.);
#106=FACE_BOUND('',#1121,.T.);
#107=FACE_BOUND('',#1122,.T.);
#108=FACE_BOUND('',#1123,.T.);
#109=FACE_BOUND('',#1124,.T.);
#110=FACE_BOUND('',#1126,.T.);
#111=FACE_BOUND('',#1129,.T.);
#112=FACE_BOUND('',#1130,.T.);
#113=FACE_BOUND('',#1131,.T.);
#114=FACE_BOUND('',#1132,.T.);
#115=FACE_BOUND('',#1133,.T.);
#116=FACE_BOUND('',#1134,.T.);
#117=FACE_BOUND('',#1135,.T.);
#118=FACE_BOUND('',#1136,.T.);
#119=FACE_BOUND('',#1137,.T.);
#120=FACE_BOUND('',#1145,.T.);
#121=FACE_BOUND('',#1147,.T.);
#122=FACE_BOUND('',#1155,.T.);
#123=FACE_BOUND('',#1157,.T.);
#124=FACE_BOUND('',#1165,.T.);
#125=FACE_BOUND('',#1167,.T.);
#126=FACE_BOUND('',#1175,.T.);
#127=FACE_BOUND('',#1177,.T.);
#128=FACE_BOUND('',#1225,.T.);
#129=FACE_BOUND('',#1227,.T.);
#130=FACE_BOUND('',#1245,.T.);
#131=FACE_BOUND('',#1247,.T.);
#132=FACE_BOUND('',#1279,.T.);
#133=FACE_BOUND('',#1281,.T.);
#134=TOROIDAL_SURFACE('',#7955,22.375,3.125);
#135=TOROIDAL_SURFACE('',#7961,22.375,3.125);
#136=TOROIDAL_SURFACE('',#7990,22.375,3.125);
#137=TOROIDAL_SURFACE('',#7996,22.375,3.125);
#138=TOROIDAL_SURFACE('',#8081,1.64999999999999,0.35);
#139=TOROIDAL_SURFACE('',#8089,1.64999999999999,0.35);
#140=TOROIDAL_SURFACE('',#8097,1.64999999999999,0.35);
#141=TOROIDAL_SURFACE('',#8105,1.64999999999999,0.35);
#142=TOROIDAL_SURFACE('',#8212,17.75,3.75);
#143=ELLIPSE('',#7953,4.41941738241592,3.125);
#144=ELLIPSE('',#7966,4.41941738241592,3.125);
#145=ELLIPSE('',#7988,4.41941738241592,3.125);
#146=ELLIPSE('',#8001,4.41941738241592,3.125);
#147=ELLIPSE('',#8041,12.0208152801713,8.5);
#148=ELLIPSE('',#8046,12.0208152801713,8.5);
#149=ELLIPSE('',#8050,12.0208152801713,8.5);
#150=ELLIPSE('',#8054,12.0208152801713,8.5);
#151=ELLIPSE('',#8059,12.0208152801713,8.5);
#152=ELLIPSE('',#8064,12.0208152801713,8.5);
#153=ELLIPSE('',#8115,1.41421356237309,1.);
#154=ELLIPSE('',#8117,1.4142135623731,1.);
#155=ELLIPSE('',#8119,1.4142135623731,1.);
#156=ELLIPSE('',#8121,1.4142135623731,1.);
#157=PLANE('',#7915);
#158=PLANE('',#7916);
#159=PLANE('',#7917);
#160=PLANE('',#7918);
#161=PLANE('',#7928);
#162=PLANE('',#7929);
#163=PLANE('',#7930);
#164=PLANE('',#7931);
#165=PLANE('',#7935);
#166=PLANE('',#7936);
#167=PLANE('',#7937);
#168=PLANE('',#7938);
#169=PLANE('',#7945);
#170=PLANE('',#7946);
#171=PLANE('',#7950);
#172=PLANE('',#7951);
#173=PLANE('',#7967);
#174=PLANE('',#7980);
#175=PLANE('',#7981);
#176=PLANE('',#7985);
#177=PLANE('',#7986);
#178=PLANE('',#8002);
#179=PLANE('',#8018);
#180=PLANE('',#8025);
#181=PLANE('',#8032);
#182=PLANE('',#8039);
#183=PLANE('',#8043);
#184=PLANE('',#8044);
#185=PLANE('',#8048);
#186=PLANE('',#8052);
#187=PLANE('',#8056);
#188=PLANE('',#8057);
#189=PLANE('',#8061);
#190=PLANE('',#8062);
#191=PLANE('',#8066);
#192=PLANE('',#8067);
#193=PLANE('',#8068);
#194=PLANE('',#8069);
#195=PLANE('',#8071);
#196=PLANE('',#8072);
#197=PLANE('',#8073);
#198=PLANE('',#8074);
#199=PLANE('',#8075);
#200=PLANE('',#8076);
#201=PLANE('',#8077);
#202=PLANE('',#8078);
#203=PLANE('',#8079);
#204=PLANE('',#8080);
#205=PLANE('',#8087);
#206=PLANE('',#8095);
#207=PLANE('',#8103);
#208=PLANE('',#8111);
#209=PLANE('',#8126);
#210=PLANE('',#8127);
#211=PLANE('',#8137);
#212=PLANE('',#8139);
#213=PLANE('',#8141);
#214=PLANE('',#8142);
#215=PLANE('',#8145);
#216=PLANE('',#8150);
#217=PLANE('',#8156);
#218=PLANE('',#8159);
#219=PLANE('',#8174);
#220=PLANE('',#8202);
#221=PLANE('',#8203);
#222=PLANE('',#8206);
#223=PLANE('',#8215);
#224=PLANE('',#8216);
#225=PLANE('',#8217);
#226=PLANE('',#8220);
#227=PLANE('',#8221);
#228=PLANE('',#8222);
#229=PLANE('',#8223);
#230=PLANE('',#8224);
#231=PLANE('',#8225);
#232=PLANE('',#8226);
#233=PLANE('',#8227);
#234=PLANE('',#8228);
#235=PLANE('',#8229);
#236=PLANE('',#8230);
#237=PLANE('',#8231);
#238=PLANE('',#8232);
#239=PLANE('',#8233);
#240=PLANE('',#8234);
#241=PLANE('',#8235);
#242=PLANE('',#8236);
#243=PLANE('',#8237);
#244=PLANE('',#8238);
#245=PLANE('',#8239);
#246=PLANE('',#8240);
#247=PLANE('',#8241);
#248=PLANE('',#8242);
#249=PLANE('',#8243);
#250=PLANE('',#8244);
#251=PLANE('',#8245);
#252=PLANE('',#8246);
#253=PLANE('',#8247);
#254=PLANE('',#8248);
#255=PLANE('',#8249);
#256=PLANE('',#8250);
#257=PLANE('',#8251);
#258=PLANE('',#8252);
#259=PLANE('',#8253);
#260=PLANE('',#8254);
#261=PLANE('',#8255);
#262=PLANE('',#8256);
#263=PLANE('',#8257);
#264=PLANE('',#8258);
#265=PLANE('',#8259);
#266=PLANE('',#8260);
#267=PLANE('',#8261);
#268=PLANE('',#8262);
#269=PLANE('',#8263);
#270=PLANE('',#8264);
#271=PLANE('',#8265);
#272=PLANE('',#8266);
#273=PLANE('',#8267);
#274=PLANE('',#8268);
#275=PLANE('',#8269);
#276=PLANE('',#8270);
#277=PLANE('',#8271);
#278=PLANE('',#8272);
#279=PLANE('',#8273);
#280=PLANE('',#8274);
#281=PLANE('',#8275);
#282=PLANE('',#8276);
#283=PLANE('',#8277);
#284=PLANE('',#8278);
#285=PLANE('',#8279);
#286=PLANE('',#8280);
#287=PLANE('',#8281);
#288=PLANE('',#8282);
#289=PLANE('',#8283);
#290=PLANE('',#8284);
#291=PLANE('',#8285);
#292=PLANE('',#8286);
#293=PLANE('',#8287);
#294=PLANE('',#8288);
#295=PLANE('',#8289);
#296=PLANE('',#8290);
#297=PLANE('',#8291);
#298=PLANE('',#8292);
#299=PLANE('',#8293);
#300=PLANE('',#8294);
#301=PLANE('',#8295);
#302=PLANE('',#8296);
#303=PLANE('',#8297);
#304=PLANE('',#8298);
#305=PLANE('',#8299);
#306=PLANE('',#8300);
#307=PLANE('',#8301);
#308=PLANE('',#8302);
#309=PLANE('',#8303);
#310=PLANE('',#8304);
#311=PLANE('',#8305);
#312=PLANE('',#8306);
#313=PLANE('',#8307);
#314=PLANE('',#8308);
#315=PLANE('',#8309);
#316=PLANE('',#8310);
#317=PLANE('',#8311);
#318=PLANE('',#8312);
#319=PLANE('',#8313);
#320=PLANE('',#8314);
#321=PLANE('',#8315);
#322=PLANE('',#8316);
#323=PLANE('',#8317);
#324=PLANE('',#8318);
#325=PLANE('',#8319);
#326=PLANE('',#8320);
#327=PLANE('',#8321);
#328=PLANE('',#8322);
#329=PLANE('',#8323);
#330=PLANE('',#8324);
#331=PLANE('',#8325);
#332=PLANE('',#8326);
#333=PLANE('',#8327);
#334=PLANE('',#8328);
#335=PLANE('',#8329);
#336=PLANE('',#8330);
#337=PLANE('',#8331);
#338=PLANE('',#8332);
#339=PLANE('',#8333);
#340=PLANE('',#8334);
#341=PLANE('',#8335);
#342=PLANE('',#8336);
#343=PLANE('',#8337);
#344=PLANE('',#8338);
#345=PLANE('',#8339);
#346=PLANE('',#8340);
#347=PLANE('',#8341);
#348=PLANE('',#8342);
#349=PLANE('',#8343);
#350=PLANE('',#8344);
#351=PLANE('',#8345);
#352=PLANE('',#8346);
#353=PLANE('',#8347);
#354=PLANE('',#8348);
#355=PLANE('',#8349);
#356=PLANE('',#8350);
#357=PLANE('',#8351);
#358=PLANE('',#8352);
#359=PLANE('',#8353);
#360=PLANE('',#8354);
#361=PLANE('',#8355);
#362=PLANE('',#8356);
#363=PLANE('',#8357);
#364=PLANE('',#8358);
#365=PLANE('',#8359);
#366=PLANE('',#8360);
#367=PLANE('',#8361);
#368=PLANE('',#8362);
#369=PLANE('',#8363);
#370=PLANE('',#8364);
#371=PLANE('',#8365);
#372=PLANE('',#8366);
#373=PLANE('',#8367);
#374=PLANE('',#8368);
#375=PLANE('',#8369);
#376=PLANE('',#8370);
#377=PLANE('',#8371);
#378=PLANE('',#8372);
#379=PLANE('',#8373);
#380=PLANE('',#8374);
#381=PLANE('',#8375);
#382=PLANE('',#8376);
#383=PLANE('',#8377);
#384=PLANE('',#8378);
#385=PLANE('',#8379);
#386=PLANE('',#8380);
#387=PLANE('',#8381);
#388=PLANE('',#8382);
#389=PLANE('',#8383);
#390=PLANE('',#8384);
#391=PLANE('',#8385);
#392=PLANE('',#8386);
#393=PLANE('',#8387);
#394=PLANE('',#8388);
#395=PLANE('',#8389);
#396=PLANE('',#8390);
#397=PLANE('',#8391);
#398=PLANE('',#8392);
#399=PLANE('',#8393);
#400=PLANE('',#8394);
#401=PLANE('',#8395);
#402=PLANE('',#8396);
#403=PLANE('',#8397);
#404=PLANE('',#8398);
#405=PLANE('',#8399);
#406=PLANE('',#8400);
#407=PLANE('',#8401);
#408=PLANE('',#8402);
#409=PLANE('',#8403);
#410=PLANE('',#8404);
#411=PLANE('',#8405);
#412=PLANE('',#8406);
#413=PLANE('',#8407);
#414=PLANE('',#8408);
#415=PLANE('',#8409);
#416=PLANE('',#8410);
#417=PLANE('',#8411);
#418=PLANE('',#8412);
#419=PLANE('',#8413);
#420=PLANE('',#8414);
#421=PLANE('',#8415);
#422=PLANE('',#8416);
#423=PLANE('',#8417);
#424=PLANE('',#8418);
#425=PLANE('',#8419);
#426=PLANE('',#8420);
#427=PLANE('',#8421);
#428=PLANE('',#8422);
#429=PLANE('',#8423);
#430=PLANE('',#8424);
#431=PLANE('',#8425);
#432=PLANE('',#8426);
#433=PLANE('',#8427);
#434=PLANE('',#8428);
#435=PLANE('',#8429);
#436=PLANE('',#8430);
#437=PLANE('',#8431);
#438=PLANE('',#8432);
#439=PLANE('',#8433);
#440=PLANE('',#8434);
#441=PLANE('',#8435);
#442=PLANE('',#8436);
#443=PLANE('',#8437);
#444=PLANE('',#8438);
#445=PLANE('',#8439);
#446=PLANE('',#8440);
#447=PLANE('',#8441);
#448=PLANE('',#8442);
#449=PLANE('',#8443);
#450=PLANE('',#8444);
#451=PLANE('',#8445);
#452=PLANE('',#8446);
#453=PLANE('',#8447);
#454=PLANE('',#8448);
#455=PLANE('',#8449);
#456=PLANE('',#8450);
#457=PLANE('',#8451);
#458=PLANE('',#8452);
#459=PLANE('',#8453);
#460=PLANE('',#8454);
#461=PLANE('',#8455);
#462=PLANE('',#8456);
#463=PLANE('',#8457);
#464=PLANE('',#8458);
#465=PLANE('',#8459);
#466=PLANE('',#8460);
#467=PLANE('',#8461);
#468=PLANE('',#8462);
#469=PLANE('',#8463);
#470=PLANE('',#8464);
#471=PLANE('',#8465);
#472=PLANE('',#8466);
#473=PLANE('',#8467);
#474=PLANE('',#8468);
#475=PLANE('',#8469);
#476=PLANE('',#8470);
#477=PLANE('',#8471);
#478=PLANE('',#8472);
#479=PLANE('',#8473);
#480=PLANE('',#8474);
#481=PLANE('',#8475);
#482=PLANE('',#8476);
#483=PLANE('',#8477);
#484=PLANE('',#8478);
#485=PLANE('',#8479);
#486=PLANE('',#8480);
#487=PLANE('',#8481);
#488=PLANE('',#8482);
#489=PLANE('',#8483);
#490=PLANE('',#8484);
#491=PLANE('',#8485);
#492=PLANE('',#8486);
#493=PLANE('',#8487);
#494=PLANE('',#8488);
#495=PLANE('',#8489);
#496=PLANE('',#8490);
#497=FACE_OUTER_BOUND('',#920,.T.);
#498=FACE_OUTER_BOUND('',#921,.T.);
#499=FACE_OUTER_BOUND('',#922,.T.);
#500=FACE_OUTER_BOUND('',#923,.T.);
#501=FACE_OUTER_BOUND('',#924,.T.);
#502=FACE_OUTER_BOUND('',#925,.T.);
#503=FACE_OUTER_BOUND('',#926,.T.);
#504=FACE_OUTER_BOUND('',#927,.T.);
#505=FACE_OUTER_BOUND('',#928,.T.);
#506=FACE_OUTER_BOUND('',#929,.T.);
#507=FACE_OUTER_BOUND('',#930,.T.);
#508=FACE_OUTER_BOUND('',#931,.T.);
#509=FACE_OUTER_BOUND('',#932,.T.);
#510=FACE_OUTER_BOUND('',#933,.T.);
#511=FACE_OUTER_BOUND('',#934,.T.);
#512=FACE_OUTER_BOUND('',#935,.T.);
#513=FACE_OUTER_BOUND('',#936,.T.);
#514=FACE_OUTER_BOUND('',#937,.T.);
#515=FACE_OUTER_BOUND('',#938,.T.);
#516=FACE_OUTER_BOUND('',#939,.T.);
#517=FACE_OUTER_BOUND('',#940,.T.);
#518=FACE_OUTER_BOUND('',#941,.T.);
#519=FACE_OUTER_BOUND('',#942,.T.);
#520=FACE_OUTER_BOUND('',#943,.T.);
#521=FACE_OUTER_BOUND('',#944,.T.);
#522=FACE_OUTER_BOUND('',#945,.T.);
#523=FACE_OUTER_BOUND('',#946,.T.);
#524=FACE_OUTER_BOUND('',#947,.T.);
#525=FACE_OUTER_BOUND('',#948,.T.);
#526=FACE_OUTER_BOUND('',#949,.T.);
#527=FACE_OUTER_BOUND('',#959,.T.);
#528=FACE_OUTER_BOUND('',#960,.T.);
#529=FACE_OUTER_BOUND('',#961,.T.);
#530=FACE_OUTER_BOUND('',#962,.T.);
#531=FACE_OUTER_BOUND('',#963,.T.);
#532=FACE_OUTER_BOUND('',#964,.T.);
#533=FACE_OUTER_BOUND('',#965,.T.);
#534=FACE_OUTER_BOUND('',#966,.T.);
#535=FACE_OUTER_BOUND('',#967,.T.);
#536=FACE_OUTER_BOUND('',#968,.T.);
#537=FACE_OUTER_BOUND('',#969,.T.);
#538=FACE_OUTER_BOUND('',#970,.T.);
#539=FACE_OUTER_BOUND('',#980,.T.);
#540=FACE_OUTER_BOUND('',#981,.T.);
#541=FACE_OUTER_BOUND('',#982,.T.);
#542=FACE_OUTER_BOUND('',#983,.T.);
#543=FACE_OUTER_BOUND('',#984,.T.);
#544=FACE_OUTER_BOUND('',#985,.T.);
#545=FACE_OUTER_BOUND('',#986,.T.);
#546=FACE_OUTER_BOUND('',#987,.T.);
#547=FACE_OUTER_BOUND('',#988,.T.);
#548=FACE_OUTER_BOUND('',#989,.T.);
#549=FACE_OUTER_BOUND('',#990,.T.);
#550=FACE_OUTER_BOUND('',#991,.T.);
#551=FACE_OUTER_BOUND('',#992,.T.);
#552=FACE_OUTER_BOUND('',#993,.T.);
#553=FACE_OUTER_BOUND('',#994,.T.);
#554=FACE_OUTER_BOUND('',#995,.T.);
#555=FACE_OUTER_BOUND('',#996,.T.);
#556=FACE_OUTER_BOUND('',#997,.T.);
#557=FACE_OUTER_BOUND('',#998,.T.);
#558=FACE_OUTER_BOUND('',#999,.T.);
#559=FACE_OUTER_BOUND('',#1000,.T.);
#560=FACE_OUTER_BOUND('',#1001,.T.);
#561=FACE_OUTER_BOUND('',#1002,.T.);
#562=FACE_OUTER_BOUND('',#1003,.T.);
#563=FACE_OUTER_BOUND('',#1004,.T.);
#564=FACE_OUTER_BOUND('',#1005,.T.);
#565=FACE_OUTER_BOUND('',#1006,.T.);
#566=FACE_OUTER_BOUND('',#1007,.T.);
#567=FACE_OUTER_BOUND('',#1008,.T.);
#568=FACE_OUTER_BOUND('',#1009,.T.);
#569=FACE_OUTER_BOUND('',#1011,.T.);
#570=FACE_OUTER_BOUND('',#1012,.T.);
#571=FACE_OUTER_BOUND('',#1013,.T.);
#572=FACE_OUTER_BOUND('',#1016,.T.);
#573=FACE_OUTER_BOUND('',#1017,.T.);
#574=FACE_OUTER_BOUND('',#1018,.T.);
#575=FACE_OUTER_BOUND('',#1019,.T.);
#576=FACE_OUTER_BOUND('',#1021,.T.);
#577=FACE_OUTER_BOUND('',#1022,.T.);
#578=FACE_OUTER_BOUND('',#1023,.T.);
#579=FACE_OUTER_BOUND('',#1025,.T.);
#580=FACE_OUTER_BOUND('',#1026,.T.);
#581=FACE_OUTER_BOUND('',#1027,.T.);
#582=FACE_OUTER_BOUND('',#1029,.T.);
#583=FACE_OUTER_BOUND('',#1030,.T.);
#584=FACE_OUTER_BOUND('',#1031,.T.);
#585=FACE_OUTER_BOUND('',#1033,.T.);
#586=FACE_OUTER_BOUND('',#1034,.T.);
#587=FACE_OUTER_BOUND('',#1035,.T.);
#588=FACE_OUTER_BOUND('',#1037,.T.);
#589=FACE_OUTER_BOUND('',#1038,.T.);
#590=FACE_OUTER_BOUND('',#1039,.T.);
#591=FACE_OUTER_BOUND('',#1041,.T.);
#592=FACE_OUTER_BOUND('',#1042,.T.);
#593=FACE_OUTER_BOUND('',#1043,.T.);
#594=FACE_OUTER_BOUND('',#1044,.T.);
#595=FACE_OUTER_BOUND('',#1045,.T.);
#596=FACE_OUTER_BOUND('',#1046,.T.);
#597=FACE_OUTER_BOUND('',#1047,.T.);
#598=FACE_OUTER_BOUND('',#1048,.T.);
#599=FACE_OUTER_BOUND('',#1049,.T.);
#600=FACE_OUTER_BOUND('',#1050,.T.);
#601=FACE_OUTER_BOUND('',#1051,.T.);
#602=FACE_OUTER_BOUND('',#1052,.T.);
#603=FACE_OUTER_BOUND('',#1053,.T.);
#604=FACE_OUTER_BOUND('',#1054,.T.);
#605=FACE_OUTER_BOUND('',#1055,.T.);
#606=FACE_OUTER_BOUND('',#1056,.T.);
#607=FACE_OUTER_BOUND('',#1057,.T.);
#608=FACE_OUTER_BOUND('',#1058,.T.);
#609=FACE_OUTER_BOUND('',#1059,.T.);
#610=FACE_OUTER_BOUND('',#1060,.T.);
#611=FACE_OUTER_BOUND('',#1061,.T.);
#612=FACE_OUTER_BOUND('',#1062,.T.);
#613=FACE_OUTER_BOUND('',#1063,.T.);
#614=FACE_OUTER_BOUND('',#1064,.T.);
#615=FACE_OUTER_BOUND('',#1065,.T.);
#616=FACE_OUTER_BOUND('',#1066,.T.);
#617=FACE_OUTER_BOUND('',#1076,.T.);
#618=FACE_OUTER_BOUND('',#1077,.T.);
#619=FACE_OUTER_BOUND('',#1078,.T.);
#620=FACE_OUTER_BOUND('',#1079,.T.);
#621=FACE_OUTER_BOUND('',#1080,.T.);
#622=FACE_OUTER_BOUND('',#1081,.T.);
#623=FACE_OUTER_BOUND('',#1082,.T.);
#624=FACE_OUTER_BOUND('',#1083,.T.);
#625=FACE_OUTER_BOUND('',#1084,.T.);
#626=FACE_OUTER_BOUND('',#1085,.T.);
#627=FACE_OUTER_BOUND('',#1086,.T.);
#628=FACE_OUTER_BOUND('',#1087,.T.);
#629=FACE_OUTER_BOUND('',#1088,.T.);
#630=FACE_OUTER_BOUND('',#1089,.T.);
#631=FACE_OUTER_BOUND('',#1090,.T.);
#632=FACE_OUTER_BOUND('',#1091,.T.);
#633=FACE_OUTER_BOUND('',#1092,.T.);
#634=FACE_OUTER_BOUND('',#1093,.T.);
#635=FACE_OUTER_BOUND('',#1094,.T.);
#636=FACE_OUTER_BOUND('',#1095,.T.);
#637=FACE_OUTER_BOUND('',#1096,.T.);
#638=FACE_OUTER_BOUND('',#1107,.T.);
#639=FACE_OUTER_BOUND('',#1108,.T.);
#640=FACE_OUTER_BOUND('',#1109,.T.);
#641=FACE_OUTER_BOUND('',#1110,.T.);
#642=FACE_OUTER_BOUND('',#1111,.T.);
#643=FACE_OUTER_BOUND('',#1112,.T.);
#644=FACE_OUTER_BOUND('',#1113,.T.);
#645=FACE_OUTER_BOUND('',#1114,.T.);
#646=FACE_OUTER_BOUND('',#1115,.T.);
#647=FACE_OUTER_BOUND('',#1125,.T.);
#648=FACE_OUTER_BOUND('',#1127,.T.);
#649=FACE_OUTER_BOUND('',#1128,.T.);
#650=FACE_OUTER_BOUND('',#1138,.T.);
#651=FACE_OUTER_BOUND('',#1139,.T.);
#652=FACE_OUTER_BOUND('',#1140,.T.);
#653=FACE_OUTER_BOUND('',#1141,.T.);
#654=FACE_OUTER_BOUND('',#1142,.T.);
#655=FACE_OUTER_BOUND('',#1143,.T.);
#656=FACE_OUTER_BOUND('',#1144,.T.);
#657=FACE_OUTER_BOUND('',#1146,.T.);
#658=FACE_OUTER_BOUND('',#1148,.T.);
#659=FACE_OUTER_BOUND('',#1149,.T.);
#660=FACE_OUTER_BOUND('',#1150,.T.);
#661=FACE_OUTER_BOUND('',#1151,.T.);
#662=FACE_OUTER_BOUND('',#1152,.T.);
#663=FACE_OUTER_BOUND('',#1153,.T.);
#664=FACE_OUTER_BOUND('',#1154,.T.);
#665=FACE_OUTER_BOUND('',#1156,.T.);
#666=FACE_OUTER_BOUND('',#1158,.T.);
#667=FACE_OUTER_BOUND('',#1159,.T.);
#668=FACE_OUTER_BOUND('',#1160,.T.);
#669=FACE_OUTER_BOUND('',#1161,.T.);
#670=FACE_OUTER_BOUND('',#1162,.T.);
#671=FACE_OUTER_BOUND('',#1163,.T.);
#672=FACE_OUTER_BOUND('',#1164,.T.);
#673=FACE_OUTER_BOUND('',#1166,.T.);
#674=FACE_OUTER_BOUND('',#1168,.T.);
#675=FACE_OUTER_BOUND('',#1169,.T.);
#676=FACE_OUTER_BOUND('',#1170,.T.);
#677=FACE_OUTER_BOUND('',#1171,.T.);
#678=FACE_OUTER_BOUND('',#1172,.T.);
#679=FACE_OUTER_BOUND('',#1173,.T.);
#680=FACE_OUTER_BOUND('',#1174,.T.);
#681=FACE_OUTER_BOUND('',#1176,.T.);
#682=FACE_OUTER_BOUND('',#1178,.T.);
#683=FACE_OUTER_BOUND('',#1179,.T.);
#684=FACE_OUTER_BOUND('',#1180,.T.);
#685=FACE_OUTER_BOUND('',#1181,.T.);
#686=FACE_OUTER_BOUND('',#1182,.T.);
#687=FACE_OUTER_BOUND('',#1183,.T.);
#688=FACE_OUTER_BOUND('',#1184,.T.);
#689=FACE_OUTER_BOUND('',#1185,.T.);
#690=FACE_OUTER_BOUND('',#1186,.T.);
#691=FACE_OUTER_BOUND('',#1187,.T.);
#692=FACE_OUTER_BOUND('',#1188,.T.);
#693=FACE_OUTER_BOUND('',#1189,.T.);
#694=FACE_OUTER_BOUND('',#1190,.T.);
#695=FACE_OUTER_BOUND('',#1191,.T.);
#696=FACE_OUTER_BOUND('',#1192,.T.);
#697=FACE_OUTER_BOUND('',#1193,.T.);
#698=FACE_OUTER_BOUND('',#1194,.T.);
#699=FACE_OUTER_BOUND('',#1195,.T.);
#700=FACE_OUTER_BOUND('',#1196,.T.);
#701=FACE_OUTER_BOUND('',#1197,.T.);
#702=FACE_OUTER_BOUND('',#1198,.T.);
#703=FACE_OUTER_BOUND('',#1199,.T.);
#704=FACE_OUTER_BOUND('',#1200,.T.);
#705=FACE_OUTER_BOUND('',#1201,.T.);
#706=FACE_OUTER_BOUND('',#1202,.T.);
#707=FACE_OUTER_BOUND('',#1203,.T.);
#708=FACE_OUTER_BOUND('',#1204,.T.);
#709=FACE_OUTER_BOUND('',#1205,.T.);
#710=FACE_OUTER_BOUND('',#1206,.T.);
#711=FACE_OUTER_BOUND('',#1207,.T.);
#712=FACE_OUTER_BOUND('',#1208,.T.);
#713=FACE_OUTER_BOUND('',#1209,.T.);
#714=FACE_OUTER_BOUND('',#1210,.T.);
#715=FACE_OUTER_BOUND('',#1211,.T.);
#716=FACE_OUTER_BOUND('',#1212,.T.);
#717=FACE_OUTER_BOUND('',#1213,.T.);
#718=FACE_OUTER_BOUND('',#1214,.T.);
#719=FACE_OUTER_BOUND('',#1215,.T.);
#720=FACE_OUTER_BOUND('',#1216,.T.);
#721=FACE_OUTER_BOUND('',#1217,.T.);
#722=FACE_OUTER_BOUND('',#1218,.T.);
#723=FACE_OUTER_BOUND('',#1219,.T.);
#724=FACE_OUTER_BOUND('',#1220,.T.);
#725=FACE_OUTER_BOUND('',#1221,.T.);
#726=FACE_OUTER_BOUND('',#1222,.T.);
#727=FACE_OUTER_BOUND('',#1223,.T.);
#728=FACE_OUTER_BOUND('',#1224,.T.);
#729=FACE_OUTER_BOUND('',#1226,.T.);
#730=FACE_OUTER_BOUND('',#1228,.T.);
#731=FACE_OUTER_BOUND('',#1229,.T.);
#732=FACE_OUTER_BOUND('',#1230,.T.);
#733=FACE_OUTER_BOUND('',#1231,.T.);
#734=FACE_OUTER_BOUND('',#1232,.T.);
#735=FACE_OUTER_BOUND('',#1233,.T.);
#736=FACE_OUTER_BOUND('',#1234,.T.);
#737=FACE_OUTER_BOUND('',#1235,.T.);
#738=FACE_OUTER_BOUND('',#1236,.T.);
#739=FACE_OUTER_BOUND('',#1237,.T.);
#740=FACE_OUTER_BOUND('',#1238,.T.);
#741=FACE_OUTER_BOUND('',#1239,.T.);
#742=FACE_OUTER_BOUND('',#1240,.T.);
#743=FACE_OUTER_BOUND('',#1241,.T.);
#744=FACE_OUTER_BOUND('',#1242,.T.);
#745=FACE_OUTER_BOUND('',#1243,.T.);
#746=FACE_OUTER_BOUND('',#1244,.T.);
#747=FACE_OUTER_BOUND('',#1246,.T.);
#748=FACE_OUTER_BOUND('',#1248,.T.);
#749=FACE_OUTER_BOUND('',#1249,.T.);
#750=FACE_OUTER_BOUND('',#1250,.T.);
#751=FACE_OUTER_BOUND('',#1251,.T.);
#752=FACE_OUTER_BOUND('',#1252,.T.);
#753=FACE_OUTER_BOUND('',#1253,.T.);
#754=FACE_OUTER_BOUND('',#1254,.T.);
#755=FACE_OUTER_BOUND('',#1255,.T.);
#756=FACE_OUTER_BOUND('',#1256,.T.);
#757=FACE_OUTER_BOUND('',#1257,.T.);
#758=FACE_OUTER_BOUND('',#1258,.T.);
#759=FACE_OUTER_BOUND('',#1259,.T.);
#760=FACE_OUTER_BOUND('',#1260,.T.);
#761=FACE_OUTER_BOUND('',#1261,.T.);
#762=FACE_OUTER_BOUND('',#1262,.T.);
#763=FACE_OUTER_BOUND('',#1263,.T.);
#764=FACE_OUTER_BOUND('',#1264,.T.);
#765=FACE_OUTER_BOUND('',#1265,.T.);
#766=FACE_OUTER_BOUND('',#1266,.T.);
#767=FACE_OUTER_BOUND('',#1267,.T.);
#768=FACE_OUTER_BOUND('',#1268,.T.);
#769=FACE_OUTER_BOUND('',#1269,.T.);
#770=FACE_OUTER_BOUND('',#1270,.T.);
#771=FACE_OUTER_BOUND('',#1271,.T.);
#772=FACE_OUTER_BOUND('',#1272,.T.);
#773=FACE_OUTER_BOUND('',#1273,.T.);
#774=FACE_OUTER_BOUND('',#1274,.T.);
#775=FACE_OUTER_BOUND('',#1275,.T.);
#776=FACE_OUTER_BOUND('',#1276,.T.);
#777=FACE_OUTER_BOUND('',#1277,.T.);
#778=FACE_OUTER_BOUND('',#1278,.T.);
#779=FACE_OUTER_BOUND('',#1280,.T.);
#780=FACE_OUTER_BOUND('',#1282,.T.);
#781=FACE_OUTER_BOUND('',#1283,.T.);
#782=FACE_OUTER_BOUND('',#1284,.T.);
#783=FACE_OUTER_BOUND('',#1285,.T.);
#784=FACE_OUTER_BOUND('',#1286,.T.);
#785=FACE_OUTER_BOUND('',#1287,.T.);
#786=FACE_OUTER_BOUND('',#1288,.T.);
#787=FACE_OUTER_BOUND('',#1289,.T.);
#788=FACE_OUTER_BOUND('',#1290,.T.);
#789=FACE_OUTER_BOUND('',#1291,.T.);
#790=FACE_OUTER_BOUND('',#1292,.T.);
#791=FACE_OUTER_BOUND('',#1293,.T.);
#792=FACE_OUTER_BOUND('',#1294,.T.);
#793=FACE_OUTER_BOUND('',#1295,.T.);
#794=FACE_OUTER_BOUND('',#1296,.T.);
#795=FACE_OUTER_BOUND('',#1297,.T.);
#796=FACE_OUTER_BOUND('',#1298,.T.);
#797=FACE_OUTER_BOUND('',#1299,.T.);
#798=FACE_OUTER_BOUND('',#1300,.T.);
#799=FACE_OUTER_BOUND('',#1301,.T.);
#800=FACE_OUTER_BOUND('',#1302,.T.);
#801=FACE_OUTER_BOUND('',#1303,.T.);
#802=FACE_OUTER_BOUND('',#1304,.T.);
#803=FACE_OUTER_BOUND('',#1305,.T.);
#804=FACE_OUTER_BOUND('',#1306,.T.);
#805=FACE_OUTER_BOUND('',#1307,.T.);
#806=FACE_OUTER_BOUND('',#1308,.T.);
#807=FACE_OUTER_BOUND('',#1309,.T.);
#808=FACE_OUTER_BOUND('',#1310,.T.);
#809=FACE_OUTER_BOUND('',#1311,.T.);
#810=FACE_OUTER_BOUND('',#1312,.T.);
#811=FACE_OUTER_BOUND('',#1313,.T.);
#812=FACE_OUTER_BOUND('',#1314,.T.);
#813=FACE_OUTER_BOUND('',#1315,.T.);
#814=FACE_OUTER_BOUND('',#1316,.T.);
#815=FACE_OUTER_BOUND('',#1317,.T.);
#816=FACE_OUTER_BOUND('',#1318,.T.);
#817=FACE_OUTER_BOUND('',#1319,.T.);
#818=FACE_OUTER_BOUND('',#1320,.T.);
#819=FACE_OUTER_BOUND('',#1321,.T.);
#820=FACE_OUTER_BOUND('',#1322,.T.);
#821=FACE_OUTER_BOUND('',#1323,.T.);
#822=FACE_OUTER_BOUND('',#1324,.T.);
#823=FACE_OUTER_BOUND('',#1325,.T.);
#824=FACE_OUTER_BOUND('',#1326,.T.);
#825=FACE_OUTER_BOUND('',#1327,.T.);
#826=FACE_OUTER_BOUND('',#1328,.T.);
#827=FACE_OUTER_BOUND('',#1329,.T.);
#828=FACE_OUTER_BOUND('',#1330,.T.);
#829=FACE_OUTER_BOUND('',#1331,.T.);
#830=FACE_OUTER_BOUND('',#1332,.T.);
#831=FACE_OUTER_BOUND('',#1333,.T.);
#832=FACE_OUTER_BOUND('',#1334,.T.);
#833=FACE_OUTER_BOUND('',#1335,.T.);
#834=FACE_OUTER_BOUND('',#1336,.T.);
#835=FACE_OUTER_BOUND('',#1337,.T.);
#836=FACE_OUTER_BOUND('',#1338,.T.);
#837=FACE_OUTER_BOUND('',#1339,.T.);
#838=FACE_OUTER_BOUND('',#1340,.T.);
#839=FACE_OUTER_BOUND('',#1341,.T.);
#840=FACE_OUTER_BOUND('',#1342,.T.);
#841=FACE_OUTER_BOUND('',#1343,.T.);
#842=FACE_OUTER_BOUND('',#1344,.T.);
#843=FACE_OUTER_BOUND('',#1345,.T.);
#844=FACE_OUTER_BOUND('',#1346,.T.);
#845=FACE_OUTER_BOUND('',#1347,.T.);
#846=FACE_OUTER_BOUND('',#1348,.T.);
#847=FACE_OUTER_BOUND('',#1349,.T.);
#848=FACE_OUTER_BOUND('',#1350,.T.);
#849=FACE_OUTER_BOUND('',#1351,.T.);
#850=FACE_OUTER_BOUND('',#1352,.T.);
#851=FACE_OUTER_BOUND('',#1353,.T.);
#852=FACE_OUTER_BOUND('',#1354,.T.);
#853=FACE_OUTER_BOUND('',#1355,.T.);
#854=FACE_OUTER_BOUND('',#1356,.T.);
#855=FACE_OUTER_BOUND('',#1357,.T.);
#856=FACE_OUTER_BOUND('',#1358,.T.);
#857=FACE_OUTER_BOUND('',#1359,.T.);
#858=FACE_OUTER_BOUND('',#1360,.T.);
#859=FACE_OUTER_BOUND('',#1361,.T.);
#860=FACE_OUTER_BOUND('',#1362,.T.);
#861=FACE_OUTER_BOUND('',#1363,.T.);
#862=FACE_OUTER_BOUND('',#1364,.T.);
#863=FACE_OUTER_BOUND('',#1365,.T.);
#864=FACE_OUTER_BOUND('',#1366,.T.);
#865=FACE_OUTER_BOUND('',#1367,.T.);
#866=FACE_OUTER_BOUND('',#1368,.T.);
#867=FACE_OUTER_BOUND('',#1369,.T.);
#868=FACE_OUTER_BOUND('',#1370,.T.);
#869=FACE_OUTER_BOUND('',#1371,.T.);
#870=FACE_OUTER_BOUND('',#1372,.T.);
#871=FACE_OUTER_BOUND('',#1373,.T.);
#872=FACE_OUTER_BOUND('',#1374,.T.);
#873=FACE_OUTER_BOUND('',#1375,.T.);
#874=FACE_OUTER_BOUND('',#1376,.T.);
#875=FACE_OUTER_BOUND('',#1377,.T.);
#876=FACE_OUTER_BOUND('',#1378,.T.);
#877=FACE_OUTER_BOUND('',#1379,.T.);
#878=FACE_OUTER_BOUND('',#1380,.T.);
#879=FACE_OUTER_BOUND('',#1381,.T.);
#880=FACE_OUTER_BOUND('',#1382,.T.);
#881=FACE_OUTER_BOUND('',#1383,.T.);
#882=FACE_OUTER_BOUND('',#1384,.T.);
#883=FACE_OUTER_BOUND('',#1385,.T.);
#884=FACE_OUTER_BOUND('',#1386,.T.);
#885=FACE_OUTER_BOUND('',#1387,.T.);
#886=FACE_OUTER_BOUND('',#1388,.T.);
#887=FACE_OUTER_BOUND('',#1389,.T.);
#888=FACE_OUTER_BOUND('',#1390,.T.);
#889=FACE_OUTER_BOUND('',#1391,.T.);
#890=FACE_OUTER_BOUND('',#1392,.T.);
#891=FACE_OUTER_BOUND('',#1393,.T.);
#892=FACE_OUTER_BOUND('',#1394,.T.);
#893=FACE_OUTER_BOUND('',#1395,.T.);
#894=FACE_OUTER_BOUND('',#1396,.T.);
#895=FACE_OUTER_BOUND('',#1397,.T.);
#896=FACE_OUTER_BOUND('',#1398,.T.);
#897=FACE_OUTER_BOUND('',#1399,.T.);
#898=FACE_OUTER_BOUND('',#1400,.T.);
#899=FACE_OUTER_BOUND('',#1401,.T.);
#900=FACE_OUTER_BOUND('',#1402,.T.);
#901=FACE_OUTER_BOUND('',#1403,.T.);
#902=FACE_OUTER_BOUND('',#1404,.T.);
#903=FACE_OUTER_BOUND('',#1405,.T.);
#904=FACE_OUTER_BOUND('',#1406,.T.);
#905=FACE_OUTER_BOUND('',#1407,.T.);
#906=FACE_OUTER_BOUND('',#1408,.T.);
#907=FACE_OUTER_BOUND('',#1409,.T.);
#908=FACE_OUTER_BOUND('',#1410,.T.);
#909=FACE_OUTER_BOUND('',#1411,.T.);
#910=FACE_OUTER_BOUND('',#1412,.T.);
#911=FACE_OUTER_BOUND('',#1413,.T.);
#912=FACE_OUTER_BOUND('',#1414,.T.);
#913=FACE_OUTER_BOUND('',#1415,.T.);
#914=FACE_OUTER_BOUND('',#1416,.T.);
#915=FACE_OUTER_BOUND('',#1417,.T.);
#916=FACE_OUTER_BOUND('',#1418,.T.);
#917=FACE_OUTER_BOUND('',#1419,.T.);
#918=FACE_OUTER_BOUND('',#1420,.T.);
#919=FACE_OUTER_BOUND('',#1421,.T.);
#920=EDGE_LOOP('',(#5213,#5214,#5215,#5216));
#921=EDGE_LOOP('',(#5217,#5218,#5219,#5220));
#922=EDGE_LOOP('',(#5221,#5222,#5223,#5224));
#923=EDGE_LOOP('',(#5225,#5226,#5227,#5228));
#924=EDGE_LOOP('',(#5229,#5230,#5231,#5232));
#925=EDGE_LOOP('',(#5233,#5234,#5235,#5236));
#926=EDGE_LOOP('',(#5237,#5238,#5239,#5240));
#927=EDGE_LOOP('',(#5241,#5242,#5243,#5244));
#928=EDGE_LOOP('',(#5245,#5246,#5247,#5248));
#929=EDGE_LOOP('',(#5249,#5250,#5251,#5252));
#930=EDGE_LOOP('',(#5253,#5254,#5255,#5256));
#931=EDGE_LOOP('',(#5257,#5258,#5259,#5260));
#932=EDGE_LOOP('',(#5261,#5262,#5263,#5264));
#933=EDGE_LOOP('',(#5265,#5266,#5267,#5268));
#934=EDGE_LOOP('',(#5269,#5270,#5271,#5272));
#935=EDGE_LOOP('',(#5273,#5274,#5275,#5276));
#936=EDGE_LOOP('',(#5277,#5278,#5279,#5280));
#937=EDGE_LOOP('',(#5281,#5282,#5283,#5284));
#938=EDGE_LOOP('',(#5285,#5286,#5287,#5288));
#939=EDGE_LOOP('',(#5289,#5290,#5291,#5292,#5293));
#940=EDGE_LOOP('',(#5294,#5295,#5296,#5297));
#941=EDGE_LOOP('',(#5298,#5299,#5300,#5301));
#942=EDGE_LOOP('',(#5302,#5303,#5304,#5305,#5306));
#943=EDGE_LOOP('',(#5307,#5308,#5309,#5310,#5311,#5312,#5313,#5314));
#944=EDGE_LOOP('',(#5315,#5316,#5317,#5318));
#945=EDGE_LOOP('',(#5319,#5320,#5321,#5322));
#946=EDGE_LOOP('',(#5323,#5324,#5325,#5326));
#947=EDGE_LOOP('',(#5327,#5328,#5329,#5330));
#948=EDGE_LOOP('',(#5331,#5332,#5333,#5334));
#949=EDGE_LOOP('',(#5335,#5336,#5337,#5338,#5339,#5340,#5341,#5342,#5343,
#5344));
#950=EDGE_LOOP('',(#5345));
#951=EDGE_LOOP('',(#5346));
#952=EDGE_LOOP('',(#5347));
#953=EDGE_LOOP('',(#5348));
#954=EDGE_LOOP('',(#5349));
#955=EDGE_LOOP('',(#5350));
#956=EDGE_LOOP('',(#5351));
#957=EDGE_LOOP('',(#5352));
#958=EDGE_LOOP('',(#5353));
#959=EDGE_LOOP('',(#5354,#5355,#5356,#5357));
#960=EDGE_LOOP('',(#5358,#5359,#5360,#5361,#5362));
#961=EDGE_LOOP('',(#5363,#5364,#5365,#5366));
#962=EDGE_LOOP('',(#5367,#5368,#5369,#5370));
#963=EDGE_LOOP('',(#5371,#5372,#5373,#5374,#5375));
#964=EDGE_LOOP('',(#5376,#5377,#5378,#5379,#5380,#5381,#5382,#5383));
#965=EDGE_LOOP('',(#5384,#5385,#5386,#5387));
#966=EDGE_LOOP('',(#5388,#5389,#5390,#5391));
#967=EDGE_LOOP('',(#5392,#5393,#5394,#5395));
#968=EDGE_LOOP('',(#5396,#5397,#5398,#5399));
#969=EDGE_LOOP('',(#5400,#5401,#5402,#5403));
#970=EDGE_LOOP('',(#5404,#5405,#5406,#5407,#5408,#5409,#5410,#5411,#5412,
#5413));
#971=EDGE_LOOP('',(#5414));
#972=EDGE_LOOP('',(#5415));
#973=EDGE_LOOP('',(#5416));
#974=EDGE_LOOP('',(#5417));
#975=EDGE_LOOP('',(#5418));
#976=EDGE_LOOP('',(#5419));
#977=EDGE_LOOP('',(#5420));
#978=EDGE_LOOP('',(#5421));
#979=EDGE_LOOP('',(#5422));
#980=EDGE_LOOP('',(#5423,#5424,#5425,#5426));
#981=EDGE_LOOP('',(#5427,#5428,#5429,#5430));
#982=EDGE_LOOP('',(#5431));
#983=EDGE_LOOP('',(#5432,#5433,#5434,#5435));
#984=EDGE_LOOP('',(#5436,#5437,#5438,#5439));
#985=EDGE_LOOP('',(#5440));
#986=EDGE_LOOP('',(#5441,#5442,#5443,#5444));
#987=EDGE_LOOP('',(#5445,#5446,#5447,#5448));
#988=EDGE_LOOP('',(#5449));
#989=EDGE_LOOP('',(#5450,#5451,#5452,#5453));
#990=EDGE_LOOP('',(#5454,#5455,#5456,#5457));
#991=EDGE_LOOP('',(#5458));
#992=EDGE_LOOP('',(#5459,#5460,#5461,#5462));
#993=EDGE_LOOP('',(#5463,#5464,#5465,#5466));
#994=EDGE_LOOP('',(#5467,#5468,#5469,#5470));
#995=EDGE_LOOP('',(#5471,#5472,#5473,#5474));
#996=EDGE_LOOP('',(#5475,#5476,#5477,#5478));
#997=EDGE_LOOP('',(#5479,#5480,#5481,#5482));
#998=EDGE_LOOP('',(#5483,#5484,#5485,#5486,#5487,#5488));
#999=EDGE_LOOP('',(#5489,#5490,#5491,#5492));
#1000=EDGE_LOOP('',(#5493,#5494,#5495,#5496));
#1001=EDGE_LOOP('',(#5497,#5498,#5499,#5500,#5501,#5502));
#1002=EDGE_LOOP('',(#5503,#5504,#5505,#5506));
#1003=EDGE_LOOP('',(#5507,#5508,#5509,#5510));
#1004=EDGE_LOOP('',(#5511,#5512,#5513,#5514,#5515,#5516));
#1005=EDGE_LOOP('',(#5517,#5518,#5519,#5520));
#1006=EDGE_LOOP('',(#5521,#5522,#5523,#5524,#5525,#5526));
#1007=EDGE_LOOP('',(#5527,#5528,#5529,#5530));
#1008=EDGE_LOOP('',(#5531,#5532,#5533,#5534));
#1009=EDGE_LOOP('',(#5535,#5536,#5537,#5538,#5539,#5540,#5541,#5542,#5543,
#5544,#5545,#5546,#5547,#5548));
#1010=EDGE_LOOP('',(#5549));
#1011=EDGE_LOOP('',(#5550,#5551,#5552,#5553));
#1012=EDGE_LOOP('',(#5554,#5555,#5556,#5557));
#1013=EDGE_LOOP('',(#5558,#5559,#5560,#5561,#5562,#5563,#5564,#5565,#5566,
#5567,#5568,#5569));
#1014=EDGE_LOOP('',(#5570));
#1015=EDGE_LOOP('',(#5571));
#1016=EDGE_LOOP('',(#5572,#5573,#5574,#5575));
#1017=EDGE_LOOP('',(#5576,#5577,#5578,#5579));
#1018=EDGE_LOOP('',(#5580,#5581,#5582,#5583));
#1019=EDGE_LOOP('',(#5584,#5585,#5586,#5587,#5588,#5589,#5590,#5591));
#1020=EDGE_LOOP('',(#5592));
#1021=EDGE_LOOP('',(#5593,#5594,#5595,#5596));
#1022=EDGE_LOOP('',(#5597,#5598,#5599,#5600));
#1023=EDGE_LOOP('',(#5601,#5602,#5603,#5604,#5605,#5606,#5607,#5608));
#1024=EDGE_LOOP('',(#5609));
#1025=EDGE_LOOP('',(#5610,#5611,#5612,#5613));
#1026=EDGE_LOOP('',(#5614,#5615,#5616,#5617));
#1027=EDGE_LOOP('',(#5618));
#1028=EDGE_LOOP('',(#5619));
#1029=EDGE_LOOP('',(#5620,#5621,#5622,#5623));
#1030=EDGE_LOOP('',(#5624,#5625,#5626,#5627));
#1031=EDGE_LOOP('',(#5628));
#1032=EDGE_LOOP('',(#5629));
#1033=EDGE_LOOP('',(#5630,#5631,#5632,#5633));
#1034=EDGE_LOOP('',(#5634,#5635,#5636,#5637));
#1035=EDGE_LOOP('',(#5638));
#1036=EDGE_LOOP('',(#5639));
#1037=EDGE_LOOP('',(#5640,#5641,#5642,#5643));
#1038=EDGE_LOOP('',(#5644,#5645,#5646,#5647));
#1039=EDGE_LOOP('',(#5648));
#1040=EDGE_LOOP('',(#5649));
#1041=EDGE_LOOP('',(#5650,#5651,#5652,#5653));
#1042=EDGE_LOOP('',(#5654,#5655,#5656,#5657));
#1043=EDGE_LOOP('',(#5658,#5659,#5660,#5661,#5662,#5663));
#1044=EDGE_LOOP('',(#5664,#5665,#5666,#5667,#5668,#5669,#5670,#5671));
#1045=EDGE_LOOP('',(#5672,#5673,#5674,#5675));
#1046=EDGE_LOOP('',(#5676,#5677,#5678));
#1047=EDGE_LOOP('',(#5679,#5680,#5681));
#1048=EDGE_LOOP('',(#5682,#5683,#5684));
#1049=EDGE_LOOP('',(#5685,#5686,#5687,#5688,#5689,#5690,#5691,#5692,#5693,
#5694,#5695,#5696,#5697,#5698,#5699));
#1050=EDGE_LOOP('',(#5700,#5701,#5702,#5703,#5704,#5705));
#1051=EDGE_LOOP('',(#5706,#5707,#5708,#5709,#5710,#5711));
#1052=EDGE_LOOP('',(#5712));
#1053=EDGE_LOOP('',(#5713,#5714,#5715,#5716,#5717));
#1054=EDGE_LOOP('',(#5718));
#1055=EDGE_LOOP('',(#5719,#5720,#5721,#5722,#5723,#5724,#5725));
#1056=EDGE_LOOP('',(#5726));
#1057=EDGE_LOOP('',(#5727));
#1058=EDGE_LOOP('',(#5728,#5729,#5730,#5731));
#1059=EDGE_LOOP('',(#5732,#5733,#5734,#5735));
#1060=EDGE_LOOP('',(#5736,#5737,#5738,#5739));
#1061=EDGE_LOOP('',(#5740,#5741,#5742,#5743));
#1062=EDGE_LOOP('',(#5744,#5745,#5746,#5747));
#1063=EDGE_LOOP('',(#5748,#5749,#5750,#5751));
#1064=EDGE_LOOP('',(#5752,#5753,#5754,#5755));
#1065=EDGE_LOOP('',(#5756,#5757,#5758,#5759,#5760,#5761,#5762));
#1066=EDGE_LOOP('',(#5763,#5764,#5765,#5766,#5767,#5768,#5769,#5770,#5771,
#5772,#5773,#5774,#5775,#5776));
#1067=EDGE_LOOP('',(#5777));
#1068=EDGE_LOOP('',(#5778));
#1069=EDGE_LOOP('',(#5779));
#1070=EDGE_LOOP('',(#5780));
#1071=EDGE_LOOP('',(#5781));
#1072=EDGE_LOOP('',(#5782));
#1073=EDGE_LOOP('',(#5783));
#1074=EDGE_LOOP('',(#5784));
#1075=EDGE_LOOP('',(#5785));
#1076=EDGE_LOOP('',(#5786,#5787,#5788,#5789));
#1077=EDGE_LOOP('',(#5790,#5791,#5792,#5793));
#1078=EDGE_LOOP('',(#5794,#5795,#5796,#5797));
#1079=EDGE_LOOP('',(#5798,#5799,#5800,#5801));
#1080=EDGE_LOOP('',(#5802,#5803,#5804,#5805));
#1081=EDGE_LOOP('',(#5806,#5807,#5808,#5809));
#1082=EDGE_LOOP('',(#5810,#5811,#5812,#5813));
#1083=EDGE_LOOP('',(#5814,#5815,#5816,#5817));
#1084=EDGE_LOOP('',(#5818,#5819,#5820,#5821));
#1085=EDGE_LOOP('',(#5822,#5823,#5824,#5825));
#1086=EDGE_LOOP('',(#5826,#5827,#5828,#5829));
#1087=EDGE_LOOP('',(#5830,#5831,#5832,#5833));
#1088=EDGE_LOOP('',(#5834,#5835,#5836,#5837));
#1089=EDGE_LOOP('',(#5838,#5839,#5840,#5841));
#1090=EDGE_LOOP('',(#5842,#5843,#5844,#5845));
#1091=EDGE_LOOP('',(#5846,#5847,#5848,#5849));
#1092=EDGE_LOOP('',(#5850,#5851,#5852,#5853));
#1093=EDGE_LOOP('',(#5854,#5855,#5856,#5857));
#1094=EDGE_LOOP('',(#5858,#5859,#5860,#5861));
#1095=EDGE_LOOP('',(#5862,#5863,#5864,#5865));
#1096=EDGE_LOOP('',(#5866,#5867,#5868,#5869));
#1097=EDGE_LOOP('',(#5870,#5871,#5872,#5873,#5874,#5875));
#1098=EDGE_LOOP('',(#5876));
#1099=EDGE_LOOP('',(#5877,#5878,#5879,#5880));
#1100=EDGE_LOOP('',(#5881));
#1101=EDGE_LOOP('',(#5882,#5883,#5884,#5885));
#1102=EDGE_LOOP('',(#5886));
#1103=EDGE_LOOP('',(#5887));
#1104=EDGE_LOOP('',(#5888));
#1105=EDGE_LOOP('',(#5889,#5890,#5891,#5892));
#1106=EDGE_LOOP('',(#5893));
#1107=EDGE_LOOP('',(#5894,#5895,#5896,#5897,#5898,#5899,#5900,#5901));
#1108=EDGE_LOOP('',(#5902,#5903,#5904,#5905,#5906,#5907));
#1109=EDGE_LOOP('',(#5908,#5909,#5910,#5911,#5912,#5913,#5914,#5915));
#1110=EDGE_LOOP('',(#5916,#5917,#5918,#5919,#5920));
#1111=EDGE_LOOP('',(#5921,#5922,#5923,#5924));
#1112=EDGE_LOOP('',(#5925,#5926,#5927,#5928,#5929));
#1113=EDGE_LOOP('',(#5930,#5931,#5932,#5933,#5934,#5935));
#1114=EDGE_LOOP('',(#5936,#5937));
#1115=EDGE_LOOP('',(#5938,#5939,#5940,#5941,#5942,#5943,#5944,#5945,#5946,
#5947,#5948,#5949,#5950,#5951));
#1116=EDGE_LOOP('',(#5952));
#1117=EDGE_LOOP('',(#5953));
#1118=EDGE_LOOP('',(#5954));
#1119=EDGE_LOOP('',(#5955));
#1120=EDGE_LOOP('',(#5956));
#1121=EDGE_LOOP('',(#5957));
#1122=EDGE_LOOP('',(#5958));
#1123=EDGE_LOOP('',(#5959));
#1124=EDGE_LOOP('',(#5960));
#1125=EDGE_LOOP('',(#5961));
#1126=EDGE_LOOP('',(#5962));
#1127=EDGE_LOOP('',(#5963,#5964,#5965,#5966));
#1128=EDGE_LOOP('',(#5967,#5968,#5969,#5970));
#1129=EDGE_LOOP('',(#5971));
#1130=EDGE_LOOP('',(#5972,#5973,#5974,#5975));
#1131=EDGE_LOOP('',(#5976));
#1132=EDGE_LOOP('',(#5977,#5978,#5979,#5980));
#1133=EDGE_LOOP('',(#5981));
#1134=EDGE_LOOP('',(#5982));
#1135=EDGE_LOOP('',(#5983));
#1136=EDGE_LOOP('',(#5984,#5985,#5986,#5987));
#1137=EDGE_LOOP('',(#5988));
#1138=EDGE_LOOP('',(#5989,#5990,#5991,#5992));
#1139=EDGE_LOOP('',(#5993,#5994,#5995,#5996));
#1140=EDGE_LOOP('',(#5997,#5998,#5999,#6000));
#1141=EDGE_LOOP('',(#6001,#6002,#6003,#6004));
#1142=EDGE_LOOP('',(#6005,#6006,#6007,#6008));
#1143=EDGE_LOOP('',(#6009,#6010,#6011,#6012));
#1144=EDGE_LOOP('',(#6013,#6014,#6015,#6016,#6017,#6018));
#1145=EDGE_LOOP('',(#6019));
#1146=EDGE_LOOP('',(#6020,#6021,#6022,#6023,#6024,#6025));
#1147=EDGE_LOOP('',(#6026));
#1148=EDGE_LOOP('',(#6027,#6028,#6029,#6030));
#1149=EDGE_LOOP('',(#6031,#6032,#6033,#6034));
#1150=EDGE_LOOP('',(#6035,#6036,#6037,#6038));
#1151=EDGE_LOOP('',(#6039,#6040,#6041,#6042));
#1152=EDGE_LOOP('',(#6043,#6044,#6045,#6046));
#1153=EDGE_LOOP('',(#6047,#6048,#6049,#6050));
#1154=EDGE_LOOP('',(#6051,#6052,#6053,#6054,#6055,#6056));
#1155=EDGE_LOOP('',(#6057));
#1156=EDGE_LOOP('',(#6058,#6059,#6060,#6061,#6062,#6063));
#1157=EDGE_LOOP('',(#6064));
#1158=EDGE_LOOP('',(#6065,#6066,#6067,#6068));
#1159=EDGE_LOOP('',(#6069,#6070,#6071,#6072));
#1160=EDGE_LOOP('',(#6073,#6074,#6075,#6076));
#1161=EDGE_LOOP('',(#6077,#6078,#6079,#6080));
#1162=EDGE_LOOP('',(#6081,#6082,#6083,#6084));
#1163=EDGE_LOOP('',(#6085,#6086,#6087,#6088));
#1164=EDGE_LOOP('',(#6089,#6090,#6091,#6092,#6093,#6094));
#1165=EDGE_LOOP('',(#6095));
#1166=EDGE_LOOP('',(#6096,#6097,#6098,#6099,#6100,#6101));
#1167=EDGE_LOOP('',(#6102));
#1168=EDGE_LOOP('',(#6103,#6104,#6105,#6106));
#1169=EDGE_LOOP('',(#6107,#6108,#6109,#6110));
#1170=EDGE_LOOP('',(#6111,#6112,#6113,#6114));
#1171=EDGE_LOOP('',(#6115,#6116,#6117,#6118));
#1172=EDGE_LOOP('',(#6119,#6120,#6121,#6122));
#1173=EDGE_LOOP('',(#6123,#6124,#6125,#6126));
#1174=EDGE_LOOP('',(#6127,#6128,#6129,#6130,#6131,#6132));
#1175=EDGE_LOOP('',(#6133));
#1176=EDGE_LOOP('',(#6134,#6135,#6136,#6137,#6138,#6139));
#1177=EDGE_LOOP('',(#6140));
#1178=EDGE_LOOP('',(#6141,#6142,#6143,#6144));
#1179=EDGE_LOOP('',(#6145,#6146,#6147,#6148));
#1180=EDGE_LOOP('',(#6149,#6150,#6151,#6152));
#1181=EDGE_LOOP('',(#6153,#6154,#6155,#6156));
#1182=EDGE_LOOP('',(#6157,#6158,#6159,#6160));
#1183=EDGE_LOOP('',(#6161,#6162,#6163,#6164));
#1184=EDGE_LOOP('',(#6165,#6166,#6167,#6168));
#1185=EDGE_LOOP('',(#6169,#6170,#6171,#6172));
#1186=EDGE_LOOP('',(#6173,#6174,#6175,#6176));
#1187=EDGE_LOOP('',(#6177,#6178,#6179,#6180));
#1188=EDGE_LOOP('',(#6181,#6182,#6183,#6184));
#1189=EDGE_LOOP('',(#6185,#6186,#6187,#6188));
#1190=EDGE_LOOP('',(#6189,#6190,#6191,#6192,#6193,#6194,#6195,#6196,#6197,
#6198,#6199,#6200));
#1191=EDGE_LOOP('',(#6201,#6202,#6203,#6204,#6205,#6206,#6207,#6208,#6209,
#6210,#6211,#6212));
#1192=EDGE_LOOP('',(#6213,#6214,#6215,#6216));
#1193=EDGE_LOOP('',(#6217,#6218,#6219,#6220));
#1194=EDGE_LOOP('',(#6221,#6222,#6223,#6224));
#1195=EDGE_LOOP('',(#6225,#6226,#6227,#6228));
#1196=EDGE_LOOP('',(#6229,#6230,#6231,#6232));
#1197=EDGE_LOOP('',(#6233,#6234,#6235,#6236));
#1198=EDGE_LOOP('',(#6237,#6238,#6239,#6240));
#1199=EDGE_LOOP('',(#6241,#6242,#6243,#6244));
#1200=EDGE_LOOP('',(#6245,#6246,#6247,#6248));
#1201=EDGE_LOOP('',(#6249,#6250,#6251,#6252));
#1202=EDGE_LOOP('',(#6253,#6254,#6255,#6256));
#1203=EDGE_LOOP('',(#6257,#6258,#6259,#6260));
#1204=EDGE_LOOP('',(#6261,#6262,#6263,#6264,#6265,#6266,#6267,#6268,#6269,
#6270,#6271,#6272));
#1205=EDGE_LOOP('',(#6273,#6274,#6275,#6276,#6277,#6278,#6279,#6280,#6281,
#6282,#6283,#6284));
#1206=EDGE_LOOP('',(#6285,#6286,#6287,#6288));
#1207=EDGE_LOOP('',(#6289,#6290,#6291,#6292));
#1208=EDGE_LOOP('',(#6293,#6294,#6295,#6296));
#1209=EDGE_LOOP('',(#6297,#6298,#6299,#6300));
#1210=EDGE_LOOP('',(#6301,#6302,#6303,#6304));
#1211=EDGE_LOOP('',(#6305,#6306,#6307,#6308));
#1212=EDGE_LOOP('',(#6309,#6310,#6311,#6312));
#1213=EDGE_LOOP('',(#6313,#6314,#6315,#6316));
#1214=EDGE_LOOP('',(#6317,#6318,#6319,#6320));
#1215=EDGE_LOOP('',(#6321,#6322,#6323,#6324));
#1216=EDGE_LOOP('',(#6325,#6326,#6327,#6328));
#1217=EDGE_LOOP('',(#6329,#6330,#6331,#6332));
#1218=EDGE_LOOP('',(#6333,#6334,#6335,#6336));
#1219=EDGE_LOOP('',(#6337,#6338,#6339,#6340));
#1220=EDGE_LOOP('',(#6341,#6342,#6343,#6344));
#1221=EDGE_LOOP('',(#6345,#6346,#6347,#6348));
#1222=EDGE_LOOP('',(#6349,#6350,#6351,#6352));
#1223=EDGE_LOOP('',(#6353,#6354,#6355,#6356));
#1224=EDGE_LOOP('',(#6357,#6358,#6359,#6360,#6361,#6362,#6363,#6364,#6365,
#6366,#6367,#6368,#6369,#6370));
#1225=EDGE_LOOP('',(#6371,#6372,#6373,#6374));
#1226=EDGE_LOOP('',(#6375,#6376,#6377,#6378,#6379,#6380,#6381,#6382,#6383,
#6384,#6385,#6386,#6387,#6388));
#1227=EDGE_LOOP('',(#6389,#6390,#6391,#6392));
#1228=EDGE_LOOP('',(#6393,#6394,#6395,#6396));
#1229=EDGE_LOOP('',(#6397,#6398,#6399,#6400));
#1230=EDGE_LOOP('',(#6401,#6402,#6403,#6404));
#1231=EDGE_LOOP('',(#6405,#6406,#6407,#6408));
#1232=EDGE_LOOP('',(#6409,#6410,#6411,#6412));
#1233=EDGE_LOOP('',(#6413,#6414,#6415,#6416));
#1234=EDGE_LOOP('',(#6417,#6418,#6419,#6420));
#1235=EDGE_LOOP('',(#6421,#6422,#6423,#6424));
#1236=EDGE_LOOP('',(#6425,#6426,#6427,#6428));
#1237=EDGE_LOOP('',(#6429,#6430,#6431,#6432));
#1238=EDGE_LOOP('',(#6433,#6434,#6435,#6436));
#1239=EDGE_LOOP('',(#6437,#6438,#6439,#6440));
#1240=EDGE_LOOP('',(#6441,#6442,#6443,#6444));
#1241=EDGE_LOOP('',(#6445,#6446,#6447,#6448));
#1242=EDGE_LOOP('',(#6449,#6450,#6451,#6452));
#1243=EDGE_LOOP('',(#6453,#6454,#6455,#6456));
#1244=EDGE_LOOP('',(#6457,#6458,#6459,#6460,#6461,#6462,#6463,#6464,#6465,
#6466,#6467,#6468));
#1245=EDGE_LOOP('',(#6469,#6470,#6471,#6472));
#1246=EDGE_LOOP('',(#6473,#6474,#6475,#6476,#6477,#6478,#6479,#6480,#6481,
#6482,#6483,#6484));
#1247=EDGE_LOOP('',(#6485,#6486,#6487,#6488));
#1248=EDGE_LOOP('',(#6489,#6490,#6491,#6492));
#1249=EDGE_LOOP('',(#6493,#6494,#6495,#6496));
#1250=EDGE_LOOP('',(#6497,#6498,#6499,#6500));
#1251=EDGE_LOOP('',(#6501,#6502,#6503,#6504));
#1252=EDGE_LOOP('',(#6505,#6506,#6507,#6508));
#1253=EDGE_LOOP('',(#6509,#6510,#6511,#6512));
#1254=EDGE_LOOP('',(#6513,#6514,#6515,#6516));
#1255=EDGE_LOOP('',(#6517,#6518,#6519,#6520));
#1256=EDGE_LOOP('',(#6521,#6522,#6523,#6524));
#1257=EDGE_LOOP('',(#6525,#6526,#6527,#6528));
#1258=EDGE_LOOP('',(#6529,#6530,#6531,#6532));
#1259=EDGE_LOOP('',(#6533,#6534,#6535,#6536));
#1260=EDGE_LOOP('',(#6537,#6538,#6539,#6540,#6541,#6542,#6543,#6544,#6545,
#6546,#6547,#6548));
#1261=EDGE_LOOP('',(#6549,#6550,#6551,#6552,#6553,#6554,#6555,#6556,#6557,
#6558,#6559,#6560));
#1262=EDGE_LOOP('',(#6561,#6562,#6563,#6564));
#1263=EDGE_LOOP('',(#6565,#6566,#6567,#6568));
#1264=EDGE_LOOP('',(#6569,#6570,#6571,#6572));
#1265=EDGE_LOOP('',(#6573,#6574,#6575,#6576));
#1266=EDGE_LOOP('',(#6577,#6578,#6579,#6580));
#1267=EDGE_LOOP('',(#6581,#6582,#6583,#6584));
#1268=EDGE_LOOP('',(#6585,#6586,#6587,#6588));
#1269=EDGE_LOOP('',(#6589,#6590,#6591,#6592));
#1270=EDGE_LOOP('',(#6593,#6594,#6595,#6596));
#1271=EDGE_LOOP('',(#6597,#6598,#6599,#6600));
#1272=EDGE_LOOP('',(#6601,#6602,#6603,#6604));
#1273=EDGE_LOOP('',(#6605,#6606,#6607,#6608));
#1274=EDGE_LOOP('',(#6609,#6610,#6611,#6612));
#1275=EDGE_LOOP('',(#6613,#6614,#6615,#6616));
#1276=EDGE_LOOP('',(#6617,#6618,#6619,#6620));
#1277=EDGE_LOOP('',(#6621,#6622,#6623,#6624));
#1278=EDGE_LOOP('',(#6625,#6626,#6627,#6628,#6629,#6630,#6631,#6632,#6633,
#6634,#6635,#6636));
#1279=EDGE_LOOP('',(#6637,#6638,#6639,#6640));
#1280=EDGE_LOOP('',(#6641,#6642,#6643,#6644,#6645,#6646,#6647,#6648,#6649,
#6650,#6651,#6652));
#1281=EDGE_LOOP('',(#6653,#6654,#6655,#6656));
#1282=EDGE_LOOP('',(#6657,#6658,#6659,#6660));
#1283=EDGE_LOOP('',(#6661,#6662,#6663,#6664));
#1284=EDGE_LOOP('',(#6665,#6666,#6667,#6668));
#1285=EDGE_LOOP('',(#6669,#6670,#6671,#6672));
#1286=EDGE_LOOP('',(#6673,#6674,#6675,#6676));
#1287=EDGE_LOOP('',(#6677,#6678,#6679,#6680));
#1288=EDGE_LOOP('',(#6681,#6682,#6683,#6684));
#1289=EDGE_LOOP('',(#6685,#6686,#6687,#6688));
#1290=EDGE_LOOP('',(#6689,#6690,#6691,#6692));
#1291=EDGE_LOOP('',(#6693,#6694,#6695,#6696));
#1292=EDGE_LOOP('',(#6697,#6698,#6699,#6700));
#1293=EDGE_LOOP('',(#6701,#6702,#6703,#6704));
#1294=EDGE_LOOP('',(#6705,#6706,#6707,#6708));
#1295=EDGE_LOOP('',(#6709,#6710,#6711,#6712));
#1296=EDGE_LOOP('',(#6713,#6714,#6715,#6716));
#1297=EDGE_LOOP('',(#6717,#6718,#6719,#6720));
#1298=EDGE_LOOP('',(#6721,#6722,#6723,#6724));
#1299=EDGE_LOOP('',(#6725,#6726,#6727,#6728));
#1300=EDGE_LOOP('',(#6729,#6730,#6731,#6732));
#1301=EDGE_LOOP('',(#6733,#6734,#6735,#6736));
#1302=EDGE_LOOP('',(#6737,#6738,#6739,#6740,#6741,#6742,#6743,#6744,#6745,
#6746,#6747,#6748,#6749,#6750,#6751,#6752,#6753,#6754,#6755,#6756));
#1303=EDGE_LOOP('',(#6757,#6758,#6759,#6760,#6761,#6762,#6763,#6764,#6765,
#6766,#6767,#6768,#6769,#6770,#6771,#6772,#6773,#6774,#6775,#6776));
#1304=EDGE_LOOP('',(#6777,#6778,#6779,#6780));
#1305=EDGE_LOOP('',(#6781,#6782,#6783,#6784));
#1306=EDGE_LOOP('',(#6785,#6786,#6787,#6788));
#1307=EDGE_LOOP('',(#6789,#6790,#6791,#6792));
#1308=EDGE_LOOP('',(#6793,#6794,#6795,#6796));
#1309=EDGE_LOOP('',(#6797,#6798,#6799,#6800));
#1310=EDGE_LOOP('',(#6801,#6802,#6803,#6804));
#1311=EDGE_LOOP('',(#6805,#6806,#6807,#6808));
#1312=EDGE_LOOP('',(#6809,#6810,#6811,#6812));
#1313=EDGE_LOOP('',(#6813,#6814,#6815,#6816));
#1314=EDGE_LOOP('',(#6817,#6818,#6819,#6820));
#1315=EDGE_LOOP('',(#6821,#6822,#6823,#6824));
#1316=EDGE_LOOP('',(#6825,#6826,#6827,#6828));
#1317=EDGE_LOOP('',(#6829,#6830,#6831,#6832));
#1318=EDGE_LOOP('',(#6833,#6834,#6835,#6836));
#1319=EDGE_LOOP('',(#6837,#6838,#6839,#6840));
#1320=EDGE_LOOP('',(#6841,#6842,#6843,#6844));
#1321=EDGE_LOOP('',(#6845,#6846,#6847,#6848));
#1322=EDGE_LOOP('',(#6849,#6850,#6851,#6852));
#1323=EDGE_LOOP('',(#6853,#6854,#6855,#6856));
#1324=EDGE_LOOP('',(#6857,#6858,#6859,#6860,#6861,#6862,#6863,#6864,#6865,
#6866,#6867,#6868,#6869,#6870,#6871,#6872,#6873,#6874,#6875,#6876));
#1325=EDGE_LOOP('',(#6877,#6878,#6879,#6880,#6881,#6882,#6883,#6884,#6885,
#6886,#6887,#6888,#6889,#6890,#6891,#6892,#6893,#6894,#6895,#6896));
#1326=EDGE_LOOP('',(#6897,#6898,#6899,#6900));
#1327=EDGE_LOOP('',(#6901,#6902,#6903,#6904));
#1328=EDGE_LOOP('',(#6905,#6906,#6907,#6908));
#1329=EDGE_LOOP('',(#6909,#6910,#6911,#6912));
#1330=EDGE_LOOP('',(#6913,#6914,#6915,#6916));
#1331=EDGE_LOOP('',(#6917,#6918,#6919,#6920));
#1332=EDGE_LOOP('',(#6921,#6922,#6923,#6924));
#1333=EDGE_LOOP('',(#6925,#6926,#6927,#6928));
#1334=EDGE_LOOP('',(#6929,#6930,#6931,#6932,#6933,#6934,#6935,#6936));
#1335=EDGE_LOOP('',(#6937,#6938,#6939,#6940,#6941,#6942,#6943,#6944));
#1336=EDGE_LOOP('',(#6945,#6946,#6947,#6948));
#1337=EDGE_LOOP('',(#6949,#6950,#6951,#6952));
#1338=EDGE_LOOP('',(#6953,#6954,#6955,#6956));
#1339=EDGE_LOOP('',(#6957,#6958,#6959,#6960));
#1340=EDGE_LOOP('',(#6961,#6962,#6963,#6964));
#1341=EDGE_LOOP('',(#6965,#6966,#6967,#6968));
#1342=EDGE_LOOP('',(#6969,#6970,#6971,#6972));
#1343=EDGE_LOOP('',(#6973,#6974,#6975,#6976));
#1344=EDGE_LOOP('',(#6977,#6978,#6979,#6980,#6981,#6982,#6983,#6984));
#1345=EDGE_LOOP('',(#6985,#6986,#6987,#6988,#6989,#6990,#6991,#6992));
#1346=EDGE_LOOP('',(#6993,#6994,#6995,#6996));
#1347=EDGE_LOOP('',(#6997,#6998,#6999,#7000));
#1348=EDGE_LOOP('',(#7001,#7002,#7003,#7004));
#1349=EDGE_LOOP('',(#7005,#7006,#7007,#7008));
#1350=EDGE_LOOP('',(#7009,#7010,#7011,#7012));
#1351=EDGE_LOOP('',(#7013,#7014,#7015,#7016));
#1352=EDGE_LOOP('',(#7017,#7018,#7019,#7020));
#1353=EDGE_LOOP('',(#7021,#7022,#7023,#7024));
#1354=EDGE_LOOP('',(#7025,#7026,#7027,#7028));
#1355=EDGE_LOOP('',(#7029,#7030,#7031,#7032));
#1356=EDGE_LOOP('',(#7033,#7034,#7035,#7036));
#1357=EDGE_LOOP('',(#7037,#7038,#7039,#7040));
#1358=EDGE_LOOP('',(#7041,#7042,#7043,#7044));
#1359=EDGE_LOOP('',(#7045,#7046,#7047,#7048));
#1360=EDGE_LOOP('',(#7049,#7050,#7051,#7052));
#1361=EDGE_LOOP('',(#7053,#7054,#7055,#7056));
#1362=EDGE_LOOP('',(#7057,#7058,#7059,#7060));
#1363=EDGE_LOOP('',(#7061,#7062,#7063,#7064));
#1364=EDGE_LOOP('',(#7065,#7066,#7067,#7068));
#1365=EDGE_LOOP('',(#7069,#7070,#7071,#7072));
#1366=EDGE_LOOP('',(#7073,#7074,#7075,#7076,#7077,#7078,#7079,#7080,#7081,
#7082,#7083,#7084,#7085,#7086,#7087,#7088,#7089,#7090,#7091,#7092));
#1367=EDGE_LOOP('',(#7093,#7094,#7095,#7096,#7097,#7098,#7099,#7100,#7101,
#7102,#7103,#7104,#7105,#7106,#7107,#7108,#7109,#7110,#7111,#7112));
#1368=EDGE_LOOP('',(#7113,#7114,#7115,#7116));
#1369=EDGE_LOOP('',(#7117,#7118,#7119,#7120));
#1370=EDGE_LOOP('',(#7121,#7122,#7123,#7124));
#1371=EDGE_LOOP('',(#7125,#7126,#7127,#7128));
#1372=EDGE_LOOP('',(#7129,#7130,#7131,#7132));
#1373=EDGE_LOOP('',(#7133,#7134,#7135,#7136));
#1374=EDGE_LOOP('',(#7137,#7138,#7139,#7140));
#1375=EDGE_LOOP('',(#7141,#7142,#7143,#7144));
#1376=EDGE_LOOP('',(#7145,#7146,#7147,#7148));
#1377=EDGE_LOOP('',(#7149,#7150,#7151,#7152));
#1378=EDGE_LOOP('',(#7153,#7154,#7155,#7156));
#1379=EDGE_LOOP('',(#7157,#7158,#7159,#7160));
#1380=EDGE_LOOP('',(#7161,#7162,#7163,#7164));
#1381=EDGE_LOOP('',(#7165,#7166,#7167,#7168));
#1382=EDGE_LOOP('',(#7169,#7170,#7171,#7172));
#1383=EDGE_LOOP('',(#7173,#7174,#7175,#7176));
#1384=EDGE_LOOP('',(#7177,#7178,#7179,#7180));
#1385=EDGE_LOOP('',(#7181,#7182,#7183,#7184));
#1386=EDGE_LOOP('',(#7185,#7186,#7187,#7188));
#1387=EDGE_LOOP('',(#7189,#7190,#7191,#7192));
#1388=EDGE_LOOP('',(#7193,#7194,#7195,#7196,#7197,#7198,#7199,#7200,#7201,
#7202,#7203,#7204,#7205,#7206,#7207,#7208,#7209,#7210,#7211,#7212));
#1389=EDGE_LOOP('',(#7213,#7214,#7215,#7216,#7217,#7218,#7219,#7220,#7221,
#7222,#7223,#7224,#7225,#7226,#7227,#7228,#7229,#7230,#7231,#7232));
#1390=EDGE_LOOP('',(#7233,#7234,#7235,#7236));
#1391=EDGE_LOOP('',(#7237,#7238,#7239,#7240));
#1392=EDGE_LOOP('',(#7241,#7242,#7243,#7244));
#1393=EDGE_LOOP('',(#7245,#7246,#7247,#7248));
#1394=EDGE_LOOP('',(#7249,#7250,#7251,#7252));
#1395=EDGE_LOOP('',(#7253,#7254,#7255,#7256));
#1396=EDGE_LOOP('',(#7257,#7258,#7259,#7260));
#1397=EDGE_LOOP('',(#7261,#7262,#7263,#7264));
#1398=EDGE_LOOP('',(#7265,#7266,#7267,#7268,#7269,#7270,#7271,#7272));
#1399=EDGE_LOOP('',(#7273,#7274,#7275,#7276,#7277,#7278,#7279,#7280));
#1400=EDGE_LOOP('',(#7281,#7282,#7283,#7284));
#1401=EDGE_LOOP('',(#7285,#7286,#7287,#7288));
#1402=EDGE_LOOP('',(#7289,#7290,#7291,#7292));
#1403=EDGE_LOOP('',(#7293,#7294,#7295,#7296));
#1404=EDGE_LOOP('',(#7297,#7298,#7299,#7300));
#1405=EDGE_LOOP('',(#7301,#7302,#7303,#7304));
#1406=EDGE_LOOP('',(#7305,#7306,#7307,#7308,#7309,#7310));
#1407=EDGE_LOOP('',(#7311,#7312,#7313,#7314,#7315,#7316));
#1408=EDGE_LOOP('',(#7317,#7318,#7319,#7320));
#1409=EDGE_LOOP('',(#7321,#7322,#7323,#7324));
#1410=EDGE_LOOP('',(#7325,#7326,#7327,#7328));
#1411=EDGE_LOOP('',(#7329,#7330,#7331,#7332));
#1412=EDGE_LOOP('',(#7333,#7334,#7335,#7336));
#1413=EDGE_LOOP('',(#7337,#7338,#7339,#7340));
#1414=EDGE_LOOP('',(#7341,#7342,#7343,#7344));
#1415=EDGE_LOOP('',(#7345,#7346,#7347,#7348));
#1416=EDGE_LOOP('',(#7349,#7350,#7351,#7352));
#1417=EDGE_LOOP('',(#7353,#7354,#7355,#7356));
#1418=EDGE_LOOP('',(#7357,#7358,#7359,#7360));
#1419=EDGE_LOOP('',(#7361,#7362,#7363,#7364));
#1420=EDGE_LOOP('',(#7365,#7366,#7367,#7368,#7369,#7370,#7371,#7372,#7373,
#7374,#7375,#7376));
#1421=EDGE_LOOP('',(#7377,#7378,#7379,#7380,#7381,#7382,#7383,#7384,#7385,
#7386,#7387,#7388));
#1422=LINE('',#10578,#2344);
#1423=LINE('',#10583,#2345);
#1424=LINE('',#10585,#2346);
#1425=LINE('',#10587,#2347);
#1426=LINE('',#10588,#2348);
#1427=LINE('',#10591,#2349);
#1428=LINE('',#10593,#2350);
#1429=LINE('',#10594,#2351);
#1430=LINE('',#10597,#2352);
#1431=LINE('',#10599,#2353);
#1432=LINE('',#10600,#2354);
#1433=LINE('',#10602,#2355);
#1434=LINE('',#10603,#2356);
#1435=LINE('',#10608,#2357);
#1436=LINE('',#10614,#2358);
#1437=LINE('',#10620,#2359);
#1438=LINE('',#10625,#2360);
#1439=LINE('',#10627,#2361);
#1440=LINE('',#10629,#2362);
#1441=LINE('',#10630,#2363);
#1442=LINE('',#10633,#2364);
#1443=LINE('',#10635,#2365);
#1444=LINE('',#10636,#2366);
#1445=LINE('',#10639,#2367);
#1446=LINE('',#10641,#2368);
#1447=LINE('',#10642,#2369);
#1448=LINE('',#10644,#2370);
#1449=LINE('',#10645,#2371);
#1450=LINE('',#10650,#2372);
#1451=LINE('',#10655,#2373);
#1452=LINE('',#10657,#2374);
#1453=LINE('',#10659,#2375);
#1454=LINE('',#10660,#2376);
#1455=LINE('',#10663,#2377);
#1456=LINE('',#10665,#2378);
#1457=LINE('',#10666,#2379);
#1458=LINE('',#10669,#2380);
#1459=LINE('',#10671,#2381);
#1460=LINE('',#10672,#2382);
#1461=LINE('',#10674,#2383);
#1462=LINE('',#10675,#2384);
#1463=LINE('',#10680,#2385);
#1464=LINE('',#10687,#2386);
#1465=LINE('',#10690,#2387);
#1466=LINE('',#10693,#2388);
#1467=LINE('',#10695,#2389);
#1468=LINE('',#10697,#2390);
#1469=LINE('',#10698,#2391);
#1470=LINE('',#10701,#2392);
#1471=LINE('',#10702,#2393);
#1472=LINE('',#10708,#2394);
#1473=LINE('',#10711,#2395);
#1474=LINE('',#10714,#2396);
#1475=LINE('',#10716,#2397);
#1476=LINE('',#10718,#2398);
#1477=LINE('',#10719,#2399);
#1478=LINE('',#10722,#2400);
#1479=LINE('',#10724,#2401);
#1480=LINE('',#10726,#2402);
#1481=LINE('',#10728,#2403);
#1482=LINE('',#10730,#2404);
#1483=LINE('',#10731,#2405);
#1484=LINE('',#10736,#2406);
#1485=LINE('',#10748,#2407);
#1486=LINE('',#10749,#2408);
#1487=LINE('',#10760,#2409);
#1488=LINE('',#10761,#2410);
#1489=LINE('',#10764,#2411);
#1490=LINE('',#10766,#2412);
#1491=LINE('',#10768,#2413);
#1492=LINE('',#10770,#2414);
#1493=LINE('',#10771,#2415);
#1494=LINE('',#10795,#2416);
#1495=LINE('',#10798,#2417);
#1496=LINE('',#10801,#2418);
#1497=LINE('',#10803,#2419);
#1498=LINE('',#10805,#2420);
#1499=LINE('',#10806,#2421);
#1500=LINE('',#10809,#2422);
#1501=LINE('',#10810,#2423);
#1502=LINE('',#10816,#2424);
#1503=LINE('',#10819,#2425);
#1504=LINE('',#10822,#2426);
#1505=LINE('',#10824,#2427);
#1506=LINE('',#10826,#2428);
#1507=LINE('',#10827,#2429);
#1508=LINE('',#10830,#2430);
#1509=LINE('',#10832,#2431);
#1510=LINE('',#10834,#2432);
#1511=LINE('',#10836,#2433);
#1512=LINE('',#10838,#2434);
#1513=LINE('',#10839,#2435);
#1514=LINE('',#10844,#2436);
#1515=LINE('',#10856,#2437);
#1516=LINE('',#10857,#2438);
#1517=LINE('',#10868,#2439);
#1518=LINE('',#10869,#2440);
#1519=LINE('',#10872,#2441);
#1520=LINE('',#10874,#2442);
#1521=LINE('',#10876,#2443);
#1522=LINE('',#10878,#2444);
#1523=LINE('',#10879,#2445);
#1524=LINE('',#10902,#2446);
#1525=LINE('',#10908,#2447);
#1526=LINE('',#10915,#2448);
#1527=LINE('',#10921,#2449);
#1528=LINE('',#10928,#2450);
#1529=LINE('',#10934,#2451);
#1530=LINE('',#10941,#2452);
#1531=LINE('',#10947,#2453);
#1532=LINE('',#10955,#2454);
#1533=LINE('',#10958,#2455);
#1534=LINE('',#10961,#2456);
#1535=LINE('',#10963,#2457);
#1536=LINE('',#10964,#2458);
#1537=LINE('',#10966,#2459);
#1538=LINE('',#10967,#2460);
#1539=LINE('',#10973,#2461);
#1540=LINE('',#10976,#2462);
#1541=LINE('',#10979,#2463);
#1542=LINE('',#10980,#2464);
#1543=LINE('',#10981,#2465);
#1544=LINE('',#10987,#2466);
#1545=LINE('',#10990,#2467);
#1546=LINE('',#10991,#2468);
#1547=LINE('',#10997,#2469);
#1548=LINE('',#11000,#2470);
#1549=LINE('',#11002,#2471);
#1550=LINE('',#11004,#2472);
#1551=LINE('',#11005,#2473);
#1552=LINE('',#11007,#2474);
#1553=LINE('',#11013,#2475);
#1554=LINE('',#11016,#2476);
#1555=LINE('',#11019,#2477);
#1556=LINE('',#11021,#2478);
#1557=LINE('',#11022,#2479);
#1558=LINE('',#11024,#2480);
#1559=LINE('',#11025,#2481);
#1560=LINE('',#11031,#2482);
#1561=LINE('',#11033,#2483);
#1562=LINE('',#11035,#2484);
#1563=LINE('',#11036,#2485);
#1564=LINE('',#11038,#2486);
#1565=LINE('',#11040,#2487);
#1566=LINE('',#11042,#2488);
#1567=LINE('',#11043,#2489);
#1568=LINE('',#11045,#2490);
#1569=LINE('',#11047,#2491);
#1570=LINE('',#11048,#2492);
#1571=LINE('',#11049,#2493);
#1572=LINE('',#11054,#2494);
#1573=LINE('',#11055,#2495);
#1574=LINE('',#11057,#2496);
#1575=LINE('',#11060,#2497);
#1576=LINE('',#11061,#2498);
#1577=LINE('',#11062,#2499);
#1578=LINE('',#11064,#2500);
#1579=LINE('',#11065,#2501);
#1580=LINE('',#11068,#2502);
#1581=LINE('',#11070,#2503);
#1582=LINE('',#11073,#2504);
#1583=LINE('',#11075,#2505);
#1584=LINE('',#11084,#2506);
#1585=LINE('',#11097,#2507);
#1586=LINE('',#11110,#2508);
#1587=LINE('',#11123,#2509);
#1588=LINE('',#11131,#2510);
#1589=LINE('',#11135,#2511);
#1590=LINE('',#11139,#2512);
#1591=LINE('',#11142,#2513);
#1592=LINE('',#11157,#2514);
#1593=LINE('',#11160,#2515);
#1594=LINE('',#11161,#2516);
#1595=LINE('',#11174,#2517);
#1596=LINE('',#11176,#2518);
#1597=LINE('',#11179,#2519);
#1598=LINE('',#11181,#2520);
#1599=LINE('',#11190,#2521);
#1600=LINE('',#11193,#2522);
#1601=LINE('',#11294,#2523);
#1602=LINE('',#11307,#2524);
#1603=LINE('',#11309,#2525);
#1604=LINE('',#11312,#2526);
#1605=LINE('',#11315,#2527);
#1606=LINE('',#11320,#2528);
#1607=LINE('',#11324,#2529);
#1608=LINE('',#11325,#2530);
#1609=LINE('',#11328,#2531);
#1610=LINE('',#11332,#2532);
#1611=LINE('',#11335,#2533);
#1612=LINE('',#11338,#2534);
#1613=LINE('',#11339,#2535);
#1614=LINE('',#11347,#2536);
#1615=LINE('',#11350,#2537);
#1616=LINE('',#11353,#2538);
#1617=LINE('',#11355,#2539);
#1618=LINE('',#11361,#2540);
#1619=LINE('',#11362,#2541);
#1620=LINE('',#11365,#2542);
#1621=LINE('',#11369,#2543);
#1622=LINE('',#11371,#2544);
#1623=LINE('',#11393,#2545);
#1624=LINE('',#11396,#2546);
#1625=LINE('',#11399,#2547);
#1626=LINE('',#11400,#2548);
#1627=LINE('',#11404,#2549);
#1628=LINE('',#11406,#2550);
#1629=LINE('',#11410,#2551);
#1630=LINE('',#11412,#2552);
#1631=LINE('',#11416,#2553);
#1632=LINE('',#11418,#2554);
#1633=LINE('',#11422,#2555);
#1634=LINE('',#11424,#2556);
#1635=LINE('',#11428,#2557);
#1636=LINE('',#11430,#2558);
#1637=LINE('',#11434,#2559);
#1638=LINE('',#11436,#2560);
#1639=LINE('',#11440,#2561);
#1640=LINE('',#11442,#2562);
#1641=LINE('',#11446,#2563);
#1642=LINE('',#11448,#2564);
#1643=LINE('',#11452,#2565);
#1644=LINE('',#11454,#2566);
#1645=LINE('',#11457,#2567);
#1646=LINE('',#11560,#2568);
#1647=LINE('',#11565,#2569);
#1648=LINE('',#11570,#2570);
#1649=LINE('',#11572,#2571);
#1650=LINE('',#11574,#2572);
#1651=LINE('',#11575,#2573);
#1652=LINE('',#11578,#2574);
#1653=LINE('',#11580,#2575);
#1654=LINE('',#11581,#2576);
#1655=LINE('',#11584,#2577);
#1656=LINE('',#11586,#2578);
#1657=LINE('',#11587,#2579);
#1658=LINE('',#11590,#2580);
#1659=LINE('',#11592,#2581);
#1660=LINE('',#11593,#2582);
#1661=LINE('',#11596,#2583);
#1662=LINE('',#11598,#2584);
#1663=LINE('',#11599,#2585);
#1664=LINE('',#11601,#2586);
#1665=LINE('',#11602,#2587);
#1666=LINE('',#11608,#2588);
#1667=LINE('',#11610,#2589);
#1668=LINE('',#11612,#2590);
#1669=LINE('',#11613,#2591);
#1670=LINE('',#11616,#2592);
#1671=LINE('',#11618,#2593);
#1672=LINE('',#11619,#2594);
#1673=LINE('',#11622,#2595);
#1674=LINE('',#11624,#2596);
#1675=LINE('',#11625,#2597);
#1676=LINE('',#11628,#2598);
#1677=LINE('',#11630,#2599);
#1678=LINE('',#11631,#2600);
#1679=LINE('',#11634,#2601);
#1680=LINE('',#11636,#2602);
#1681=LINE('',#11637,#2603);
#1682=LINE('',#11639,#2604);
#1683=LINE('',#11640,#2605);
#1684=LINE('',#11646,#2606);
#1685=LINE('',#11648,#2607);
#1686=LINE('',#11650,#2608);
#1687=LINE('',#11651,#2609);
#1688=LINE('',#11654,#2610);
#1689=LINE('',#11656,#2611);
#1690=LINE('',#11657,#2612);
#1691=LINE('',#11660,#2613);
#1692=LINE('',#11662,#2614);
#1693=LINE('',#11663,#2615);
#1694=LINE('',#11666,#2616);
#1695=LINE('',#11668,#2617);
#1696=LINE('',#11669,#2618);
#1697=LINE('',#11672,#2619);
#1698=LINE('',#11674,#2620);
#1699=LINE('',#11675,#2621);
#1700=LINE('',#11677,#2622);
#1701=LINE('',#11678,#2623);
#1702=LINE('',#11684,#2624);
#1703=LINE('',#11686,#2625);
#1704=LINE('',#11688,#2626);
#1705=LINE('',#11689,#2627);
#1706=LINE('',#11692,#2628);
#1707=LINE('',#11694,#2629);
#1708=LINE('',#11695,#2630);
#1709=LINE('',#11698,#2631);
#1710=LINE('',#11700,#2632);
#1711=LINE('',#11701,#2633);
#1712=LINE('',#11704,#2634);
#1713=LINE('',#11706,#2635);
#1714=LINE('',#11707,#2636);
#1715=LINE('',#11710,#2637);
#1716=LINE('',#11712,#2638);
#1717=LINE('',#11713,#2639);
#1718=LINE('',#11715,#2640);
#1719=LINE('',#11716,#2641);
#1720=LINE('',#11722,#2642);
#1721=LINE('',#11724,#2643);
#1722=LINE('',#11726,#2644);
#1723=LINE('',#11727,#2645);
#1724=LINE('',#11730,#2646);
#1725=LINE('',#11732,#2647);
#1726=LINE('',#11733,#2648);
#1727=LINE('',#11736,#2649);
#1728=LINE('',#11738,#2650);
#1729=LINE('',#11739,#2651);
#1730=LINE('',#11742,#2652);
#1731=LINE('',#11744,#2653);
#1732=LINE('',#11745,#2654);
#1733=LINE('',#11748,#2655);
#1734=LINE('',#11750,#2656);
#1735=LINE('',#11751,#2657);
#1736=LINE('',#11754,#2658);
#1737=LINE('',#11756,#2659);
#1738=LINE('',#11757,#2660);
#1739=LINE('',#11760,#2661);
#1740=LINE('',#11762,#2662);
#1741=LINE('',#11763,#2663);
#1742=LINE('',#11766,#2664);
#1743=LINE('',#11768,#2665);
#1744=LINE('',#11769,#2666);
#1745=LINE('',#11772,#2667);
#1746=LINE('',#11774,#2668);
#1747=LINE('',#11775,#2669);
#1748=LINE('',#11778,#2670);
#1749=LINE('',#11780,#2671);
#1750=LINE('',#11781,#2672);
#1751=LINE('',#11784,#2673);
#1752=LINE('',#11786,#2674);
#1753=LINE('',#11787,#2675);
#1754=LINE('',#11789,#2676);
#1755=LINE('',#11790,#2677);
#1756=LINE('',#11796,#2678);
#1757=LINE('',#11798,#2679);
#1758=LINE('',#11800,#2680);
#1759=LINE('',#11801,#2681);
#1760=LINE('',#11804,#2682);
#1761=LINE('',#11806,#2683);
#1762=LINE('',#11807,#2684);
#1763=LINE('',#11810,#2685);
#1764=LINE('',#11812,#2686);
#1765=LINE('',#11813,#2687);
#1766=LINE('',#11816,#2688);
#1767=LINE('',#11818,#2689);
#1768=LINE('',#11819,#2690);
#1769=LINE('',#11822,#2691);
#1770=LINE('',#11824,#2692);
#1771=LINE('',#11825,#2693);
#1772=LINE('',#11828,#2694);
#1773=LINE('',#11830,#2695);
#1774=LINE('',#11831,#2696);
#1775=LINE('',#11834,#2697);
#1776=LINE('',#11836,#2698);
#1777=LINE('',#11837,#2699);
#1778=LINE('',#11840,#2700);
#1779=LINE('',#11842,#2701);
#1780=LINE('',#11843,#2702);
#1781=LINE('',#11846,#2703);
#1782=LINE('',#11848,#2704);
#1783=LINE('',#11849,#2705);
#1784=LINE('',#11852,#2706);
#1785=LINE('',#11854,#2707);
#1786=LINE('',#11855,#2708);
#1787=LINE('',#11858,#2709);
#1788=LINE('',#11860,#2710);
#1789=LINE('',#11861,#2711);
#1790=LINE('',#11863,#2712);
#1791=LINE('',#11864,#2713);
#1792=LINE('',#11870,#2714);
#1793=LINE('',#11872,#2715);
#1794=LINE('',#11874,#2716);
#1795=LINE('',#11875,#2717);
#1796=LINE('',#11878,#2718);
#1797=LINE('',#11880,#2719);
#1798=LINE('',#11881,#2720);
#1799=LINE('',#11884,#2721);
#1800=LINE('',#11886,#2722);
#1801=LINE('',#11887,#2723);
#1802=LINE('',#11889,#2724);
#1803=LINE('',#11890,#2725);
#1804=LINE('',#11894,#2726);
#1805=LINE('',#11896,#2727);
#1806=LINE('',#11898,#2728);
#1807=LINE('',#11899,#2729);
#1808=LINE('',#11902,#2730);
#1809=LINE('',#11904,#2731);
#1810=LINE('',#11905,#2732);
#1811=LINE('',#11908,#2733);
#1812=LINE('',#11910,#2734);
#1813=LINE('',#11911,#2735);
#1814=LINE('',#11914,#2736);
#1815=LINE('',#11916,#2737);
#1816=LINE('',#11917,#2738);
#1817=LINE('',#11920,#2739);
#1818=LINE('',#11922,#2740);
#1819=LINE('',#11923,#2741);
#1820=LINE('',#11926,#2742);
#1821=LINE('',#11928,#2743);
#1822=LINE('',#11929,#2744);
#1823=LINE('',#11932,#2745);
#1824=LINE('',#11934,#2746);
#1825=LINE('',#11935,#2747);
#1826=LINE('',#11938,#2748);
#1827=LINE('',#11940,#2749);
#1828=LINE('',#11941,#2750);
#1829=LINE('',#11944,#2751);
#1830=LINE('',#11946,#2752);
#1831=LINE('',#11947,#2753);
#1832=LINE('',#11950,#2754);
#1833=LINE('',#11952,#2755);
#1834=LINE('',#11953,#2756);
#1835=LINE('',#11956,#2757);
#1836=LINE('',#11958,#2758);
#1837=LINE('',#11959,#2759);
#1838=LINE('',#11962,#2760);
#1839=LINE('',#11964,#2761);
#1840=LINE('',#11965,#2762);
#1841=LINE('',#11968,#2763);
#1842=LINE('',#11970,#2764);
#1843=LINE('',#11971,#2765);
#1844=LINE('',#11973,#2766);
#1845=LINE('',#11974,#2767);
#1846=LINE('',#11980,#2768);
#1847=LINE('',#11982,#2769);
#1848=LINE('',#11984,#2770);
#1849=LINE('',#11985,#2771);
#1850=LINE('',#11988,#2772);
#1851=LINE('',#11990,#2773);
#1852=LINE('',#11991,#2774);
#1853=LINE('',#11994,#2775);
#1854=LINE('',#11996,#2776);
#1855=LINE('',#11997,#2777);
#1856=LINE('',#11999,#2778);
#1857=LINE('',#12000,#2779);
#1858=LINE('',#12004,#2780);
#1859=LINE('',#12006,#2781);
#1860=LINE('',#12008,#2782);
#1861=LINE('',#12009,#2783);
#1862=LINE('',#12012,#2784);
#1863=LINE('',#12014,#2785);
#1864=LINE('',#12015,#2786);
#1865=LINE('',#12018,#2787);
#1866=LINE('',#12020,#2788);
#1867=LINE('',#12021,#2789);
#1868=LINE('',#12024,#2790);
#1869=LINE('',#12026,#2791);
#1870=LINE('',#12027,#2792);
#1871=LINE('',#12030,#2793);
#1872=LINE('',#12032,#2794);
#1873=LINE('',#12033,#2795);
#1874=LINE('',#12036,#2796);
#1875=LINE('',#12038,#2797);
#1876=LINE('',#12039,#2798);
#1877=LINE('',#12042,#2799);
#1878=LINE('',#12044,#2800);
#1879=LINE('',#12045,#2801);
#1880=LINE('',#12048,#2802);
#1881=LINE('',#12050,#2803);
#1882=LINE('',#12051,#2804);
#1883=LINE('',#12054,#2805);
#1884=LINE('',#12056,#2806);
#1885=LINE('',#12057,#2807);
#1886=LINE('',#12060,#2808);
#1887=LINE('',#12062,#2809);
#1888=LINE('',#12063,#2810);
#1889=LINE('',#12066,#2811);
#1890=LINE('',#12068,#2812);
#1891=LINE('',#12069,#2813);
#1892=LINE('',#12071,#2814);
#1893=LINE('',#12072,#2815);
#1894=LINE('',#12078,#2816);
#1895=LINE('',#12080,#2817);
#1896=LINE('',#12082,#2818);
#1897=LINE('',#12083,#2819);
#1898=LINE('',#12086,#2820);
#1899=LINE('',#12088,#2821);
#1900=LINE('',#12089,#2822);
#1901=LINE('',#12092,#2823);
#1902=LINE('',#12094,#2824);
#1903=LINE('',#12095,#2825);
#1904=LINE('',#12098,#2826);
#1905=LINE('',#12100,#2827);
#1906=LINE('',#12101,#2828);
#1907=LINE('',#12104,#2829);
#1908=LINE('',#12106,#2830);
#1909=LINE('',#12107,#2831);
#1910=LINE('',#12110,#2832);
#1911=LINE('',#12112,#2833);
#1912=LINE('',#12113,#2834);
#1913=LINE('',#12116,#2835);
#1914=LINE('',#12118,#2836);
#1915=LINE('',#12119,#2837);
#1916=LINE('',#12122,#2838);
#1917=LINE('',#12124,#2839);
#1918=LINE('',#12125,#2840);
#1919=LINE('',#12128,#2841);
#1920=LINE('',#12130,#2842);
#1921=LINE('',#12131,#2843);
#1922=LINE('',#12134,#2844);
#1923=LINE('',#12136,#2845);
#1924=LINE('',#12137,#2846);
#1925=LINE('',#12140,#2847);
#1926=LINE('',#12142,#2848);
#1927=LINE('',#12143,#2849);
#1928=LINE('',#12145,#2850);
#1929=LINE('',#12146,#2851);
#1930=LINE('',#12152,#2852);
#1931=LINE('',#12154,#2853);
#1932=LINE('',#12156,#2854);
#1933=LINE('',#12157,#2855);
#1934=LINE('',#12160,#2856);
#1935=LINE('',#12162,#2857);
#1936=LINE('',#12163,#2858);
#1937=LINE('',#12166,#2859);
#1938=LINE('',#12168,#2860);
#1939=LINE('',#12169,#2861);
#1940=LINE('',#12171,#2862);
#1941=LINE('',#12172,#2863);
#1942=LINE('',#12176,#2864);
#1943=LINE('',#12178,#2865);
#1944=LINE('',#12180,#2866);
#1945=LINE('',#12181,#2867);
#1946=LINE('',#12184,#2868);
#1947=LINE('',#12186,#2869);
#1948=LINE('',#12187,#2870);
#1949=LINE('',#12190,#2871);
#1950=LINE('',#12192,#2872);
#1951=LINE('',#12193,#2873);
#1952=LINE('',#12196,#2874);
#1953=LINE('',#12198,#2875);
#1954=LINE('',#12199,#2876);
#1955=LINE('',#12202,#2877);
#1956=LINE('',#12204,#2878);
#1957=LINE('',#12205,#2879);
#1958=LINE('',#12208,#2880);
#1959=LINE('',#12210,#2881);
#1960=LINE('',#12211,#2882);
#1961=LINE('',#12214,#2883);
#1962=LINE('',#12216,#2884);
#1963=LINE('',#12217,#2885);
#1964=LINE('',#12220,#2886);
#1965=LINE('',#12222,#2887);
#1966=LINE('',#12223,#2888);
#1967=LINE('',#12226,#2889);
#1968=LINE('',#12228,#2890);
#1969=LINE('',#12229,#2891);
#1970=LINE('',#12232,#2892);
#1971=LINE('',#12234,#2893);
#1972=LINE('',#12235,#2894);
#1973=LINE('',#12238,#2895);
#1974=LINE('',#12240,#2896);
#1975=LINE('',#12241,#2897);
#1976=LINE('',#12243,#2898);
#1977=LINE('',#12244,#2899);
#1978=LINE('',#12250,#2900);
#1979=LINE('',#12252,#2901);
#1980=LINE('',#12254,#2902);
#1981=LINE('',#12255,#2903);
#1982=LINE('',#12258,#2904);
#1983=LINE('',#12260,#2905);
#1984=LINE('',#12261,#2906);
#1985=LINE('',#12264,#2907);
#1986=LINE('',#12266,#2908);
#1987=LINE('',#12267,#2909);
#1988=LINE('',#12270,#2910);
#1989=LINE('',#12272,#2911);
#1990=LINE('',#12273,#2912);
#1991=LINE('',#12276,#2913);
#1992=LINE('',#12278,#2914);
#1993=LINE('',#12279,#2915);
#1994=LINE('',#12282,#2916);
#1995=LINE('',#12284,#2917);
#1996=LINE('',#12285,#2918);
#1997=LINE('',#12288,#2919);
#1998=LINE('',#12290,#2920);
#1999=LINE('',#12291,#2921);
#2000=LINE('',#12294,#2922);
#2001=LINE('',#12296,#2923);
#2002=LINE('',#12297,#2924);
#2003=LINE('',#12300,#2925);
#2004=LINE('',#12302,#2926);
#2005=LINE('',#12303,#2927);
#2006=LINE('',#12306,#2928);
#2007=LINE('',#12308,#2929);
#2008=LINE('',#12309,#2930);
#2009=LINE('',#12312,#2931);
#2010=LINE('',#12314,#2932);
#2011=LINE('',#12315,#2933);
#2012=LINE('',#12318,#2934);
#2013=LINE('',#12320,#2935);
#2014=LINE('',#12321,#2936);
#2015=LINE('',#12324,#2937);
#2016=LINE('',#12326,#2938);
#2017=LINE('',#12327,#2939);
#2018=LINE('',#12330,#2940);
#2019=LINE('',#12332,#2941);
#2020=LINE('',#12333,#2942);
#2021=LINE('',#12336,#2943);
#2022=LINE('',#12338,#2944);
#2023=LINE('',#12339,#2945);
#2024=LINE('',#12342,#2946);
#2025=LINE('',#12344,#2947);
#2026=LINE('',#12345,#2948);
#2027=LINE('',#12348,#2949);
#2028=LINE('',#12350,#2950);
#2029=LINE('',#12351,#2951);
#2030=LINE('',#12354,#2952);
#2031=LINE('',#12356,#2953);
#2032=LINE('',#12357,#2954);
#2033=LINE('',#12360,#2955);
#2034=LINE('',#12362,#2956);
#2035=LINE('',#12363,#2957);
#2036=LINE('',#12365,#2958);
#2037=LINE('',#12366,#2959);
#2038=LINE('',#12372,#2960);
#2039=LINE('',#12374,#2961);
#2040=LINE('',#12376,#2962);
#2041=LINE('',#12377,#2963);
#2042=LINE('',#12380,#2964);
#2043=LINE('',#12382,#2965);
#2044=LINE('',#12383,#2966);
#2045=LINE('',#12386,#2967);
#2046=LINE('',#12388,#2968);
#2047=LINE('',#12389,#2969);
#2048=LINE('',#12392,#2970);
#2049=LINE('',#12394,#2971);
#2050=LINE('',#12395,#2972);
#2051=LINE('',#12398,#2973);
#2052=LINE('',#12400,#2974);
#2053=LINE('',#12401,#2975);
#2054=LINE('',#12404,#2976);
#2055=LINE('',#12406,#2977);
#2056=LINE('',#12407,#2978);
#2057=LINE('',#12410,#2979);
#2058=LINE('',#12412,#2980);
#2059=LINE('',#12413,#2981);
#2060=LINE('',#12416,#2982);
#2061=LINE('',#12418,#2983);
#2062=LINE('',#12419,#2984);
#2063=LINE('',#12422,#2985);
#2064=LINE('',#12424,#2986);
#2065=LINE('',#12425,#2987);
#2066=LINE('',#12428,#2988);
#2067=LINE('',#12430,#2989);
#2068=LINE('',#12431,#2990);
#2069=LINE('',#12434,#2991);
#2070=LINE('',#12436,#2992);
#2071=LINE('',#12437,#2993);
#2072=LINE('',#12440,#2994);
#2073=LINE('',#12442,#2995);
#2074=LINE('',#12443,#2996);
#2075=LINE('',#12446,#2997);
#2076=LINE('',#12448,#2998);
#2077=LINE('',#12449,#2999);
#2078=LINE('',#12452,#3000);
#2079=LINE('',#12454,#3001);
#2080=LINE('',#12455,#3002);
#2081=LINE('',#12458,#3003);
#2082=LINE('',#12460,#3004);
#2083=LINE('',#12461,#3005);
#2084=LINE('',#12464,#3006);
#2085=LINE('',#12466,#3007);
#2086=LINE('',#12467,#3008);
#2087=LINE('',#12470,#3009);
#2088=LINE('',#12472,#3010);
#2089=LINE('',#12473,#3011);
#2090=LINE('',#12476,#3012);
#2091=LINE('',#12478,#3013);
#2092=LINE('',#12479,#3014);
#2093=LINE('',#12482,#3015);
#2094=LINE('',#12484,#3016);
#2095=LINE('',#12485,#3017);
#2096=LINE('',#12487,#3018);
#2097=LINE('',#12488,#3019);
#2098=LINE('',#12494,#3020);
#2099=LINE('',#12496,#3021);
#2100=LINE('',#12498,#3022);
#2101=LINE('',#12499,#3023);
#2102=LINE('',#12502,#3024);
#2103=LINE('',#12504,#3025);
#2104=LINE('',#12505,#3026);
#2105=LINE('',#12508,#3027);
#2106=LINE('',#12510,#3028);
#2107=LINE('',#12511,#3029);
#2108=LINE('',#12514,#3030);
#2109=LINE('',#12516,#3031);
#2110=LINE('',#12517,#3032);
#2111=LINE('',#12520,#3033);
#2112=LINE('',#12522,#3034);
#2113=LINE('',#12523,#3035);
#2114=LINE('',#12526,#3036);
#2115=LINE('',#12528,#3037);
#2116=LINE('',#12529,#3038);
#2117=LINE('',#12532,#3039);
#2118=LINE('',#12534,#3040);
#2119=LINE('',#12535,#3041);
#2120=LINE('',#12537,#3042);
#2121=LINE('',#12538,#3043);
#2122=LINE('',#12544,#3044);
#2123=LINE('',#12546,#3045);
#2124=LINE('',#12548,#3046);
#2125=LINE('',#12549,#3047);
#2126=LINE('',#12552,#3048);
#2127=LINE('',#12554,#3049);
#2128=LINE('',#12555,#3050);
#2129=LINE('',#12558,#3051);
#2130=LINE('',#12560,#3052);
#2131=LINE('',#12561,#3053);
#2132=LINE('',#12564,#3054);
#2133=LINE('',#12566,#3055);
#2134=LINE('',#12567,#3056);
#2135=LINE('',#12570,#3057);
#2136=LINE('',#12572,#3058);
#2137=LINE('',#12573,#3059);
#2138=LINE('',#12576,#3060);
#2139=LINE('',#12578,#3061);
#2140=LINE('',#12579,#3062);
#2141=LINE('',#12582,#3063);
#2142=LINE('',#12584,#3064);
#2143=LINE('',#12585,#3065);
#2144=LINE('',#12587,#3066);
#2145=LINE('',#12588,#3067);
#2146=LINE('',#12594,#3068);
#2147=LINE('',#12596,#3069);
#2148=LINE('',#12598,#3070);
#2149=LINE('',#12599,#3071);
#2150=LINE('',#12602,#3072);
#2151=LINE('',#12604,#3073);
#2152=LINE('',#12605,#3074);
#2153=LINE('',#12608,#3075);
#2154=LINE('',#12610,#3076);
#2155=LINE('',#12611,#3077);
#2156=LINE('',#12614,#3078);
#2157=LINE('',#12616,#3079);
#2158=LINE('',#12617,#3080);
#2159=LINE('',#12620,#3081);
#2160=LINE('',#12622,#3082);
#2161=LINE('',#12623,#3083);
#2162=LINE('',#12626,#3084);
#2163=LINE('',#12628,#3085);
#2164=LINE('',#12629,#3086);
#2165=LINE('',#12632,#3087);
#2166=LINE('',#12634,#3088);
#2167=LINE('',#12635,#3089);
#2168=LINE('',#12638,#3090);
#2169=LINE('',#12640,#3091);
#2170=LINE('',#12641,#3092);
#2171=LINE('',#12644,#3093);
#2172=LINE('',#12646,#3094);
#2173=LINE('',#12647,#3095);
#2174=LINE('',#12650,#3096);
#2175=LINE('',#12652,#3097);
#2176=LINE('',#12653,#3098);
#2177=LINE('',#12656,#3099);
#2178=LINE('',#12658,#3100);
#2179=LINE('',#12659,#3101);
#2180=LINE('',#12662,#3102);
#2181=LINE('',#12664,#3103);
#2182=LINE('',#12665,#3104);
#2183=LINE('',#12668,#3105);
#2184=LINE('',#12670,#3106);
#2185=LINE('',#12671,#3107);
#2186=LINE('',#12674,#3108);
#2187=LINE('',#12676,#3109);
#2188=LINE('',#12677,#3110);
#2189=LINE('',#12680,#3111);
#2190=LINE('',#12682,#3112);
#2191=LINE('',#12683,#3113);
#2192=LINE('',#12686,#3114);
#2193=LINE('',#12688,#3115);
#2194=LINE('',#12689,#3116);
#2195=LINE('',#12692,#3117);
#2196=LINE('',#12694,#3118);
#2197=LINE('',#12695,#3119);
#2198=LINE('',#12698,#3120);
#2199=LINE('',#12700,#3121);
#2200=LINE('',#12701,#3122);
#2201=LINE('',#12704,#3123);
#2202=LINE('',#12706,#3124);
#2203=LINE('',#12707,#3125);
#2204=LINE('',#12709,#3126);
#2205=LINE('',#12710,#3127);
#2206=LINE('',#12716,#3128);
#2207=LINE('',#12718,#3129);
#2208=LINE('',#12720,#3130);
#2209=LINE('',#12721,#3131);
#2210=LINE('',#12724,#3132);
#2211=LINE('',#12726,#3133);
#2212=LINE('',#12727,#3134);
#2213=LINE('',#12730,#3135);
#2214=LINE('',#12732,#3136);
#2215=LINE('',#12733,#3137);
#2216=LINE('',#12736,#3138);
#2217=LINE('',#12738,#3139);
#2218=LINE('',#12739,#3140);
#2219=LINE('',#12742,#3141);
#2220=LINE('',#12744,#3142);
#2221=LINE('',#12745,#3143);
#2222=LINE('',#12748,#3144);
#2223=LINE('',#12750,#3145);
#2224=LINE('',#12751,#3146);
#2225=LINE('',#12754,#3147);
#2226=LINE('',#12756,#3148);
#2227=LINE('',#12757,#3149);
#2228=LINE('',#12760,#3150);
#2229=LINE('',#12762,#3151);
#2230=LINE('',#12763,#3152);
#2231=LINE('',#12766,#3153);
#2232=LINE('',#12768,#3154);
#2233=LINE('',#12769,#3155);
#2234=LINE('',#12772,#3156);
#2235=LINE('',#12774,#3157);
#2236=LINE('',#12775,#3158);
#2237=LINE('',#12778,#3159);
#2238=LINE('',#12780,#3160);
#2239=LINE('',#12781,#3161);
#2240=LINE('',#12784,#3162);
#2241=LINE('',#12786,#3163);
#2242=LINE('',#12787,#3164);
#2243=LINE('',#12790,#3165);
#2244=LINE('',#12792,#3166);
#2245=LINE('',#12793,#3167);
#2246=LINE('',#12796,#3168);
#2247=LINE('',#12798,#3169);
#2248=LINE('',#12799,#3170);
#2249=LINE('',#12802,#3171);
#2250=LINE('',#12804,#3172);
#2251=LINE('',#12805,#3173);
#2252=LINE('',#12808,#3174);
#2253=LINE('',#12810,#3175);
#2254=LINE('',#12811,#3176);
#2255=LINE('',#12814,#3177);
#2256=LINE('',#12816,#3178);
#2257=LINE('',#12817,#3179);
#2258=LINE('',#12820,#3180);
#2259=LINE('',#12822,#3181);
#2260=LINE('',#12823,#3182);
#2261=LINE('',#12826,#3183);
#2262=LINE('',#12828,#3184);
#2263=LINE('',#12829,#3185);
#2264=LINE('',#12831,#3186);
#2265=LINE('',#12832,#3187);
#2266=LINE('',#12838,#3188);
#2267=LINE('',#12840,#3189);
#2268=LINE('',#12842,#3190);
#2269=LINE('',#12843,#3191);
#2270=LINE('',#12846,#3192);
#2271=LINE('',#12848,#3193);
#2272=LINE('',#12849,#3194);
#2273=LINE('',#12852,#3195);
#2274=LINE('',#12854,#3196);
#2275=LINE('',#12855,#3197);
#2276=LINE('',#12858,#3198);
#2277=LINE('',#12860,#3199);
#2278=LINE('',#12861,#3200);
#2279=LINE('',#12864,#3201);
#2280=LINE('',#12866,#3202);
#2281=LINE('',#12867,#3203);
#2282=LINE('',#12870,#3204);
#2283=LINE('',#12872,#3205);
#2284=LINE('',#12873,#3206);
#2285=LINE('',#12876,#3207);
#2286=LINE('',#12878,#3208);
#2287=LINE('',#12879,#3209);
#2288=LINE('',#12881,#3210);
#2289=LINE('',#12882,#3211);
#2290=LINE('',#12888,#3212);
#2291=LINE('',#12890,#3213);
#2292=LINE('',#12892,#3214);
#2293=LINE('',#12893,#3215);
#2294=LINE('',#12896,#3216);
#2295=LINE('',#12898,#3217);
#2296=LINE('',#12899,#3218);
#2297=LINE('',#12902,#3219);
#2298=LINE('',#12904,#3220);
#2299=LINE('',#12905,#3221);
#2300=LINE('',#12908,#3222);
#2301=LINE('',#12910,#3223);
#2302=LINE('',#12911,#3224);
#2303=LINE('',#12914,#3225);
#2304=LINE('',#12916,#3226);
#2305=LINE('',#12917,#3227);
#2306=LINE('',#12919,#3228);
#2307=LINE('',#12920,#3229);
#2308=LINE('',#12926,#3230);
#2309=LINE('',#12928,#3231);
#2310=LINE('',#12930,#3232);
#2311=LINE('',#12931,#3233);
#2312=LINE('',#12934,#3234);
#2313=LINE('',#12936,#3235);
#2314=LINE('',#12937,#3236);
#2315=LINE('',#12940,#3237);
#2316=LINE('',#12942,#3238);
#2317=LINE('',#12943,#3239);
#2318=LINE('',#12946,#3240);
#2319=LINE('',#12948,#3241);
#2320=LINE('',#12949,#3242);
#2321=LINE('',#12952,#3243);
#2322=LINE('',#12954,#3244);
#2323=LINE('',#12955,#3245);
#2324=LINE('',#12958,#3246);
#2325=LINE('',#12960,#3247);
#2326=LINE('',#12961,#3248);
#2327=LINE('',#12964,#3249);
#2328=LINE('',#12966,#3250);
#2329=LINE('',#12967,#3251);
#2330=LINE('',#12970,#3252);
#2331=LINE('',#12972,#3253);
#2332=LINE('',#12973,#3254);
#2333=LINE('',#12976,#3255);
#2334=LINE('',#12978,#3256);
#2335=LINE('',#12979,#3257);
#2336=LINE('',#12982,#3258);
#2337=LINE('',#12984,#3259);
#2338=LINE('',#12985,#3260);
#2339=LINE('',#12988,#3261);
#2340=LINE('',#12990,#3262);
#2341=LINE('',#12991,#3263);
#2342=LINE('',#12993,#3264);
#2343=LINE('',#12994,#3265);
#2344=VECTOR('',#8497,2.00000000000001);
#2345=VECTOR('',#8502,10.);
#2346=VECTOR('',#8503,10.);
#2347=VECTOR('',#8504,10.);
#2348=VECTOR('',#8505,10.);
#2349=VECTOR('',#8508,10.);
#2350=VECTOR('',#8509,10.);
#2351=VECTOR('',#8510,10.);
#2352=VECTOR('',#8513,10.);
#2353=VECTOR('',#8514,10.);
#2354=VECTOR('',#8515,10.);
#2355=VECTOR('',#8518,10.);
#2356=VECTOR('',#8519,10.);
#2357=VECTOR('',#8524,14.);
#2358=VECTOR('',#8531,2.00000000000001);
#2359=VECTOR('',#8538,1.99999999999999);
#2360=VECTOR('',#8543,10.);
#2361=VECTOR('',#8544,10.);
#2362=VECTOR('',#8545,10.);
#2363=VECTOR('',#8546,10.);
#2364=VECTOR('',#8549,10.);
#2365=VECTOR('',#8550,10.);
#2366=VECTOR('',#8551,10.);
#2367=VECTOR('',#8554,10.);
#2368=VECTOR('',#8555,10.);
#2369=VECTOR('',#8556,10.);
#2370=VECTOR('',#8559,10.);
#2371=VECTOR('',#8560,10.);
#2372=VECTOR('',#8565,14.);
#2373=VECTOR('',#8570,10.);
#2374=VECTOR('',#8571,10.);
#2375=VECTOR('',#8572,10.);
#2376=VECTOR('',#8573,10.);
#2377=VECTOR('',#8576,10.);
#2378=VECTOR('',#8577,10.);
#2379=VECTOR('',#8578,10.);
#2380=VECTOR('',#8581,10.);
#2381=VECTOR('',#8582,10.);
#2382=VECTOR('',#8583,10.);
#2383=VECTOR('',#8586,10.);
#2384=VECTOR('',#8587,10.);
#2385=VECTOR('',#8592,1.99999999999999);
#2386=VECTOR('',#8599,10.);
#2387=VECTOR('',#8602,10.);
#2388=VECTOR('',#8605,10.);
#2389=VECTOR('',#8606,10.);
#2390=VECTOR('',#8607,10.);
#2391=VECTOR('',#8608,10.);
#2392=VECTOR('',#8611,10.);
#2393=VECTOR('',#8612,10.);
#2394=VECTOR('',#8617,10.);
#2395=VECTOR('',#8620,10.);
#2396=VECTOR('',#8623,10.);
#2397=VECTOR('',#8624,10.);
#2398=VECTOR('',#8625,10.);
#2399=VECTOR('',#8626,10.);
#2400=VECTOR('',#8629,10.);
#2401=VECTOR('',#8630,10.);
#2402=VECTOR('',#8631,10.);
#2403=VECTOR('',#8632,10.);
#2404=VECTOR('',#8633,10.);
#2405=VECTOR('',#8634,10.);
#2406=VECTOR('',#8639,10.);
#2407=VECTOR('',#8654,10.);
#2408=VECTOR('',#8655,10.);
#2409=VECTOR('',#8668,10.);
#2410=VECTOR('',#8669,10.);
#2411=VECTOR('',#8672,10.);
#2412=VECTOR('',#8673,10.);
#2413=VECTOR('',#8674,10.);
#2414=VECTOR('',#8675,10.);
#2415=VECTOR('',#8676,10.);
#2416=VECTOR('',#8699,10.);
#2417=VECTOR('',#8702,10.);
#2418=VECTOR('',#8705,10.);
#2419=VECTOR('',#8706,10.);
#2420=VECTOR('',#8707,10.);
#2421=VECTOR('',#8708,10.);
#2422=VECTOR('',#8711,10.);
#2423=VECTOR('',#8712,10.);
#2424=VECTOR('',#8717,10.);
#2425=VECTOR('',#8720,10.);
#2426=VECTOR('',#8723,10.);
#2427=VECTOR('',#8724,10.);
#2428=VECTOR('',#8725,10.);
#2429=VECTOR('',#8726,10.);
#2430=VECTOR('',#8729,10.);
#2431=VECTOR('',#8730,10.);
#2432=VECTOR('',#8731,10.);
#2433=VECTOR('',#8732,10.);
#2434=VECTOR('',#8733,10.);
#2435=VECTOR('',#8734,10.);
#2436=VECTOR('',#8739,10.);
#2437=VECTOR('',#8754,10.);
#2438=VECTOR('',#8755,10.);
#2439=VECTOR('',#8768,10.);
#2440=VECTOR('',#8769,10.);
#2441=VECTOR('',#8772,10.);
#2442=VECTOR('',#8773,10.);
#2443=VECTOR('',#8774,10.);
#2444=VECTOR('',#8775,10.);
#2445=VECTOR('',#8776,10.);
#2446=VECTOR('',#8799,1.74999999999999);
#2447=VECTOR('',#8806,1.74999999999999);
#2448=VECTOR('',#8815,1.74999999999997);
#2449=VECTOR('',#8822,1.74999999999997);
#2450=VECTOR('',#8831,1.74999999999999);
#2451=VECTOR('',#8838,1.74999999999999);
#2452=VECTOR('',#8847,1.74999999999997);
#2453=VECTOR('',#8854,1.74999999999997);
#2454=VECTOR('',#8863,10.);
#2455=VECTOR('',#8866,10.);
#2456=VECTOR('',#8869,10.);
#2457=VECTOR('',#8870,10.);
#2458=VECTOR('',#8871,10.);
#2459=VECTOR('',#8874,10.);
#2460=VECTOR('',#8875,10.);
#2461=VECTOR('',#8880,10.);
#2462=VECTOR('',#8883,10.);
#2463=VECTOR('',#8886,10.);
#2464=VECTOR('',#8887,10.);
#2465=VECTOR('',#8888,10.);
#2466=VECTOR('',#8895,10.);
#2467=VECTOR('',#8898,10.);
#2468=VECTOR('',#8899,10.);
#2469=VECTOR('',#8904,10.);
#2470=VECTOR('',#8907,10.);
#2471=VECTOR('',#8910,10.);
#2472=VECTOR('',#8911,10.);
#2473=VECTOR('',#8912,10.);
#2474=VECTOR('',#8915,10.);
#2475=VECTOR('',#8920,10.);
#2476=VECTOR('',#8923,10.);
#2477=VECTOR('',#8926,10.);
#2478=VECTOR('',#8927,10.);
#2479=VECTOR('',#8928,10.);
#2480=VECTOR('',#8931,10.);
#2481=VECTOR('',#8932,10.);
#2482=VECTOR('',#8939,10.);
#2483=VECTOR('',#8942,10.);
#2484=VECTOR('',#8945,10.);
#2485=VECTOR('',#8946,10.);
#2486=VECTOR('',#8949,10.);
#2487=VECTOR('',#8952,10.);
#2488=VECTOR('',#8953,10.);
#2489=VECTOR('',#8954,10.);
#2490=VECTOR('',#8955,10.);
#2491=VECTOR('',#8956,10.);
#2492=VECTOR('',#8957,10.);
#2493=VECTOR('',#8958,10.);
#2494=VECTOR('',#8963,10.);
#2495=VECTOR('',#8964,10.);
#2496=VECTOR('',#8967,10.);
#2497=VECTOR('',#8970,10.);
#2498=VECTOR('',#8971,10.);
#2499=VECTOR('',#8972,10.);
#2500=VECTOR('',#8975,10.);
#2501=VECTOR('',#8976,10.);
#2502=VECTOR('',#8981,10.);
#2503=VECTOR('',#8984,10.);
#2504=VECTOR('',#8989,10.);
#2505=VECTOR('',#8992,10.);
#2506=VECTOR('',#9003,1.29999999999999);
#2507=VECTOR('',#9020,1.29999999999999);
#2508=VECTOR('',#9037,1.29999999999999);
#2509=VECTOR('',#9054,1.29999999999999);
#2510=VECTOR('',#9063,10.);
#2511=VECTOR('',#9066,10.);
#2512=VECTOR('',#9071,10.);
#2513=VECTOR('',#9074,10.);
#2514=VECTOR('',#9077,10.);
#2515=VECTOR('',#9080,10.);
#2516=VECTOR('',#9081,10.);
#2517=VECTOR('',#9084,10.);
#2518=VECTOR('',#9085,10.);
#2519=VECTOR('',#9088,10.);
#2520=VECTOR('',#9089,10.);
#2521=VECTOR('',#9092,10.);
#2522=VECTOR('',#9095,10.);
#2523=VECTOR('',#9102,10.);
#2524=VECTOR('',#9121,1.99999999999999);
#2525=VECTOR('',#9124,1.99999999999999);
#2526=VECTOR('',#9129,2.00000000000001);
#2527=VECTOR('',#9134,1.99999999999999);
#2528=VECTOR('',#9141,10.);
#2529=VECTOR('',#9146,10.);
#2530=VECTOR('',#9147,10.);
#2531=VECTOR('',#9150,10.);
#2532=VECTOR('',#9155,10.);
#2533=VECTOR('',#9158,10.);
#2534=VECTOR('',#9161,10.);
#2535=VECTOR('',#9162,10.);
#2536=VECTOR('',#9171,10.);
#2537=VECTOR('',#9174,10.);
#2538=VECTOR('',#9177,10.);
#2539=VECTOR('',#9178,10.);
#2540=VECTOR('',#9183,10.);
#2541=VECTOR('',#9184,10.);
#2542=VECTOR('',#9187,10.);
#2543=VECTOR('',#9190,10.);
#2544=VECTOR('',#9193,10.);
#2545=VECTOR('',#9216,10.);
#2546=VECTOR('',#9219,10.);
#2547=VECTOR('',#9222,10.);
#2548=VECTOR('',#9223,10.);
#2549=VECTOR('',#9228,1.75);
#2550=VECTOR('',#9231,1.75);
#2551=VECTOR('',#9236,1.75000000000001);
#2552=VECTOR('',#9239,1.75000000000001);
#2553=VECTOR('',#9244,1.75000000000001);
#2554=VECTOR('',#9247,1.75000000000001);
#2555=VECTOR('',#9252,1.75000000000001);
#2556=VECTOR('',#9255,1.75000000000001);
#2557=VECTOR('',#9260,1.75);
#2558=VECTOR('',#9263,1.75);
#2559=VECTOR('',#9268,1.75);
#2560=VECTOR('',#9271,1.75);
#2561=VECTOR('',#9276,1.75000000000001);
#2562=VECTOR('',#9279,1.75000000000001);
#2563=VECTOR('',#9284,1.75);
#2564=VECTOR('',#9287,1.75);
#2565=VECTOR('',#9292,1.75000000000001);
#2566=VECTOR('',#9295,1.75000000000001);
#2567=VECTOR('',#9300,10.);
#2568=VECTOR('',#9327,10.);
#2569=VECTOR('',#9334,12.);
#2570=VECTOR('',#9339,10.);
#2571=VECTOR('',#9340,10.);
#2572=VECTOR('',#9341,10.);
#2573=VECTOR('',#9342,10.);
#2574=VECTOR('',#9345,10.);
#2575=VECTOR('',#9346,10.);
#2576=VECTOR('',#9347,10.);
#2577=VECTOR('',#9350,10.);
#2578=VECTOR('',#9351,10.);
#2579=VECTOR('',#9352,10.);
#2580=VECTOR('',#9355,10.);
#2581=VECTOR('',#9356,10.);
#2582=VECTOR('',#9357,10.);
#2583=VECTOR('',#9360,10.);
#2584=VECTOR('',#9361,10.);
#2585=VECTOR('',#9362,10.);
#2586=VECTOR('',#9365,10.);
#2587=VECTOR('',#9366,10.);
#2588=VECTOR('',#9373,10.);
#2589=VECTOR('',#9374,10.);
#2590=VECTOR('',#9375,10.);
#2591=VECTOR('',#9376,10.);
#2592=VECTOR('',#9379,10.);
#2593=VECTOR('',#9380,10.);
#2594=VECTOR('',#9381,10.);
#2595=VECTOR('',#9384,10.);
#2596=VECTOR('',#9385,10.);
#2597=VECTOR('',#9386,10.);
#2598=VECTOR('',#9389,10.);
#2599=VECTOR('',#9390,10.);
#2600=VECTOR('',#9391,10.);
#2601=VECTOR('',#9394,10.);
#2602=VECTOR('',#9395,10.);
#2603=VECTOR('',#9396,10.);
#2604=VECTOR('',#9399,10.);
#2605=VECTOR('',#9400,10.);
#2606=VECTOR('',#9407,10.);
#2607=VECTOR('',#9408,10.);
#2608=VECTOR('',#9409,10.);
#2609=VECTOR('',#9410,10.);
#2610=VECTOR('',#9413,10.);
#2611=VECTOR('',#9414,10.);
#2612=VECTOR('',#9415,10.);
#2613=VECTOR('',#9418,10.);
#2614=VECTOR('',#9419,10.);
#2615=VECTOR('',#9420,10.);
#2616=VECTOR('',#9423,10.);
#2617=VECTOR('',#9424,10.);
#2618=VECTOR('',#9425,10.);
#2619=VECTOR('',#9428,10.);
#2620=VECTOR('',#9429,10.);
#2621=VECTOR('',#9430,10.);
#2622=VECTOR('',#9433,10.);
#2623=VECTOR('',#9434,10.);
#2624=VECTOR('',#9441,10.);
#2625=VECTOR('',#9442,10.);
#2626=VECTOR('',#9443,10.);
#2627=VECTOR('',#9444,10.);
#2628=VECTOR('',#9447,10.);
#2629=VECTOR('',#9448,10.);
#2630=VECTOR('',#9449,10.);
#2631=VECTOR('',#9452,10.);
#2632=VECTOR('',#9453,10.);
#2633=VECTOR('',#9454,10.);
#2634=VECTOR('',#9457,10.);
#2635=VECTOR('',#9458,10.);
#2636=VECTOR('',#9459,10.);
#2637=VECTOR('',#9462,10.);
#2638=VECTOR('',#9463,10.);
#2639=VECTOR('',#9464,10.);
#2640=VECTOR('',#9467,10.);
#2641=VECTOR('',#9468,10.);
#2642=VECTOR('',#9475,10.);
#2643=VECTOR('',#9476,10.);
#2644=VECTOR('',#9477,10.);
#2645=VECTOR('',#9478,10.);
#2646=VECTOR('',#9481,10.);
#2647=VECTOR('',#9482,10.);
#2648=VECTOR('',#9483,10.);
#2649=VECTOR('',#9486,10.);
#2650=VECTOR('',#9487,10.);
#2651=VECTOR('',#9488,10.);
#2652=VECTOR('',#9491,10.);
#2653=VECTOR('',#9492,10.);
#2654=VECTOR('',#9493,10.);
#2655=VECTOR('',#9496,10.);
#2656=VECTOR('',#9497,10.);
#2657=VECTOR('',#9498,10.);
#2658=VECTOR('',#9501,10.);
#2659=VECTOR('',#9502,10.);
#2660=VECTOR('',#9503,10.);
#2661=VECTOR('',#9506,10.);
#2662=VECTOR('',#9507,10.);
#2663=VECTOR('',#9508,10.);
#2664=VECTOR('',#9511,10.);
#2665=VECTOR('',#9512,10.);
#2666=VECTOR('',#9513,10.);
#2667=VECTOR('',#9516,10.);
#2668=VECTOR('',#9517,10.);
#2669=VECTOR('',#9518,10.);
#2670=VECTOR('',#9521,10.);
#2671=VECTOR('',#9522,10.);
#2672=VECTOR('',#9523,10.);
#2673=VECTOR('',#9526,10.);
#2674=VECTOR('',#9527,10.);
#2675=VECTOR('',#9528,10.);
#2676=VECTOR('',#9531,10.);
#2677=VECTOR('',#9532,10.);
#2678=VECTOR('',#9539,10.);
#2679=VECTOR('',#9540,10.);
#2680=VECTOR('',#9541,10.);
#2681=VECTOR('',#9542,10.);
#2682=VECTOR('',#9545,10.);
#2683=VECTOR('',#9546,10.);
#2684=VECTOR('',#9547,10.);
#2685=VECTOR('',#9550,10.);
#2686=VECTOR('',#9551,10.);
#2687=VECTOR('',#9552,10.);
#2688=VECTOR('',#9555,10.);
#2689=VECTOR('',#9556,10.);
#2690=VECTOR('',#9557,10.);
#2691=VECTOR('',#9560,10.);
#2692=VECTOR('',#9561,10.);
#2693=VECTOR('',#9562,10.);
#2694=VECTOR('',#9565,10.);
#2695=VECTOR('',#9566,10.);
#2696=VECTOR('',#9567,10.);
#2697=VECTOR('',#9570,10.);
#2698=VECTOR('',#9571,10.);
#2699=VECTOR('',#9572,10.);
#2700=VECTOR('',#9575,10.);
#2701=VECTOR('',#9576,10.);
#2702=VECTOR('',#9577,10.);
#2703=VECTOR('',#9580,10.);
#2704=VECTOR('',#9581,10.);
#2705=VECTOR('',#9582,10.);
#2706=VECTOR('',#9585,10.);
#2707=VECTOR('',#9586,10.);
#2708=VECTOR('',#9587,10.);
#2709=VECTOR('',#9590,10.);
#2710=VECTOR('',#9591,10.);
#2711=VECTOR('',#9592,10.);
#2712=VECTOR('',#9595,10.);
#2713=VECTOR('',#9596,10.);
#2714=VECTOR('',#9603,10.);
#2715=VECTOR('',#9604,10.);
#2716=VECTOR('',#9605,10.);
#2717=VECTOR('',#9606,10.);
#2718=VECTOR('',#9609,10.);
#2719=VECTOR('',#9610,10.);
#2720=VECTOR('',#9611,10.);
#2721=VECTOR('',#9614,10.);
#2722=VECTOR('',#9615,10.);
#2723=VECTOR('',#9616,10.);
#2724=VECTOR('',#9619,10.);
#2725=VECTOR('',#9620,10.);
#2726=VECTOR('',#9623,10.);
#2727=VECTOR('',#9624,10.);
#2728=VECTOR('',#9625,10.);
#2729=VECTOR('',#9626,10.);
#2730=VECTOR('',#9629,10.);
#2731=VECTOR('',#9630,10.);
#2732=VECTOR('',#9631,10.);
#2733=VECTOR('',#9634,10.);
#2734=VECTOR('',#9635,10.);
#2735=VECTOR('',#9636,10.);
#2736=VECTOR('',#9639,10.);
#2737=VECTOR('',#9640,10.);
#2738=VECTOR('',#9641,10.);
#2739=VECTOR('',#9644,10.);
#2740=VECTOR('',#9645,10.);
#2741=VECTOR('',#9646,10.);
#2742=VECTOR('',#9649,10.);
#2743=VECTOR('',#9650,10.);
#2744=VECTOR('',#9651,10.);
#2745=VECTOR('',#9654,10.);
#2746=VECTOR('',#9655,10.);
#2747=VECTOR('',#9656,10.);
#2748=VECTOR('',#9659,10.);
#2749=VECTOR('',#9660,10.);
#2750=VECTOR('',#9661,10.);
#2751=VECTOR('',#9664,10.);
#2752=VECTOR('',#9665,10.);
#2753=VECTOR('',#9666,10.);
#2754=VECTOR('',#9669,10.);
#2755=VECTOR('',#9670,10.);
#2756=VECTOR('',#9671,10.);
#2757=VECTOR('',#9674,10.);
#2758=VECTOR('',#9675,10.);
#2759=VECTOR('',#9676,10.);
#2760=VECTOR('',#9679,10.);
#2761=VECTOR('',#9680,10.);
#2762=VECTOR('',#9681,10.);
#2763=VECTOR('',#9684,10.);
#2764=VECTOR('',#9685,10.);
#2765=VECTOR('',#9686,10.);
#2766=VECTOR('',#9689,10.);
#2767=VECTOR('',#9690,10.);
#2768=VECTOR('',#9697,10.);
#2769=VECTOR('',#9698,10.);
#2770=VECTOR('',#9699,10.);
#2771=VECTOR('',#9700,10.);
#2772=VECTOR('',#9703,10.);
#2773=VECTOR('',#9704,10.);
#2774=VECTOR('',#9705,10.);
#2775=VECTOR('',#9708,10.);
#2776=VECTOR('',#9709,10.);
#2777=VECTOR('',#9710,10.);
#2778=VECTOR('',#9713,10.);
#2779=VECTOR('',#9714,10.);
#2780=VECTOR('',#9717,10.);
#2781=VECTOR('',#9718,10.);
#2782=VECTOR('',#9719,10.);
#2783=VECTOR('',#9720,10.);
#2784=VECTOR('',#9723,10.);
#2785=VECTOR('',#9724,10.);
#2786=VECTOR('',#9725,10.);
#2787=VECTOR('',#9728,10.);
#2788=VECTOR('',#9729,10.);
#2789=VECTOR('',#9730,10.);
#2790=VECTOR('',#9733,10.);
#2791=VECTOR('',#9734,10.);
#2792=VECTOR('',#9735,10.);
#2793=VECTOR('',#9738,10.);
#2794=VECTOR('',#9739,10.);
#2795=VECTOR('',#9740,10.);
#2796=VECTOR('',#9743,10.);
#2797=VECTOR('',#9744,10.);
#2798=VECTOR('',#9745,10.);
#2799=VECTOR('',#9748,10.);
#2800=VECTOR('',#9749,10.);
#2801=VECTOR('',#9750,10.);
#2802=VECTOR('',#9753,10.);
#2803=VECTOR('',#9754,10.);
#2804=VECTOR('',#9755,10.);
#2805=VECTOR('',#9758,10.);
#2806=VECTOR('',#9759,10.);
#2807=VECTOR('',#9760,10.);
#2808=VECTOR('',#9763,10.);
#2809=VECTOR('',#9764,10.);
#2810=VECTOR('',#9765,10.);
#2811=VECTOR('',#9768,10.);
#2812=VECTOR('',#9769,10.);
#2813=VECTOR('',#9770,10.);
#2814=VECTOR('',#9773,10.);
#2815=VECTOR('',#9774,10.);
#2816=VECTOR('',#9781,10.);
#2817=VECTOR('',#9782,10.);
#2818=VECTOR('',#9783,10.);
#2819=VECTOR('',#9784,10.);
#2820=VECTOR('',#9787,10.);
#2821=VECTOR('',#9788,10.);
#2822=VECTOR('',#9789,10.);
#2823=VECTOR('',#9792,10.);
#2824=VECTOR('',#9793,10.);
#2825=VECTOR('',#9794,10.);
#2826=VECTOR('',#9797,10.);
#2827=VECTOR('',#9798,10.);
#2828=VECTOR('',#9799,10.);
#2829=VECTOR('',#9802,10.);
#2830=VECTOR('',#9803,10.);
#2831=VECTOR('',#9804,10.);
#2832=VECTOR('',#9807,10.);
#2833=VECTOR('',#9808,10.);
#2834=VECTOR('',#9809,10.);
#2835=VECTOR('',#9812,10.);
#2836=VECTOR('',#9813,10.);
#2837=VECTOR('',#9814,10.);
#2838=VECTOR('',#9817,10.);
#2839=VECTOR('',#9818,10.);
#2840=VECTOR('',#9819,10.);
#2841=VECTOR('',#9822,10.);
#2842=VECTOR('',#9823,10.);
#2843=VECTOR('',#9824,10.);
#2844=VECTOR('',#9827,10.);
#2845=VECTOR('',#9828,10.);
#2846=VECTOR('',#9829,10.);
#2847=VECTOR('',#9832,10.);
#2848=VECTOR('',#9833,10.);
#2849=VECTOR('',#9834,10.);
#2850=VECTOR('',#9837,10.);
#2851=VECTOR('',#9838,10.);
#2852=VECTOR('',#9845,10.);
#2853=VECTOR('',#9846,10.);
#2854=VECTOR('',#9847,10.);
#2855=VECTOR('',#9848,10.);
#2856=VECTOR('',#9851,10.);
#2857=VECTOR('',#9852,10.);
#2858=VECTOR('',#9853,10.);
#2859=VECTOR('',#9856,10.);
#2860=VECTOR('',#9857,10.);
#2861=VECTOR('',#9858,10.);
#2862=VECTOR('',#9861,10.);
#2863=VECTOR('',#9862,10.);
#2864=VECTOR('',#9865,10.);
#2865=VECTOR('',#9866,10.);
#2866=VECTOR('',#9867,10.);
#2867=VECTOR('',#9868,10.);
#2868=VECTOR('',#9871,10.);
#2869=VECTOR('',#9872,10.);
#2870=VECTOR('',#9873,10.);
#2871=VECTOR('',#9876,10.);
#2872=VECTOR('',#9877,10.);
#2873=VECTOR('',#9878,10.);
#2874=VECTOR('',#9881,10.);
#2875=VECTOR('',#9882,10.);
#2876=VECTOR('',#9883,10.);
#2877=VECTOR('',#9886,10.);
#2878=VECTOR('',#9887,10.);
#2879=VECTOR('',#9888,10.);
#2880=VECTOR('',#9891,10.);
#2881=VECTOR('',#9892,10.);
#2882=VECTOR('',#9893,10.);
#2883=VECTOR('',#9896,10.);
#2884=VECTOR('',#9897,10.);
#2885=VECTOR('',#9898,10.);
#2886=VECTOR('',#9901,10.);
#2887=VECTOR('',#9902,10.);
#2888=VECTOR('',#9903,10.);
#2889=VECTOR('',#9906,10.);
#2890=VECTOR('',#9907,10.);
#2891=VECTOR('',#9908,10.);
#2892=VECTOR('',#9911,10.);
#2893=VECTOR('',#9912,10.);
#2894=VECTOR('',#9913,10.);
#2895=VECTOR('',#9916,10.);
#2896=VECTOR('',#9917,10.);
#2897=VECTOR('',#9918,10.);
#2898=VECTOR('',#9921,10.);
#2899=VECTOR('',#9922,10.);
#2900=VECTOR('',#9929,10.);
#2901=VECTOR('',#9930,10.);
#2902=VECTOR('',#9931,10.);
#2903=VECTOR('',#9932,10.);
#2904=VECTOR('',#9935,10.);
#2905=VECTOR('',#9936,10.);
#2906=VECTOR('',#9937,10.);
#2907=VECTOR('',#9940,10.);
#2908=VECTOR('',#9941,10.);
#2909=VECTOR('',#9942,10.);
#2910=VECTOR('',#9945,10.);
#2911=VECTOR('',#9946,10.);
#2912=VECTOR('',#9947,10.);
#2913=VECTOR('',#9950,10.);
#2914=VECTOR('',#9951,10.);
#2915=VECTOR('',#9952,10.);
#2916=VECTOR('',#9955,10.);
#2917=VECTOR('',#9956,10.);
#2918=VECTOR('',#9957,10.);
#2919=VECTOR('',#9960,10.);
#2920=VECTOR('',#9961,10.);
#2921=VECTOR('',#9962,10.);
#2922=VECTOR('',#9965,10.);
#2923=VECTOR('',#9966,10.);
#2924=VECTOR('',#9967,10.);
#2925=VECTOR('',#9970,10.);
#2926=VECTOR('',#9971,10.);
#2927=VECTOR('',#9972,10.);
#2928=VECTOR('',#9975,10.);
#2929=VECTOR('',#9976,10.);
#2930=VECTOR('',#9977,10.);
#2931=VECTOR('',#9980,10.);
#2932=VECTOR('',#9981,10.);
#2933=VECTOR('',#9982,10.);
#2934=VECTOR('',#9985,10.);
#2935=VECTOR('',#9986,10.);
#2936=VECTOR('',#9987,10.);
#2937=VECTOR('',#9990,10.);
#2938=VECTOR('',#9991,10.);
#2939=VECTOR('',#9992,10.);
#2940=VECTOR('',#9995,10.);
#2941=VECTOR('',#9996,10.);
#2942=VECTOR('',#9997,10.);
#2943=VECTOR('',#10000,10.);
#2944=VECTOR('',#10001,10.);
#2945=VECTOR('',#10002,10.);
#2946=VECTOR('',#10005,10.);
#2947=VECTOR('',#10006,10.);
#2948=VECTOR('',#10007,10.);
#2949=VECTOR('',#10010,10.);
#2950=VECTOR('',#10011,10.);
#2951=VECTOR('',#10012,10.);
#2952=VECTOR('',#10015,10.);
#2953=VECTOR('',#10016,10.);
#2954=VECTOR('',#10017,10.);
#2955=VECTOR('',#10020,10.);
#2956=VECTOR('',#10021,10.);
#2957=VECTOR('',#10022,10.);
#2958=VECTOR('',#10025,10.);
#2959=VECTOR('',#10026,10.);
#2960=VECTOR('',#10033,10.);
#2961=VECTOR('',#10034,10.);
#2962=VECTOR('',#10035,10.);
#2963=VECTOR('',#10036,10.);
#2964=VECTOR('',#10039,10.);
#2965=VECTOR('',#10040,10.);
#2966=VECTOR('',#10041,10.);
#2967=VECTOR('',#10044,10.);
#2968=VECTOR('',#10045,10.);
#2969=VECTOR('',#10046,10.);
#2970=VECTOR('',#10049,10.);
#2971=VECTOR('',#10050,10.);
#2972=VECTOR('',#10051,10.);
#2973=VECTOR('',#10054,10.);
#2974=VECTOR('',#10055,10.);
#2975=VECTOR('',#10056,10.);
#2976=VECTOR('',#10059,10.);
#2977=VECTOR('',#10060,10.);
#2978=VECTOR('',#10061,10.);
#2979=VECTOR('',#10064,10.);
#2980=VECTOR('',#10065,10.);
#2981=VECTOR('',#10066,10.);
#2982=VECTOR('',#10069,10.);
#2983=VECTOR('',#10070,10.);
#2984=VECTOR('',#10071,10.);
#2985=VECTOR('',#10074,10.);
#2986=VECTOR('',#10075,10.);
#2987=VECTOR('',#10076,10.);
#2988=VECTOR('',#10079,10.);
#2989=VECTOR('',#10080,10.);
#2990=VECTOR('',#10081,10.);
#2991=VECTOR('',#10084,10.);
#2992=VECTOR('',#10085,10.);
#2993=VECTOR('',#10086,10.);
#2994=VECTOR('',#10089,10.);
#2995=VECTOR('',#10090,10.);
#2996=VECTOR('',#10091,10.);
#2997=VECTOR('',#10094,10.);
#2998=VECTOR('',#10095,10.);
#2999=VECTOR('',#10096,10.);
#3000=VECTOR('',#10099,10.);
#3001=VECTOR('',#10100,10.);
#3002=VECTOR('',#10101,10.);
#3003=VECTOR('',#10104,10.);
#3004=VECTOR('',#10105,10.);
#3005=VECTOR('',#10106,10.);
#3006=VECTOR('',#10109,10.);
#3007=VECTOR('',#10110,10.);
#3008=VECTOR('',#10111,10.);
#3009=VECTOR('',#10114,10.);
#3010=VECTOR('',#10115,10.);
#3011=VECTOR('',#10116,10.);
#3012=VECTOR('',#10119,10.);
#3013=VECTOR('',#10120,10.);
#3014=VECTOR('',#10121,10.);
#3015=VECTOR('',#10124,10.);
#3016=VECTOR('',#10125,10.);
#3017=VECTOR('',#10126,10.);
#3018=VECTOR('',#10129,10.);
#3019=VECTOR('',#10130,10.);
#3020=VECTOR('',#10137,10.);
#3021=VECTOR('',#10138,10.);
#3022=VECTOR('',#10139,10.);
#3023=VECTOR('',#10140,10.);
#3024=VECTOR('',#10143,10.);
#3025=VECTOR('',#10144,10.);
#3026=VECTOR('',#10145,10.);
#3027=VECTOR('',#10148,10.);
#3028=VECTOR('',#10149,10.);
#3029=VECTOR('',#10150,10.);
#3030=VECTOR('',#10153,10.);
#3031=VECTOR('',#10154,10.);
#3032=VECTOR('',#10155,10.);
#3033=VECTOR('',#10158,10.);
#3034=VECTOR('',#10159,10.);
#3035=VECTOR('',#10160,10.);
#3036=VECTOR('',#10163,10.);
#3037=VECTOR('',#10164,10.);
#3038=VECTOR('',#10165,10.);
#3039=VECTOR('',#10168,10.);
#3040=VECTOR('',#10169,10.);
#3041=VECTOR('',#10170,10.);
#3042=VECTOR('',#10173,10.);
#3043=VECTOR('',#10174,10.);
#3044=VECTOR('',#10181,10.);
#3045=VECTOR('',#10182,10.);
#3046=VECTOR('',#10183,10.);
#3047=VECTOR('',#10184,10.);
#3048=VECTOR('',#10187,10.);
#3049=VECTOR('',#10188,10.);
#3050=VECTOR('',#10189,10.);
#3051=VECTOR('',#10192,10.);
#3052=VECTOR('',#10193,10.);
#3053=VECTOR('',#10194,10.);
#3054=VECTOR('',#10197,10.);
#3055=VECTOR('',#10198,10.);
#3056=VECTOR('',#10199,10.);
#3057=VECTOR('',#10202,10.);
#3058=VECTOR('',#10203,10.);
#3059=VECTOR('',#10204,10.);
#3060=VECTOR('',#10207,10.);
#3061=VECTOR('',#10208,10.);
#3062=VECTOR('',#10209,10.);
#3063=VECTOR('',#10212,10.);
#3064=VECTOR('',#10213,10.);
#3065=VECTOR('',#10214,10.);
#3066=VECTOR('',#10217,10.);
#3067=VECTOR('',#10218,10.);
#3068=VECTOR('',#10225,10.);
#3069=VECTOR('',#10226,10.);
#3070=VECTOR('',#10227,10.);
#3071=VECTOR('',#10228,10.);
#3072=VECTOR('',#10231,10.);
#3073=VECTOR('',#10232,10.);
#3074=VECTOR('',#10233,10.);
#3075=VECTOR('',#10236,10.);
#3076=VECTOR('',#10237,10.);
#3077=VECTOR('',#10238,10.);
#3078=VECTOR('',#10241,10.);
#3079=VECTOR('',#10242,10.);
#3080=VECTOR('',#10243,10.);
#3081=VECTOR('',#10246,10.);
#3082=VECTOR('',#10247,10.);
#3083=VECTOR('',#10248,10.);
#3084=VECTOR('',#10251,10.);
#3085=VECTOR('',#10252,10.);
#3086=VECTOR('',#10253,10.);
#3087=VECTOR('',#10256,10.);
#3088=VECTOR('',#10257,10.);
#3089=VECTOR('',#10258,10.);
#3090=VECTOR('',#10261,10.);
#3091=VECTOR('',#10262,10.);
#3092=VECTOR('',#10263,10.);
#3093=VECTOR('',#10266,10.);
#3094=VECTOR('',#10267,10.);
#3095=VECTOR('',#10268,10.);
#3096=VECTOR('',#10271,10.);
#3097=VECTOR('',#10272,10.);
#3098=VECTOR('',#10273,10.);
#3099=VECTOR('',#10276,10.);
#3100=VECTOR('',#10277,10.);
#3101=VECTOR('',#10278,10.);
#3102=VECTOR('',#10281,10.);
#3103=VECTOR('',#10282,10.);
#3104=VECTOR('',#10283,10.);
#3105=VECTOR('',#10286,10.);
#3106=VECTOR('',#10287,10.);
#3107=VECTOR('',#10288,10.);
#3108=VECTOR('',#10291,10.);
#3109=VECTOR('',#10292,10.);
#3110=VECTOR('',#10293,10.);
#3111=VECTOR('',#10296,10.);
#3112=VECTOR('',#10297,10.);
#3113=VECTOR('',#10298,10.);
#3114=VECTOR('',#10301,10.);
#3115=VECTOR('',#10302,10.);
#3116=VECTOR('',#10303,10.);
#3117=VECTOR('',#10306,10.);
#3118=VECTOR('',#10307,10.);
#3119=VECTOR('',#10308,10.);
#3120=VECTOR('',#10311,10.);
#3121=VECTOR('',#10312,10.);
#3122=VECTOR('',#10313,10.);
#3123=VECTOR('',#10316,10.);
#3124=VECTOR('',#10317,10.);
#3125=VECTOR('',#10318,10.);
#3126=VECTOR('',#10321,10.);
#3127=VECTOR('',#10322,10.);
#3128=VECTOR('',#10329,10.);
#3129=VECTOR('',#10330,10.);
#3130=VECTOR('',#10331,10.);
#3131=VECTOR('',#10332,10.);
#3132=VECTOR('',#10335,10.);
#3133=VECTOR('',#10336,10.);
#3134=VECTOR('',#10337,10.);
#3135=VECTOR('',#10340,10.);
#3136=VECTOR('',#10341,10.);
#3137=VECTOR('',#10342,10.);
#3138=VECTOR('',#10345,10.);
#3139=VECTOR('',#10346,10.);
#3140=VECTOR('',#10347,10.);
#3141=VECTOR('',#10350,10.);
#3142=VECTOR('',#10351,10.);
#3143=VECTOR('',#10352,10.);
#3144=VECTOR('',#10355,10.);
#3145=VECTOR('',#10356,10.);
#3146=VECTOR('',#10357,10.);
#3147=VECTOR('',#10360,10.);
#3148=VECTOR('',#10361,10.);
#3149=VECTOR('',#10362,10.);
#3150=VECTOR('',#10365,10.);
#3151=VECTOR('',#10366,10.);
#3152=VECTOR('',#10367,10.);
#3153=VECTOR('',#10370,10.);
#3154=VECTOR('',#10371,10.);
#3155=VECTOR('',#10372,10.);
#3156=VECTOR('',#10375,10.);
#3157=VECTOR('',#10376,10.);
#3158=VECTOR('',#10377,10.);
#3159=VECTOR('',#10380,10.);
#3160=VECTOR('',#10381,10.);
#3161=VECTOR('',#10382,10.);
#3162=VECTOR('',#10385,10.);
#3163=VECTOR('',#10386,10.);
#3164=VECTOR('',#10387,10.);
#3165=VECTOR('',#10390,10.);
#3166=VECTOR('',#10391,10.);
#3167=VECTOR('',#10392,10.);
#3168=VECTOR('',#10395,10.);
#3169=VECTOR('',#10396,10.);
#3170=VECTOR('',#10397,10.);
#3171=VECTOR('',#10400,10.);
#3172=VECTOR('',#10401,10.);
#3173=VECTOR('',#10402,10.);
#3174=VECTOR('',#10405,10.);
#3175=VECTOR('',#10406,10.);
#3176=VECTOR('',#10407,10.);
#3177=VECTOR('',#10410,10.);
#3178=VECTOR('',#10411,10.);
#3179=VECTOR('',#10412,10.);
#3180=VECTOR('',#10415,10.);
#3181=VECTOR('',#10416,10.);
#3182=VECTOR('',#10417,10.);
#3183=VECTOR('',#10420,10.);
#3184=VECTOR('',#10421,10.);
#3185=VECTOR('',#10422,10.);
#3186=VECTOR('',#10425,10.);
#3187=VECTOR('',#10426,10.);
#3188=VECTOR('',#10433,10.);
#3189=VECTOR('',#10434,10.);
#3190=VECTOR('',#10435,10.);
#3191=VECTOR('',#10436,10.);
#3192=VECTOR('',#10439,10.);
#3193=VECTOR('',#10440,10.);
#3194=VECTOR('',#10441,10.);
#3195=VECTOR('',#10444,10.);
#3196=VECTOR('',#10445,10.);
#3197=VECTOR('',#10446,10.);
#3198=VECTOR('',#10449,10.);
#3199=VECTOR('',#10450,10.);
#3200=VECTOR('',#10451,10.);
#3201=VECTOR('',#10454,10.);
#3202=VECTOR('',#10455,10.);
#3203=VECTOR('',#10456,10.);
#3204=VECTOR('',#10459,10.);
#3205=VECTOR('',#10460,10.);
#3206=VECTOR('',#10461,10.);
#3207=VECTOR('',#10464,10.);
#3208=VECTOR('',#10465,10.);
#3209=VECTOR('',#10466,10.);
#3210=VECTOR('',#10469,10.);
#3211=VECTOR('',#10470,10.);
#3212=VECTOR('',#10477,10.);
#3213=VECTOR('',#10478,10.);
#3214=VECTOR('',#10479,10.);
#3215=VECTOR('',#10480,10.);
#3216=VECTOR('',#10483,10.);
#3217=VECTOR('',#10484,10.);
#3218=VECTOR('',#10485,10.);
#3219=VECTOR('',#10488,10.);
#3220=VECTOR('',#10489,10.);
#3221=VECTOR('',#10490,10.);
#3222=VECTOR('',#10493,10.);
#3223=VECTOR('',#10494,10.);
#3224=VECTOR('',#10495,10.);
#3225=VECTOR('',#10498,10.);
#3226=VECTOR('',#10499,10.);
#3227=VECTOR('',#10500,10.);
#3228=VECTOR('',#10503,10.);
#3229=VECTOR('',#10504,10.);
#3230=VECTOR('',#10511,10.);
#3231=VECTOR('',#10512,10.);
#3232=VECTOR('',#10513,10.);
#3233=VECTOR('',#10514,10.);
#3234=VECTOR('',#10517,10.);
#3235=VECTOR('',#10518,10.);
#3236=VECTOR('',#10519,10.);
#3237=VECTOR('',#10522,10.);
#3238=VECTOR('',#10523,10.);
#3239=VECTOR('',#10524,10.);
#3240=VECTOR('',#10527,10.);
#3241=VECTOR('',#10528,10.);
#3242=VECTOR('',#10529,10.);
#3243=VECTOR('',#10532,10.);
#3244=VECTOR('',#10533,10.);
#3245=VECTOR('',#10534,10.);
#3246=VECTOR('',#10537,10.);
#3247=VECTOR('',#10538,10.);
#3248=VECTOR('',#10539,10.);
#3249=VECTOR('',#10542,10.);
#3250=VECTOR('',#10543,10.);
#3251=VECTOR('',#10544,10.);
#3252=VECTOR('',#10547,10.);
#3253=VECTOR('',#10548,10.);
#3254=VECTOR('',#10549,10.);
#3255=VECTOR('',#10552,10.);
#3256=VECTOR('',#10553,10.);
#3257=VECTOR('',#10554,10.);
#3258=VECTOR('',#10557,10.);
#3259=VECTOR('',#10558,10.);
#3260=VECTOR('',#10559,10.);
#3261=VECTOR('',#10562,10.);
#3262=VECTOR('',#10563,10.);
#3263=VECTOR('',#10564,10.);
#3264=VECTOR('',#10567,10.);
#3265=VECTOR('',#10568,10.);
#3266=CIRCLE('',#7913,2.00000000000001);
#3267=CIRCLE('',#7914,2.00000000000001);
#3268=CIRCLE('',#7920,14.);
#3269=CIRCLE('',#7921,14.);
#3270=CIRCLE('',#7923,2.00000000000001);
#3271=CIRCLE('',#7924,2.00000000000001);
#3272=CIRCLE('',#7926,1.99999999999999);
#3273=CIRCLE('',#7927,1.99999999999999);
#3274=CIRCLE('',#7933,14.);
#3275=CIRCLE('',#7934,14.);
#3276=CIRCLE('',#7940,1.99999999999999);
#3277=CIRCLE('',#7941,1.99999999999999);
#3278=CIRCLE('',#7943,3.125);
#3279=CIRCLE('',#7944,3.125);
#3280=CIRCLE('',#7948,3.125);
#3281=CIRCLE('',#7949,3.125);
#3282=CIRCLE('',#7954,3.125);
#3283=CIRCLE('',#7956,3.125);
#3284=CIRCLE('',#7957,19.25);
#3285=CIRCLE('',#7958,22.375);
#3286=CIRCLE('',#7960,3.125);
#3287=CIRCLE('',#7962,3.125);
#3288=CIRCLE('',#7963,19.25);
#3289=CIRCLE('',#7964,22.375);
#3290=CIRCLE('',#7968,1.75);
#3291=CIRCLE('',#7969,1.75000000000001);
#3292=CIRCLE('',#7970,1.75000000000001);
#3293=CIRCLE('',#7971,1.75000000000001);
#3294=CIRCLE('',#7972,1.75);
#3295=CIRCLE('',#7973,1.75);
#3296=CIRCLE('',#7974,1.75000000000001);
#3297=CIRCLE('',#7975,1.75);
#3298=CIRCLE('',#7976,1.75000000000001);
#3299=CIRCLE('',#7978,3.125);
#3300=CIRCLE('',#7979,3.125);
#3301=CIRCLE('',#7983,3.125);
#3302=CIRCLE('',#7984,3.125);
#3303=CIRCLE('',#7989,3.125);
#3304=CIRCLE('',#7991,3.125);
#3305=CIRCLE('',#7992,19.25);
#3306=CIRCLE('',#7993,22.375);
#3307=CIRCLE('',#7995,3.125);
#3308=CIRCLE('',#7997,3.125);
#3309=CIRCLE('',#7998,19.25);
#3310=CIRCLE('',#7999,22.375);
#3311=CIRCLE('',#8003,1.75);
#3312=CIRCLE('',#8004,1.75000000000001);
#3313=CIRCLE('',#8005,1.75000000000001);
#3314=CIRCLE('',#8006,1.75000000000001);
#3315=CIRCLE('',#8007,1.75);
#3316=CIRCLE('',#8008,1.75);
#3317=CIRCLE('',#8009,1.75000000000001);
#3318=CIRCLE('',#8010,1.75);
#3319=CIRCLE('',#8011,1.75000000000001);
#3320=CIRCLE('',#8013,1.74999999999999);
#3321=CIRCLE('',#8014,1.74999999999999);
#3322=CIRCLE('',#8016,1.74999999999999);
#3323=CIRCLE('',#8017,1.74999999999999);
#3324=CIRCLE('',#8020,1.74999999999997);
#3325=CIRCLE('',#8021,1.74999999999997);
#3326=CIRCLE('',#8023,1.74999999999997);
#3327=CIRCLE('',#8024,1.74999999999997);
#3328=CIRCLE('',#8027,1.74999999999999);
#3329=CIRCLE('',#8028,1.74999999999999);
#3330=CIRCLE('',#8030,1.74999999999999);
#3331=CIRCLE('',#8031,1.74999999999999);
#3332=CIRCLE('',#8034,1.74999999999997);
#3333=CIRCLE('',#8035,1.74999999999997);
#3334=CIRCLE('',#8037,1.74999999999997);
#3335=CIRCLE('',#8038,1.74999999999997);
#3336=CIRCLE('',#8042,8.5);
#3337=CIRCLE('',#8047,8.5);
#3338=CIRCLE('',#8051,8.5);
#3339=CIRCLE('',#8055,8.5);
#3340=CIRCLE('',#8060,8.5);
#3341=CIRCLE('',#8065,8.5);
#3342=CIRCLE('',#8070,12.);
#3343=CIRCLE('',#8082,1.64999999999999);
#3344=CIRCLE('',#8083,0.35);
#3345=CIRCLE('',#8084,1.29999999999999);
#3346=CIRCLE('',#8086,1.29999999999999);
#3347=CIRCLE('',#8088,2.00000000000001);
#3348=CIRCLE('',#8090,1.64999999999999);
#3349=CIRCLE('',#8091,0.35);
#3350=CIRCLE('',#8092,1.29999999999999);
#3351=CIRCLE('',#8094,1.29999999999999);
#3352=CIRCLE('',#8096,1.99999999999999);
#3353=CIRCLE('',#8098,1.64999999999999);
#3354=CIRCLE('',#8099,0.35);
#3355=CIRCLE('',#8100,1.29999999999999);
#3356=CIRCLE('',#8102,1.29999999999999);
#3357=CIRCLE('',#8104,1.99999999999999);
#3358=CIRCLE('',#8106,1.64999999999999);
#3359=CIRCLE('',#8107,0.35);
#3360=CIRCLE('',#8108,1.29999999999999);
#3361=CIRCLE('',#8110,1.29999999999999);
#3362=CIRCLE('',#8112,1.99999999999999);
#3363=CIRCLE('',#8114,0.999999999999998);
#3364=CIRCLE('',#8123,0.999999999999996);
#3365=CIRCLE('',#8124,1.99999999999999);
#3366=CIRCLE('',#8125,1.99999999999999);
#3367=CIRCLE('',#8128,1.99999999999999);
#3368=CIRCLE('',#8129,1.99999999999999);
#3369=CIRCLE('',#8130,2.00000000000001);
#3370=CIRCLE('',#8131,2.00000000000001);
#3371=CIRCLE('',#8132,1.99999999999999);
#3372=CIRCLE('',#8133,1.99999999999999);
#3373=CIRCLE('',#8134,1.99999999999999);
#3374=CIRCLE('',#8144,19.25);
#3375=CIRCLE('',#8147,19.25);
#3376=CIRCLE('',#8149,19.25);
#3377=CIRCLE('',#8152,19.25);
#3378=CIRCLE('',#8154,3.125);
#3379=CIRCLE('',#8155,3.125);
#3380=CIRCLE('',#8157,17.75);
#3381=CIRCLE('',#8158,17.75);
#3382=CIRCLE('',#8160,3.125);
#3383=CIRCLE('',#8161,6.25);
#3384=CIRCLE('',#8162,6.25);
#3385=CIRCLE('',#8163,1.75000000000001);
#3386=CIRCLE('',#8164,1.75);
#3387=CIRCLE('',#8165,1.75000000000001);
#3388=CIRCLE('',#8166,1.75);
#3389=CIRCLE('',#8167,1.75);
#3390=CIRCLE('',#8168,1.75000000000001);
#3391=CIRCLE('',#8169,1.75000000000001);
#3392=CIRCLE('',#8170,1.75000000000001);
#3393=CIRCLE('',#8171,1.75);
#3394=CIRCLE('',#8173,3.125);
#3395=CIRCLE('',#8176,1.75);
#3396=CIRCLE('',#8179,1.75000000000001);
#3397=CIRCLE('',#8182,1.75000000000001);
#3398=CIRCLE('',#8185,1.75000000000001);
#3399=CIRCLE('',#8188,1.75);
#3400=CIRCLE('',#8191,1.75);
#3401=CIRCLE('',#8194,1.75000000000001);
#3402=CIRCLE('',#8197,1.75);
#3403=CIRCLE('',#8200,1.75000000000001);
#3404=CIRCLE('',#8205,6.25);
#3405=CIRCLE('',#8208,6.25);
#3406=CIRCLE('',#8209,6.25);
#3407=CIRCLE('',#8211,6.25);
#3408=CIRCLE('',#8213,14.);
#3409=CIRCLE('',#8214,3.75);
#3410=CIRCLE('',#8218,12.);
#3411=VERTEX_POINT('',#10575);
#3412=VERTEX_POINT('',#10577);
#3413=VERTEX_POINT('',#10581);
#3414=VERTEX_POINT('',#10582);
#3415=VERTEX_POINT('',#10584);
#3416=VERTEX_POINT('',#10586);
#3417=VERTEX_POINT('',#10590);
#3418=VERTEX_POINT('',#10592);
#3419=VERTEX_POINT('',#10596);
#3420=VERTEX_POINT('',#10598);
#3421=VERTEX_POINT('',#10605);
#3422=VERTEX_POINT('',#10607);
#3423=VERTEX_POINT('',#10611);
#3424=VERTEX_POINT('',#10613);
#3425=VERTEX_POINT('',#10617);
#3426=VERTEX_POINT('',#10619);
#3427=VERTEX_POINT('',#10623);
#3428=VERTEX_POINT('',#10624);
#3429=VERTEX_POINT('',#10626);
#3430=VERTEX_POINT('',#10628);
#3431=VERTEX_POINT('',#10632);
#3432=VERTEX_POINT('',#10634);
#3433=VERTEX_POINT('',#10638);
#3434=VERTEX_POINT('',#10640);
#3435=VERTEX_POINT('',#10647);
#3436=VERTEX_POINT('',#10649);
#3437=VERTEX_POINT('',#10653);
#3438=VERTEX_POINT('',#10654);
#3439=VERTEX_POINT('',#10656);
#3440=VERTEX_POINT('',#10658);
#3441=VERTEX_POINT('',#10662);
#3442=VERTEX_POINT('',#10664);
#3443=VERTEX_POINT('',#10668);
#3444=VERTEX_POINT('',#10670);
#3445=VERTEX_POINT('',#10677);
#3446=VERTEX_POINT('',#10679);
#3447=VERTEX_POINT('',#10683);
#3448=VERTEX_POINT('',#10684);
#3449=VERTEX_POINT('',#10686);
#3450=VERTEX_POINT('',#10688);
#3451=VERTEX_POINT('',#10692);
#3452=VERTEX_POINT('',#10694);
#3453=VERTEX_POINT('',#10696);
#3454=VERTEX_POINT('',#10700);
#3455=VERTEX_POINT('',#10704);
#3456=VERTEX_POINT('',#10705);
#3457=VERTEX_POINT('',#10707);
#3458=VERTEX_POINT('',#10709);
#3459=VERTEX_POINT('',#10713);
#3460=VERTEX_POINT('',#10715);
#3461=VERTEX_POINT('',#10717);
#3462=VERTEX_POINT('',#10721);
#3463=VERTEX_POINT('',#10723);
#3464=VERTEX_POINT('',#10725);
#3465=VERTEX_POINT('',#10727);
#3466=VERTEX_POINT('',#10729);
#3467=VERTEX_POINT('',#10733);
#3468=VERTEX_POINT('',#10735);
#3469=VERTEX_POINT('',#10739);
#3470=VERTEX_POINT('',#10740);
#3471=VERTEX_POINT('',#10745);
#3472=VERTEX_POINT('',#10746);
#3473=VERTEX_POINT('',#10751);
#3474=VERTEX_POINT('',#10752);
#3475=VERTEX_POINT('',#10757);
#3476=VERTEX_POINT('',#10758);
#3477=VERTEX_POINT('',#10763);
#3478=VERTEX_POINT('',#10765);
#3479=VERTEX_POINT('',#10767);
#3480=VERTEX_POINT('',#10769);
#3481=VERTEX_POINT('',#10772);
#3482=VERTEX_POINT('',#10774);
#3483=VERTEX_POINT('',#10776);
#3484=VERTEX_POINT('',#10778);
#3485=VERTEX_POINT('',#10780);
#3486=VERTEX_POINT('',#10782);
#3487=VERTEX_POINT('',#10784);
#3488=VERTEX_POINT('',#10786);
#3489=VERTEX_POINT('',#10788);
#3490=VERTEX_POINT('',#10791);
#3491=VERTEX_POINT('',#10792);
#3492=VERTEX_POINT('',#10794);
#3493=VERTEX_POINT('',#10796);
#3494=VERTEX_POINT('',#10800);
#3495=VERTEX_POINT('',#10802);
#3496=VERTEX_POINT('',#10804);
#3497=VERTEX_POINT('',#10808);
#3498=VERTEX_POINT('',#10812);
#3499=VERTEX_POINT('',#10813);
#3500=VERTEX_POINT('',#10815);
#3501=VERTEX_POINT('',#10817);
#3502=VERTEX_POINT('',#10821);
#3503=VERTEX_POINT('',#10823);
#3504=VERTEX_POINT('',#10825);
#3505=VERTEX_POINT('',#10829);
#3506=VERTEX_POINT('',#10831);
#3507=VERTEX_POINT('',#10833);
#3508=VERTEX_POINT('',#10835);
#3509=VERTEX_POINT('',#10837);
#3510=VERTEX_POINT('',#10841);
#3511=VERTEX_POINT('',#10843);
#3512=VERTEX_POINT('',#10847);
#3513=VERTEX_POINT('',#10848);
#3514=VERTEX_POINT('',#10853);
#3515=VERTEX_POINT('',#10854);
#3516=VERTEX_POINT('',#10859);
#3517=VERTEX_POINT('',#10860);
#3518=VERTEX_POINT('',#10865);
#3519=VERTEX_POINT('',#10866);
#3520=VERTEX_POINT('',#10871);
#3521=VERTEX_POINT('',#10873);
#3522=VERTEX_POINT('',#10875);
#3523=VERTEX_POINT('',#10877);
#3524=VERTEX_POINT('',#10880);
#3525=VERTEX_POINT('',#10882);
#3526=VERTEX_POINT('',#10884);
#3527=VERTEX_POINT('',#10886);
#3528=VERTEX_POINT('',#10888);
#3529=VERTEX_POINT('',#10890);
#3530=VERTEX_POINT('',#10892);
#3531=VERTEX_POINT('',#10894);
#3532=VERTEX_POINT('',#10896);
#3533=VERTEX_POINT('',#10899);
#3534=VERTEX_POINT('',#10901);
#3535=VERTEX_POINT('',#10905);
#3536=VERTEX_POINT('',#10907);
#3537=VERTEX_POINT('',#10912);
#3538=VERTEX_POINT('',#10914);
#3539=VERTEX_POINT('',#10918);
#3540=VERTEX_POINT('',#10920);
#3541=VERTEX_POINT('',#10925);
#3542=VERTEX_POINT('',#10927);
#3543=VERTEX_POINT('',#10931);
#3544=VERTEX_POINT('',#10933);
#3545=VERTEX_POINT('',#10938);
#3546=VERTEX_POINT('',#10940);
#3547=VERTEX_POINT('',#10944);
#3548=VERTEX_POINT('',#10946);
#3549=VERTEX_POINT('',#10951);
#3550=VERTEX_POINT('',#10952);
#3551=VERTEX_POINT('',#10954);
#3552=VERTEX_POINT('',#10956);
#3553=VERTEX_POINT('',#10960);
#3554=VERTEX_POINT('',#10962);
#3555=VERTEX_POINT('',#10969);
#3556=VERTEX_POINT('',#10970);
#3557=VERTEX_POINT('',#10972);
#3558=VERTEX_POINT('',#10974);
#3559=VERTEX_POINT('',#10978);
#3560=VERTEX_POINT('',#10983);
#3561=VERTEX_POINT('',#10985);
#3562=VERTEX_POINT('',#10989);
#3563=VERTEX_POINT('',#10993);
#3564=VERTEX_POINT('',#10994);
#3565=VERTEX_POINT('',#10996);
#3566=VERTEX_POINT('',#10998);
#3567=VERTEX_POINT('',#11003);
#3568=VERTEX_POINT('',#11009);
#3569=VERTEX_POINT('',#11010);
#3570=VERTEX_POINT('',#11012);
#3571=VERTEX_POINT('',#11014);
#3572=VERTEX_POINT('',#11018);
#3573=VERTEX_POINT('',#11020);
#3574=VERTEX_POINT('',#11027);
#3575=VERTEX_POINT('',#11029);
#3576=VERTEX_POINT('',#11041);
#3577=VERTEX_POINT('',#11044);
#3578=VERTEX_POINT('',#11046);
#3579=VERTEX_POINT('',#11050);
#3580=VERTEX_POINT('',#11053);
#3581=VERTEX_POINT('',#11059);
#3582=VERTEX_POINT('',#11077);
#3583=VERTEX_POINT('',#11079);
#3584=VERTEX_POINT('',#11083);
#3585=VERTEX_POINT('',#11087);
#3586=VERTEX_POINT('',#11090);
#3587=VERTEX_POINT('',#11092);
#3588=VERTEX_POINT('',#11096);
#3589=VERTEX_POINT('',#11100);
#3590=VERTEX_POINT('',#11103);
#3591=VERTEX_POINT('',#11105);
#3592=VERTEX_POINT('',#11109);
#3593=VERTEX_POINT('',#11113);
#3594=VERTEX_POINT('',#11116);
#3595=VERTEX_POINT('',#11118);
#3596=VERTEX_POINT('',#11122);
#3597=VERTEX_POINT('',#11126);
#3598=VERTEX_POINT('',#11129);
#3599=VERTEX_POINT('',#11130);
#3600=VERTEX_POINT('',#11132);
#3601=VERTEX_POINT('',#11134);
#3602=VERTEX_POINT('',#11138);
#3603=VERTEX_POINT('',#11140);
#3604=VERTEX_POINT('',#11144);
#3605=VERTEX_POINT('',#11145);
#3606=VERTEX_POINT('',#11156);
#3607=VERTEX_POINT('',#11158);
#3608=VERTEX_POINT('',#11163);
#3609=VERTEX_POINT('',#11164);
#3610=VERTEX_POINT('',#11173);
#3611=VERTEX_POINT('',#11175);
#3612=VERTEX_POINT('',#11177);
#3613=VERTEX_POINT('',#11180);
#3614=VERTEX_POINT('',#11189);
#3615=VERTEX_POINT('',#11191);
#3616=VERTEX_POINT('',#11234);
#3617=VERTEX_POINT('',#11296);
#3618=VERTEX_POINT('',#11299);
#3619=VERTEX_POINT('',#11303);
#3620=VERTEX_POINT('',#11319);
#3621=VERTEX_POINT('',#11323);
#3622=VERTEX_POINT('',#11327);
#3623=VERTEX_POINT('',#11331);
#3624=VERTEX_POINT('',#11333);
#3625=VERTEX_POINT('',#11337);
#3626=VERTEX_POINT('',#11343);
#3627=VERTEX_POINT('',#11344);
#3628=VERTEX_POINT('',#11346);
#3629=VERTEX_POINT('',#11348);
#3630=VERTEX_POINT('',#11352);
#3631=VERTEX_POINT('',#11354);
#3632=VERTEX_POINT('',#11356);
#3633=VERTEX_POINT('',#11358);
#3634=VERTEX_POINT('',#11360);
#3635=VERTEX_POINT('',#11364);
#3636=VERTEX_POINT('',#11366);
#3637=VERTEX_POINT('',#11368);
#3638=VERTEX_POINT('',#11373);
#3639=VERTEX_POINT('',#11375);
#3640=VERTEX_POINT('',#11377);
#3641=VERTEX_POINT('',#11379);
#3642=VERTEX_POINT('',#11381);
#3643=VERTEX_POINT('',#11383);
#3644=VERTEX_POINT('',#11385);
#3645=VERTEX_POINT('',#11387);
#3646=VERTEX_POINT('',#11389);
#3647=VERTEX_POINT('',#11392);
#3648=VERTEX_POINT('',#11394);
#3649=VERTEX_POINT('',#11398);
#3650=VERTEX_POINT('',#11402);
#3651=VERTEX_POINT('',#11408);
#3652=VERTEX_POINT('',#11414);
#3653=VERTEX_POINT('',#11420);
#3654=VERTEX_POINT('',#11426);
#3655=VERTEX_POINT('',#11432);
#3656=VERTEX_POINT('',#11438);
#3657=VERTEX_POINT('',#11444);
#3658=VERTEX_POINT('',#11450);
#3659=VERTEX_POINT('',#11555);
#3660=VERTEX_POINT('',#11562);
#3661=VERTEX_POINT('',#11568);
#3662=VERTEX_POINT('',#11569);
#3663=VERTEX_POINT('',#11571);
#3664=VERTEX_POINT('',#11573);
#3665=VERTEX_POINT('',#11577);
#3666=VERTEX_POINT('',#11579);
#3667=VERTEX_POINT('',#11583);
#3668=VERTEX_POINT('',#11585);
#3669=VERTEX_POINT('',#11589);
#3670=VERTEX_POINT('',#11591);
#3671=VERTEX_POINT('',#11595);
#3672=VERTEX_POINT('',#11597);
#3673=VERTEX_POINT('',#11606);
#3674=VERTEX_POINT('',#11607);
#3675=VERTEX_POINT('',#11609);
#3676=VERTEX_POINT('',#11611);
#3677=VERTEX_POINT('',#11615);
#3678=VERTEX_POINT('',#11617);
#3679=VERTEX_POINT('',#11621);
#3680=VERTEX_POINT('',#11623);
#3681=VERTEX_POINT('',#11627);
#3682=VERTEX_POINT('',#11629);
#3683=VERTEX_POINT('',#11633);
#3684=VERTEX_POINT('',#11635);
#3685=VERTEX_POINT('',#11644);
#3686=VERTEX_POINT('',#11645);
#3687=VERTEX_POINT('',#11647);
#3688=VERTEX_POINT('',#11649);
#3689=VERTEX_POINT('',#11653);
#3690=VERTEX_POINT('',#11655);
#3691=VERTEX_POINT('',#11659);
#3692=VERTEX_POINT('',#11661);
#3693=VERTEX_POINT('',#11665);
#3694=VERTEX_POINT('',#11667);
#3695=VERTEX_POINT('',#11671);
#3696=VERTEX_POINT('',#11673);
#3697=VERTEX_POINT('',#11682);
#3698=VERTEX_POINT('',#11683);
#3699=VERTEX_POINT('',#11685);
#3700=VERTEX_POINT('',#11687);
#3701=VERTEX_POINT('',#11691);
#3702=VERTEX_POINT('',#11693);
#3703=VERTEX_POINT('',#11697);
#3704=VERTEX_POINT('',#11699);
#3705=VERTEX_POINT('',#11703);
#3706=VERTEX_POINT('',#11705);
#3707=VERTEX_POINT('',#11709);
#3708=VERTEX_POINT('',#11711);
#3709=VERTEX_POINT('',#11720);
#3710=VERTEX_POINT('',#11721);
#3711=VERTEX_POINT('',#11723);
#3712=VERTEX_POINT('',#11725);
#3713=VERTEX_POINT('',#11729);
#3714=VERTEX_POINT('',#11731);
#3715=VERTEX_POINT('',#11735);
#3716=VERTEX_POINT('',#11737);
#3717=VERTEX_POINT('',#11741);
#3718=VERTEX_POINT('',#11743);
#3719=VERTEX_POINT('',#11747);
#3720=VERTEX_POINT('',#11749);
#3721=VERTEX_POINT('',#11753);
#3722=VERTEX_POINT('',#11755);
#3723=VERTEX_POINT('',#11759);
#3724=VERTEX_POINT('',#11761);
#3725=VERTEX_POINT('',#11765);
#3726=VERTEX_POINT('',#11767);
#3727=VERTEX_POINT('',#11771);
#3728=VERTEX_POINT('',#11773);
#3729=VERTEX_POINT('',#11777);
#3730=VERTEX_POINT('',#11779);
#3731=VERTEX_POINT('',#11783);
#3732=VERTEX_POINT('',#11785);
#3733=VERTEX_POINT('',#11794);
#3734=VERTEX_POINT('',#11795);
#3735=VERTEX_POINT('',#11797);
#3736=VERTEX_POINT('',#11799);
#3737=VERTEX_POINT('',#11803);
#3738=VERTEX_POINT('',#11805);
#3739=VERTEX_POINT('',#11809);
#3740=VERTEX_POINT('',#11811);
#3741=VERTEX_POINT('',#11815);
#3742=VERTEX_POINT('',#11817);
#3743=VERTEX_POINT('',#11821);
#3744=VERTEX_POINT('',#11823);
#3745=VERTEX_POINT('',#11827);
#3746=VERTEX_POINT('',#11829);
#3747=VERTEX_POINT('',#11833);
#3748=VERTEX_POINT('',#11835);
#3749=VERTEX_POINT('',#11839);
#3750=VERTEX_POINT('',#11841);
#3751=VERTEX_POINT('',#11845);
#3752=VERTEX_POINT('',#11847);
#3753=VERTEX_POINT('',#11851);
#3754=VERTEX_POINT('',#11853);
#3755=VERTEX_POINT('',#11857);
#3756=VERTEX_POINT('',#11859);
#3757=VERTEX_POINT('',#11868);
#3758=VERTEX_POINT('',#11869);
#3759=VERTEX_POINT('',#11871);
#3760=VERTEX_POINT('',#11873);
#3761=VERTEX_POINT('',#11877);
#3762=VERTEX_POINT('',#11879);
#3763=VERTEX_POINT('',#11883);
#3764=VERTEX_POINT('',#11885);
#3765=VERTEX_POINT('',#11892);
#3766=VERTEX_POINT('',#11893);
#3767=VERTEX_POINT('',#11895);
#3768=VERTEX_POINT('',#11897);
#3769=VERTEX_POINT('',#11901);
#3770=VERTEX_POINT('',#11903);
#3771=VERTEX_POINT('',#11907);
#3772=VERTEX_POINT('',#11909);
#3773=VERTEX_POINT('',#11913);
#3774=VERTEX_POINT('',#11915);
#3775=VERTEX_POINT('',#11919);
#3776=VERTEX_POINT('',#11921);
#3777=VERTEX_POINT('',#11925);
#3778=VERTEX_POINT('',#11927);
#3779=VERTEX_POINT('',#11931);
#3780=VERTEX_POINT('',#11933);
#3781=VERTEX_POINT('',#11937);
#3782=VERTEX_POINT('',#11939);
#3783=VERTEX_POINT('',#11943);
#3784=VERTEX_POINT('',#11945);
#3785=VERTEX_POINT('',#11949);
#3786=VERTEX_POINT('',#11951);
#3787=VERTEX_POINT('',#11955);
#3788=VERTEX_POINT('',#11957);
#3789=VERTEX_POINT('',#11961);
#3790=VERTEX_POINT('',#11963);
#3791=VERTEX_POINT('',#11967);
#3792=VERTEX_POINT('',#11969);
#3793=VERTEX_POINT('',#11978);
#3794=VERTEX_POINT('',#11979);
#3795=VERTEX_POINT('',#11981);
#3796=VERTEX_POINT('',#11983);
#3797=VERTEX_POINT('',#11987);
#3798=VERTEX_POINT('',#11989);
#3799=VERTEX_POINT('',#11993);
#3800=VERTEX_POINT('',#11995);
#3801=VERTEX_POINT('',#12002);
#3802=VERTEX_POINT('',#12003);
#3803=VERTEX_POINT('',#12005);
#3804=VERTEX_POINT('',#12007);
#3805=VERTEX_POINT('',#12011);
#3806=VERTEX_POINT('',#12013);
#3807=VERTEX_POINT('',#12017);
#3808=VERTEX_POINT('',#12019);
#3809=VERTEX_POINT('',#12023);
#3810=VERTEX_POINT('',#12025);
#3811=VERTEX_POINT('',#12029);
#3812=VERTEX_POINT('',#12031);
#3813=VERTEX_POINT('',#12035);
#3814=VERTEX_POINT('',#12037);
#3815=VERTEX_POINT('',#12041);
#3816=VERTEX_POINT('',#12043);
#3817=VERTEX_POINT('',#12047);
#3818=VERTEX_POINT('',#12049);
#3819=VERTEX_POINT('',#12053);
#3820=VERTEX_POINT('',#12055);
#3821=VERTEX_POINT('',#12059);
#3822=VERTEX_POINT('',#12061);
#3823=VERTEX_POINT('',#12065);
#3824=VERTEX_POINT('',#12067);
#3825=VERTEX_POINT('',#12076);
#3826=VERTEX_POINT('',#12077);
#3827=VERTEX_POINT('',#12079);
#3828=VERTEX_POINT('',#12081);
#3829=VERTEX_POINT('',#12085);
#3830=VERTEX_POINT('',#12087);
#3831=VERTEX_POINT('',#12091);
#3832=VERTEX_POINT('',#12093);
#3833=VERTEX_POINT('',#12097);
#3834=VERTEX_POINT('',#12099);
#3835=VERTEX_POINT('',#12103);
#3836=VERTEX_POINT('',#12105);
#3837=VERTEX_POINT('',#12109);
#3838=VERTEX_POINT('',#12111);
#3839=VERTEX_POINT('',#12115);
#3840=VERTEX_POINT('',#12117);
#3841=VERTEX_POINT('',#12121);
#3842=VERTEX_POINT('',#12123);
#3843=VERTEX_POINT('',#12127);
#3844=VERTEX_POINT('',#12129);
#3845=VERTEX_POINT('',#12133);
#3846=VERTEX_POINT('',#12135);
#3847=VERTEX_POINT('',#12139);
#3848=VERTEX_POINT('',#12141);
#3849=VERTEX_POINT('',#12150);
#3850=VERTEX_POINT('',#12151);
#3851=VERTEX_POINT('',#12153);
#3852=VERTEX_POINT('',#12155);
#3853=VERTEX_POINT('',#12159);
#3854=VERTEX_POINT('',#12161);
#3855=VERTEX_POINT('',#12165);
#3856=VERTEX_POINT('',#12167);
#3857=VERTEX_POINT('',#12174);
#3858=VERTEX_POINT('',#12175);
#3859=VERTEX_POINT('',#12177);
#3860=VERTEX_POINT('',#12179);
#3861=VERTEX_POINT('',#12183);
#3862=VERTEX_POINT('',#12185);
#3863=VERTEX_POINT('',#12189);
#3864=VERTEX_POINT('',#12191);
#3865=VERTEX_POINT('',#12195);
#3866=VERTEX_POINT('',#12197);
#3867=VERTEX_POINT('',#12201);
#3868=VERTEX_POINT('',#12203);
#3869=VERTEX_POINT('',#12207);
#3870=VERTEX_POINT('',#12209);
#3871=VERTEX_POINT('',#12213);
#3872=VERTEX_POINT('',#12215);
#3873=VERTEX_POINT('',#12219);
#3874=VERTEX_POINT('',#12221);
#3875=VERTEX_POINT('',#12225);
#3876=VERTEX_POINT('',#12227);
#3877=VERTEX_POINT('',#12231);
#3878=VERTEX_POINT('',#12233);
#3879=VERTEX_POINT('',#12237);
#3880=VERTEX_POINT('',#12239);
#3881=VERTEX_POINT('',#12248);
#3882=VERTEX_POINT('',#12249);
#3883=VERTEX_POINT('',#12251);
#3884=VERTEX_POINT('',#12253);
#3885=VERTEX_POINT('',#12257);
#3886=VERTEX_POINT('',#12259);
#3887=VERTEX_POINT('',#12263);
#3888=VERTEX_POINT('',#12265);
#3889=VERTEX_POINT('',#12269);
#3890=VERTEX_POINT('',#12271);
#3891=VERTEX_POINT('',#12275);
#3892=VERTEX_POINT('',#12277);
#3893=VERTEX_POINT('',#12281);
#3894=VERTEX_POINT('',#12283);
#3895=VERTEX_POINT('',#12287);
#3896=VERTEX_POINT('',#12289);
#3897=VERTEX_POINT('',#12293);
#3898=VERTEX_POINT('',#12295);
#3899=VERTEX_POINT('',#12299);
#3900=VERTEX_POINT('',#12301);
#3901=VERTEX_POINT('',#12305);
#3902=VERTEX_POINT('',#12307);
#3903=VERTEX_POINT('',#12311);
#3904=VERTEX_POINT('',#12313);
#3905=VERTEX_POINT('',#12317);
#3906=VERTEX_POINT('',#12319);
#3907=VERTEX_POINT('',#12323);
#3908=VERTEX_POINT('',#12325);
#3909=VERTEX_POINT('',#12329);
#3910=VERTEX_POINT('',#12331);
#3911=VERTEX_POINT('',#12335);
#3912=VERTEX_POINT('',#12337);
#3913=VERTEX_POINT('',#12341);
#3914=VERTEX_POINT('',#12343);
#3915=VERTEX_POINT('',#12347);
#3916=VERTEX_POINT('',#12349);
#3917=VERTEX_POINT('',#12353);
#3918=VERTEX_POINT('',#12355);
#3919=VERTEX_POINT('',#12359);
#3920=VERTEX_POINT('',#12361);
#3921=VERTEX_POINT('',#12370);
#3922=VERTEX_POINT('',#12371);
#3923=VERTEX_POINT('',#12373);
#3924=VERTEX_POINT('',#12375);
#3925=VERTEX_POINT('',#12379);
#3926=VERTEX_POINT('',#12381);
#3927=VERTEX_POINT('',#12385);
#3928=VERTEX_POINT('',#12387);
#3929=VERTEX_POINT('',#12391);
#3930=VERTEX_POINT('',#12393);
#3931=VERTEX_POINT('',#12397);
#3932=VERTEX_POINT('',#12399);
#3933=VERTEX_POINT('',#12403);
#3934=VERTEX_POINT('',#12405);
#3935=VERTEX_POINT('',#12409);
#3936=VERTEX_POINT('',#12411);
#3937=VERTEX_POINT('',#12415);
#3938=VERTEX_POINT('',#12417);
#3939=VERTEX_POINT('',#12421);
#3940=VERTEX_POINT('',#12423);
#3941=VERTEX_POINT('',#12427);
#3942=VERTEX_POINT('',#12429);
#3943=VERTEX_POINT('',#12433);
#3944=VERTEX_POINT('',#12435);
#3945=VERTEX_POINT('',#12439);
#3946=VERTEX_POINT('',#12441);
#3947=VERTEX_POINT('',#12445);
#3948=VERTEX_POINT('',#12447);
#3949=VERTEX_POINT('',#12451);
#3950=VERTEX_POINT('',#12453);
#3951=VERTEX_POINT('',#12457);
#3952=VERTEX_POINT('',#12459);
#3953=VERTEX_POINT('',#12463);
#3954=VERTEX_POINT('',#12465);
#3955=VERTEX_POINT('',#12469);
#3956=VERTEX_POINT('',#12471);
#3957=VERTEX_POINT('',#12475);
#3958=VERTEX_POINT('',#12477);
#3959=VERTEX_POINT('',#12481);
#3960=VERTEX_POINT('',#12483);
#3961=VERTEX_POINT('',#12492);
#3962=VERTEX_POINT('',#12493);
#3963=VERTEX_POINT('',#12495);
#3964=VERTEX_POINT('',#12497);
#3965=VERTEX_POINT('',#12501);
#3966=VERTEX_POINT('',#12503);
#3967=VERTEX_POINT('',#12507);
#3968=VERTEX_POINT('',#12509);
#3969=VERTEX_POINT('',#12513);
#3970=VERTEX_POINT('',#12515);
#3971=VERTEX_POINT('',#12519);
#3972=VERTEX_POINT('',#12521);
#3973=VERTEX_POINT('',#12525);
#3974=VERTEX_POINT('',#12527);
#3975=VERTEX_POINT('',#12531);
#3976=VERTEX_POINT('',#12533);
#3977=VERTEX_POINT('',#12542);
#3978=VERTEX_POINT('',#12543);
#3979=VERTEX_POINT('',#12545);
#3980=VERTEX_POINT('',#12547);
#3981=VERTEX_POINT('',#12551);
#3982=VERTEX_POINT('',#12553);
#3983=VERTEX_POINT('',#12557);
#3984=VERTEX_POINT('',#12559);
#3985=VERTEX_POINT('',#12563);
#3986=VERTEX_POINT('',#12565);
#3987=VERTEX_POINT('',#12569);
#3988=VERTEX_POINT('',#12571);
#3989=VERTEX_POINT('',#12575);
#3990=VERTEX_POINT('',#12577);
#3991=VERTEX_POINT('',#12581);
#3992=VERTEX_POINT('',#12583);
#3993=VERTEX_POINT('',#12592);
#3994=VERTEX_POINT('',#12593);
#3995=VERTEX_POINT('',#12595);
#3996=VERTEX_POINT('',#12597);
#3997=VERTEX_POINT('',#12601);
#3998=VERTEX_POINT('',#12603);
#3999=VERTEX_POINT('',#12607);
#4000=VERTEX_POINT('',#12609);
#4001=VERTEX_POINT('',#12613);
#4002=VERTEX_POINT('',#12615);
#4003=VERTEX_POINT('',#12619);
#4004=VERTEX_POINT('',#12621);
#4005=VERTEX_POINT('',#12625);
#4006=VERTEX_POINT('',#12627);
#4007=VERTEX_POINT('',#12631);
#4008=VERTEX_POINT('',#12633);
#4009=VERTEX_POINT('',#12637);
#4010=VERTEX_POINT('',#12639);
#4011=VERTEX_POINT('',#12643);
#4012=VERTEX_POINT('',#12645);
#4013=VERTEX_POINT('',#12649);
#4014=VERTEX_POINT('',#12651);
#4015=VERTEX_POINT('',#12655);
#4016=VERTEX_POINT('',#12657);
#4017=VERTEX_POINT('',#12661);
#4018=VERTEX_POINT('',#12663);
#4019=VERTEX_POINT('',#12667);
#4020=VERTEX_POINT('',#12669);
#4021=VERTEX_POINT('',#12673);
#4022=VERTEX_POINT('',#12675);
#4023=VERTEX_POINT('',#12679);
#4024=VERTEX_POINT('',#12681);
#4025=VERTEX_POINT('',#12685);
#4026=VERTEX_POINT('',#12687);
#4027=VERTEX_POINT('',#12691);
#4028=VERTEX_POINT('',#12693);
#4029=VERTEX_POINT('',#12697);
#4030=VERTEX_POINT('',#12699);
#4031=VERTEX_POINT('',#12703);
#4032=VERTEX_POINT('',#12705);
#4033=VERTEX_POINT('',#12714);
#4034=VERTEX_POINT('',#12715);
#4035=VERTEX_POINT('',#12717);
#4036=VERTEX_POINT('',#12719);
#4037=VERTEX_POINT('',#12723);
#4038=VERTEX_POINT('',#12725);
#4039=VERTEX_POINT('',#12729);
#4040=VERTEX_POINT('',#12731);
#4041=VERTEX_POINT('',#12735);
#4042=VERTEX_POINT('',#12737);
#4043=VERTEX_POINT('',#12741);
#4044=VERTEX_POINT('',#12743);
#4045=VERTEX_POINT('',#12747);
#4046=VERTEX_POINT('',#12749);
#4047=VERTEX_POINT('',#12753);
#4048=VERTEX_POINT('',#12755);
#4049=VERTEX_POINT('',#12759);
#4050=VERTEX_POINT('',#12761);
#4051=VERTEX_POINT('',#12765);
#4052=VERTEX_POINT('',#12767);
#4053=VERTEX_POINT('',#12771);
#4054=VERTEX_POINT('',#12773);
#4055=VERTEX_POINT('',#12777);
#4056=VERTEX_POINT('',#12779);
#4057=VERTEX_POINT('',#12783);
#4058=VERTEX_POINT('',#12785);
#4059=VERTEX_POINT('',#12789);
#4060=VERTEX_POINT('',#12791);
#4061=VERTEX_POINT('',#12795);
#4062=VERTEX_POINT('',#12797);
#4063=VERTEX_POINT('',#12801);
#4064=VERTEX_POINT('',#12803);
#4065=VERTEX_POINT('',#12807);
#4066=VERTEX_POINT('',#12809);
#4067=VERTEX_POINT('',#12813);
#4068=VERTEX_POINT('',#12815);
#4069=VERTEX_POINT('',#12819);
#4070=VERTEX_POINT('',#12821);
#4071=VERTEX_POINT('',#12825);
#4072=VERTEX_POINT('',#12827);
#4073=VERTEX_POINT('',#12836);
#4074=VERTEX_POINT('',#12837);
#4075=VERTEX_POINT('',#12839);
#4076=VERTEX_POINT('',#12841);
#4077=VERTEX_POINT('',#12845);
#4078=VERTEX_POINT('',#12847);
#4079=VERTEX_POINT('',#12851);
#4080=VERTEX_POINT('',#12853);
#4081=VERTEX_POINT('',#12857);
#4082=VERTEX_POINT('',#12859);
#4083=VERTEX_POINT('',#12863);
#4084=VERTEX_POINT('',#12865);
#4085=VERTEX_POINT('',#12869);
#4086=VERTEX_POINT('',#12871);
#4087=VERTEX_POINT('',#12875);
#4088=VERTEX_POINT('',#12877);
#4089=VERTEX_POINT('',#12886);
#4090=VERTEX_POINT('',#12887);
#4091=VERTEX_POINT('',#12889);
#4092=VERTEX_POINT('',#12891);
#4093=VERTEX_POINT('',#12895);
#4094=VERTEX_POINT('',#12897);
#4095=VERTEX_POINT('',#12901);
#4096=VERTEX_POINT('',#12903);
#4097=VERTEX_POINT('',#12907);
#4098=VERTEX_POINT('',#12909);
#4099=VERTEX_POINT('',#12913);
#4100=VERTEX_POINT('',#12915);
#4101=VERTEX_POINT('',#12924);
#4102=VERTEX_POINT('',#12925);
#4103=VERTEX_POINT('',#12927);
#4104=VERTEX_POINT('',#12929);
#4105=VERTEX_POINT('',#12933);
#4106=VERTEX_POINT('',#12935);
#4107=VERTEX_POINT('',#12939);
#4108=VERTEX_POINT('',#12941);
#4109=VERTEX_POINT('',#12945);
#4110=VERTEX_POINT('',#12947);
#4111=VERTEX_POINT('',#12951);
#4112=VERTEX_POINT('',#12953);
#4113=VERTEX_POINT('',#12957);
#4114=VERTEX_POINT('',#12959);
#4115=VERTEX_POINT('',#12963);
#4116=VERTEX_POINT('',#12965);
#4117=VERTEX_POINT('',#12969);
#4118=VERTEX_POINT('',#12971);
#4119=VERTEX_POINT('',#12975);
#4120=VERTEX_POINT('',#12977);
#4121=VERTEX_POINT('',#12981);
#4122=VERTEX_POINT('',#12983);
#4123=VERTEX_POINT('',#12987);
#4124=VERTEX_POINT('',#12989);
#4125=EDGE_CURVE('',#3411,#3411,#3266,.T.);
#4126=EDGE_CURVE('',#3411,#3412,#1422,.T.);
#4127=EDGE_CURVE('',#3412,#3412,#3267,.T.);
#4128=EDGE_CURVE('',#3413,#3414,#1423,.T.);
#4129=EDGE_CURVE('',#3413,#3415,#1424,.T.);
#4130=EDGE_CURVE('',#3416,#3415,#1425,.T.);
#4131=EDGE_CURVE('',#3414,#3416,#1426,.T.);
#4132=EDGE_CURVE('',#3417,#3413,#1427,.T.);
#4133=EDGE_CURVE('',#3417,#3418,#1428,.T.);
#4134=EDGE_CURVE('',#3415,#3418,#1429,.T.);
#4135=EDGE_CURVE('',#3419,#3417,#1430,.T.);
#4136=EDGE_CURVE('',#3419,#3420,#1431,.T.);
#4137=EDGE_CURVE('',#3418,#3420,#1432,.T.);
#4138=EDGE_CURVE('',#3414,#3419,#1433,.T.);
#4139=EDGE_CURVE('',#3420,#3416,#1434,.T.);
#4140=EDGE_CURVE('',#3421,#3421,#3268,.T.);
#4141=EDGE_CURVE('',#3421,#3422,#1435,.T.);
#4142=EDGE_CURVE('',#3422,#3422,#3269,.T.);
#4143=EDGE_CURVE('',#3423,#3423,#3270,.T.);
#4144=EDGE_CURVE('',#3423,#3424,#1436,.T.);
#4145=EDGE_CURVE('',#3424,#3424,#3271,.T.);
#4146=EDGE_CURVE('',#3425,#3425,#3272,.T.);
#4147=EDGE_CURVE('',#3425,#3426,#1437,.T.);
#4148=EDGE_CURVE('',#3426,#3426,#3273,.T.);
#4149=EDGE_CURVE('',#3427,#3428,#1438,.T.);
#4150=EDGE_CURVE('',#3427,#3429,#1439,.T.);
#4151=EDGE_CURVE('',#3430,#3429,#1440,.T.);
#4152=EDGE_CURVE('',#3428,#3430,#1441,.T.);
#4153=EDGE_CURVE('',#3431,#3427,#1442,.T.);
#4154=EDGE_CURVE('',#3431,#3432,#1443,.T.);
#4155=EDGE_CURVE('',#3429,#3432,#1444,.T.);
#4156=EDGE_CURVE('',#3433,#3431,#1445,.T.);
#4157=EDGE_CURVE('',#3433,#3434,#1446,.T.);
#4158=EDGE_CURVE('',#3432,#3434,#1447,.T.);
#4159=EDGE_CURVE('',#3428,#3433,#1448,.T.);
#4160=EDGE_CURVE('',#3434,#3430,#1449,.T.);
#4161=EDGE_CURVE('',#3435,#3435,#3274,.T.);
#4162=EDGE_CURVE('',#3435,#3436,#1450,.T.);
#4163=EDGE_CURVE('',#3436,#3436,#3275,.T.);
#4164=EDGE_CURVE('',#3437,#3438,#1451,.T.);
#4165=EDGE_CURVE('',#3437,#3439,#1452,.T.);
#4166=EDGE_CURVE('',#3440,#3439,#1453,.T.);
#4167=EDGE_CURVE('',#3438,#3440,#1454,.T.);
#4168=EDGE_CURVE('',#3441,#3437,#1455,.T.);
#4169=EDGE_CURVE('',#3441,#3442,#1456,.T.);
#4170=EDGE_CURVE('',#3439,#3442,#1457,.T.);
#4171=EDGE_CURVE('',#3443,#3441,#1458,.T.);
#4172=EDGE_CURVE('',#3443,#3444,#1459,.T.);
#4173=EDGE_CURVE('',#3442,#3444,#1460,.T.);
#4174=EDGE_CURVE('',#3438,#3443,#1461,.T.);
#4175=EDGE_CURVE('',#3444,#3440,#1462,.T.);
#4176=EDGE_CURVE('',#3445,#3445,#3276,.T.);
#4177=EDGE_CURVE('',#3445,#3446,#1463,.T.);
#4178=EDGE_CURVE('',#3446,#3446,#3277,.T.);
#4179=EDGE_CURVE('',#3447,#3448,#3278,.T.);
#4180=EDGE_CURVE('',#3448,#3449,#1464,.T.);
#4181=EDGE_CURVE('',#3449,#3450,#3279,.F.);
#4182=EDGE_CURVE('',#3450,#3447,#1465,.T.);
#4183=EDGE_CURVE('',#3447,#3451,#1466,.T.);
#4184=EDGE_CURVE('',#3452,#3451,#1467,.T.);
#4185=EDGE_CURVE('',#3452,#3453,#1468,.T.);
#4186=EDGE_CURVE('',#3453,#3448,#1469,.T.);
#4187=EDGE_CURVE('',#3450,#3454,#1470,.T.);
#4188=EDGE_CURVE('',#3451,#3454,#1471,.T.);
#4189=EDGE_CURVE('',#3455,#3456,#3280,.T.);
#4190=EDGE_CURVE('',#3456,#3457,#1472,.T.);
#4191=EDGE_CURVE('',#3458,#3457,#3281,.T.);
#4192=EDGE_CURVE('',#3458,#3455,#1473,.T.);
#4193=EDGE_CURVE('',#3459,#3455,#1474,.T.);
#4194=EDGE_CURVE('',#3460,#3459,#1475,.T.);
#4195=EDGE_CURVE('',#3461,#3460,#1476,.T.);
#4196=EDGE_CURVE('',#3461,#3456,#1477,.T.);
#4197=EDGE_CURVE('',#3462,#3458,#1478,.T.);
#4198=EDGE_CURVE('',#3463,#3462,#1479,.T.);
#4199=EDGE_CURVE('',#3464,#3463,#1480,.T.);
#4200=EDGE_CURVE('',#3465,#3464,#1481,.T.);
#4201=EDGE_CURVE('',#3466,#3465,#1482,.T.);
#4202=EDGE_CURVE('',#3459,#3466,#1483,.T.);
#4203=EDGE_CURVE('',#3464,#3467,#143,.F.);
#4204=EDGE_CURVE('',#3467,#3468,#1484,.T.);
#4205=EDGE_CURVE('',#3468,#3465,#3282,.T.);
#4206=EDGE_CURVE('',#3469,#3470,#3283,.T.);
#4207=EDGE_CURVE('',#3470,#3465,#3284,.T.);
#4208=EDGE_CURVE('',#3468,#3469,#3285,.T.);
#4209=EDGE_CURVE('',#3471,#3472,#3286,.T.);
#4210=EDGE_CURVE('',#3472,#3470,#1485,.T.);
#4211=EDGE_CURVE('',#3469,#3471,#1486,.T.);
#4212=EDGE_CURVE('',#3473,#3474,#3287,.T.);
#4213=EDGE_CURVE('',#3474,#3472,#3288,.T.);
#4214=EDGE_CURVE('',#3471,#3473,#3289,.T.);
#4215=EDGE_CURVE('',#3475,#3476,#144,.T.);
#4216=EDGE_CURVE('',#3475,#3474,#1487,.T.);
#4217=EDGE_CURVE('',#3473,#3476,#1488,.T.);
#4218=EDGE_CURVE('',#3477,#3467,#1489,.T.);
#4219=EDGE_CURVE('',#3477,#3478,#1490,.T.);
#4220=EDGE_CURVE('',#3478,#3479,#1491,.T.);
#4221=EDGE_CURVE('',#3480,#3479,#1492,.T.);
#4222=EDGE_CURVE('',#3476,#3480,#1493,.T.);
#4223=EDGE_CURVE('',#3481,#3481,#3290,.T.);
#4224=EDGE_CURVE('',#3482,#3482,#3291,.T.);
#4225=EDGE_CURVE('',#3483,#3483,#3292,.T.);
#4226=EDGE_CURVE('',#3484,#3484,#3293,.T.);
#4227=EDGE_CURVE('',#3485,#3485,#3294,.T.);
#4228=EDGE_CURVE('',#3486,#3486,#3295,.T.);
#4229=EDGE_CURVE('',#3487,#3487,#3296,.T.);
#4230=EDGE_CURVE('',#3488,#3488,#3297,.T.);
#4231=EDGE_CURVE('',#3489,#3489,#3298,.T.);
#4232=EDGE_CURVE('',#3490,#3491,#3299,.T.);
#4233=EDGE_CURVE('',#3491,#3492,#1494,.T.);
#4234=EDGE_CURVE('',#3492,#3493,#3300,.F.);
#4235=EDGE_CURVE('',#3493,#3490,#1495,.T.);
#4236=EDGE_CURVE('',#3490,#3494,#1496,.T.);
#4237=EDGE_CURVE('',#3495,#3494,#1497,.T.);
#4238=EDGE_CURVE('',#3495,#3496,#1498,.T.);
#4239=EDGE_CURVE('',#3496,#3491,#1499,.T.);
#4240=EDGE_CURVE('',#3493,#3497,#1500,.T.);
#4241=EDGE_CURVE('',#3494,#3497,#1501,.T.);
#4242=EDGE_CURVE('',#3498,#3499,#3301,.T.);
#4243=EDGE_CURVE('',#3499,#3500,#1502,.T.);
#4244=EDGE_CURVE('',#3501,#3500,#3302,.T.);
#4245=EDGE_CURVE('',#3501,#3498,#1503,.T.);
#4246=EDGE_CURVE('',#3502,#3498,#1504,.T.);
#4247=EDGE_CURVE('',#3503,#3502,#1505,.T.);
#4248=EDGE_CURVE('',#3504,#3503,#1506,.T.);
#4249=EDGE_CURVE('',#3504,#3499,#1507,.T.);
#4250=EDGE_CURVE('',#3505,#3501,#1508,.T.);
#4251=EDGE_CURVE('',#3506,#3505,#1509,.T.);
#4252=EDGE_CURVE('',#3507,#3506,#1510,.T.);
#4253=EDGE_CURVE('',#3508,#3507,#1511,.T.);
#4254=EDGE_CURVE('',#3509,#3508,#1512,.T.);
#4255=EDGE_CURVE('',#3502,#3509,#1513,.T.);
#4256=EDGE_CURVE('',#3507,#3510,#145,.F.);
#4257=EDGE_CURVE('',#3510,#3511,#1514,.T.);
#4258=EDGE_CURVE('',#3511,#3508,#3303,.T.);
#4259=EDGE_CURVE('',#3512,#3513,#3304,.T.);
#4260=EDGE_CURVE('',#3513,#3508,#3305,.T.);
#4261=EDGE_CURVE('',#3511,#3512,#3306,.T.);
#4262=EDGE_CURVE('',#3514,#3515,#3307,.T.);
#4263=EDGE_CURVE('',#3515,#3513,#1515,.T.);
#4264=EDGE_CURVE('',#3512,#3514,#1516,.T.);
#4265=EDGE_CURVE('',#3516,#3517,#3308,.T.);
#4266=EDGE_CURVE('',#3517,#3515,#3309,.T.);
#4267=EDGE_CURVE('',#3514,#3516,#3310,.T.);
#4268=EDGE_CURVE('',#3518,#3519,#146,.T.);
#4269=EDGE_CURVE('',#3518,#3517,#1517,.T.);
#4270=EDGE_CURVE('',#3516,#3519,#1518,.T.);
#4271=EDGE_CURVE('',#3520,#3510,#1519,.T.);
#4272=EDGE_CURVE('',#3520,#3521,#1520,.T.);
#4273=EDGE_CURVE('',#3521,#3522,#1521,.T.);
#4274=EDGE_CURVE('',#3523,#3522,#1522,.T.);
#4275=EDGE_CURVE('',#3519,#3523,#1523,.T.);
#4276=EDGE_CURVE('',#3524,#3524,#3311,.T.);
#4277=EDGE_CURVE('',#3525,#3525,#3312,.T.);
#4278=EDGE_CURVE('',#3526,#3526,#3313,.T.);
#4279=EDGE_CURVE('',#3527,#3527,#3314,.T.);
#4280=EDGE_CURVE('',#3528,#3528,#3315,.T.);
#4281=EDGE_CURVE('',#3529,#3529,#3316,.T.);
#4282=EDGE_CURVE('',#3530,#3530,#3317,.T.);
#4283=EDGE_CURVE('',#3531,#3531,#3318,.T.);
#4284=EDGE_CURVE('',#3532,#3532,#3319,.T.);
#4285=EDGE_CURVE('',#3533,#3533,#3320,.T.);
#4286=EDGE_CURVE('',#3533,#3534,#1524,.T.);
#4287=EDGE_CURVE('',#3534,#3534,#3321,.T.);
#4288=EDGE_CURVE('',#3535,#3535,#3322,.T.);
#4289=EDGE_CURVE('',#3535,#3536,#1525,.T.);
#4290=EDGE_CURVE('',#3536,#3536,#3323,.T.);
#4291=EDGE_CURVE('',#3537,#3537,#3324,.T.);
#4292=EDGE_CURVE('',#3537,#3538,#1526,.T.);
#4293=EDGE_CURVE('',#3538,#3538,#3325,.T.);
#4294=EDGE_CURVE('',#3539,#3539,#3326,.T.);
#4295=EDGE_CURVE('',#3539,#3540,#1527,.T.);
#4296=EDGE_CURVE('',#3540,#3540,#3327,.T.);
#4297=EDGE_CURVE('',#3541,#3541,#3328,.T.);
#4298=EDGE_CURVE('',#3541,#3542,#1528,.T.);
#4299=EDGE_CURVE('',#3542,#3542,#3329,.T.);
#4300=EDGE_CURVE('',#3543,#3543,#3330,.T.);
#4301=EDGE_CURVE('',#3543,#3544,#1529,.T.);
#4302=EDGE_CURVE('',#3544,#3544,#3331,.T.);
#4303=EDGE_CURVE('',#3545,#3545,#3332,.T.);
#4304=EDGE_CURVE('',#3545,#3546,#1530,.T.);
#4305=EDGE_CURVE('',#3546,#3546,#3333,.T.);
#4306=EDGE_CURVE('',#3547,#3547,#3334,.T.);
#4307=EDGE_CURVE('',#3547,#3548,#1531,.T.);
#4308=EDGE_CURVE('',#3548,#3548,#3335,.T.);
#4309=EDGE_CURVE('',#3549,#3550,#147,.T.);
#4310=EDGE_CURVE('',#3550,#3551,#1532,.T.);
#4311=EDGE_CURVE('',#3551,#3552,#3336,.T.);
#4312=EDGE_CURVE('',#3549,#3552,#1533,.T.);
#4313=EDGE_CURVE('',#3553,#3550,#1534,.T.);
#4314=EDGE_CURVE('',#3554,#3553,#1535,.T.);
#4315=EDGE_CURVE('',#3551,#3554,#1536,.T.);
#4316=EDGE_CURVE('',#3549,#3520,#1537,.T.);
#4317=EDGE_CURVE('',#3553,#3520,#1538,.T.);
#4318=EDGE_CURVE('',#3555,#3556,#148,.T.);
#4319=EDGE_CURVE('',#3557,#3556,#1539,.T.);
#4320=EDGE_CURVE('',#3557,#3558,#3337,.T.);
#4321=EDGE_CURVE('',#3558,#3555,#1540,.T.);
#4322=EDGE_CURVE('',#3555,#3559,#1541,.T.);
#4323=EDGE_CURVE('',#3559,#3480,#1542,.T.);
#4324=EDGE_CURVE('',#3480,#3556,#1543,.T.);
#4325=EDGE_CURVE('',#3560,#3463,#149,.T.);
#4326=EDGE_CURVE('',#3462,#3561,#3338,.T.);
#4327=EDGE_CURVE('',#3561,#3560,#1544,.T.);
#4328=EDGE_CURVE('',#3560,#3562,#1545,.T.);
#4329=EDGE_CURVE('',#3562,#3477,#1546,.T.);
#4330=EDGE_CURVE('',#3563,#3564,#150,.T.);
#4331=EDGE_CURVE('',#3564,#3565,#1547,.T.);
#4332=EDGE_CURVE('',#3565,#3566,#3339,.T.);
#4333=EDGE_CURVE('',#3566,#3563,#1548,.T.);
#4334=EDGE_CURVE('',#3559,#3564,#1549,.T.);
#4335=EDGE_CURVE('',#3567,#3559,#1550,.T.);
#4336=EDGE_CURVE('',#3565,#3567,#1551,.T.);
#4337=EDGE_CURVE('',#3563,#3475,#1552,.T.);
#4338=EDGE_CURVE('',#3568,#3569,#151,.T.);
#4339=EDGE_CURVE('',#3569,#3570,#1553,.T.);
#4340=EDGE_CURVE('',#3570,#3571,#3340,.T.);
#4341=EDGE_CURVE('',#3571,#3568,#1554,.T.);
#4342=EDGE_CURVE('',#3572,#3569,#1555,.T.);
#4343=EDGE_CURVE('',#3573,#3572,#1556,.T.);
#4344=EDGE_CURVE('',#3570,#3573,#1557,.T.);
#4345=EDGE_CURVE('',#3568,#3518,#1558,.T.);
#4346=EDGE_CURVE('',#3572,#3523,#1559,.T.);
#4347=EDGE_CURVE('',#3574,#3506,#152,.T.);
#4348=EDGE_CURVE('',#3505,#3575,#3341,.T.);
#4349=EDGE_CURVE('',#3575,#3574,#1560,.T.);
#4350=EDGE_CURVE('',#3574,#3553,#1561,.T.);
#4351=EDGE_CURVE('',#3523,#3477,#1562,.T.);
#4352=EDGE_CURVE('',#3562,#3572,#1563,.T.);
#4353=EDGE_CURVE('',#3522,#3478,#1564,.T.);
#4354=EDGE_CURVE('',#3479,#3521,#1565,.T.);
#4355=EDGE_CURVE('',#3552,#3576,#1566,.T.);
#4356=EDGE_CURVE('',#3504,#3576,#1567,.T.);
#4357=EDGE_CURVE('',#3577,#3504,#1568,.T.);
#4358=EDGE_CURVE('',#3578,#3577,#1569,.T.);
#4359=EDGE_CURVE('',#3451,#3578,#1570,.T.);
#4360=EDGE_CURVE('',#3454,#3557,#1571,.T.);
#4361=EDGE_CURVE('',#3579,#3579,#3342,.T.);
#4362=EDGE_CURVE('',#3573,#3580,#1572,.T.);
#4363=EDGE_CURVE('',#3580,#3562,#1573,.T.);
#4364=EDGE_CURVE('',#3580,#3561,#1574,.T.);
#4365=EDGE_CURVE('',#3581,#3457,#1575,.T.);
#4366=EDGE_CURVE('',#3497,#3581,#1576,.T.);
#4367=EDGE_CURVE('',#3492,#3571,#1577,.T.);
#4368=EDGE_CURVE('',#3461,#3581,#1578,.T.);
#4369=EDGE_CURVE('',#3494,#3461,#1579,.T.);
#4370=EDGE_CURVE('',#3554,#3575,#1580,.T.);
#4371=EDGE_CURVE('',#3576,#3500,#1581,.T.);
#4372=EDGE_CURVE('',#3567,#3558,#1582,.T.);
#4373=EDGE_CURVE('',#3449,#3566,#1583,.T.);
#4374=EDGE_CURVE('',#3582,#3582,#3343,.T.);
#4375=EDGE_CURVE('',#3582,#3583,#3344,.T.);
#4376=EDGE_CURVE('',#3583,#3583,#3345,.T.);
#4377=EDGE_CURVE('',#3583,#3584,#1584,.T.);
#4378=EDGE_CURVE('',#3584,#3584,#3346,.T.);
#4379=EDGE_CURVE('',#3585,#3585,#3347,.T.);
#4380=EDGE_CURVE('',#3586,#3586,#3348,.T.);
#4381=EDGE_CURVE('',#3586,#3587,#3349,.T.);
#4382=EDGE_CURVE('',#3587,#3587,#3350,.T.);
#4383=EDGE_CURVE('',#3587,#3588,#1585,.T.);
#4384=EDGE_CURVE('',#3588,#3588,#3351,.T.);
#4385=EDGE_CURVE('',#3589,#3589,#3352,.T.);
#4386=EDGE_CURVE('',#3590,#3590,#3353,.T.);
#4387=EDGE_CURVE('',#3590,#3591,#3354,.T.);
#4388=EDGE_CURVE('',#3591,#3591,#3355,.T.);
#4389=EDGE_CURVE('',#3591,#3592,#1586,.T.);
#4390=EDGE_CURVE('',#3592,#3592,#3356,.T.);
#4391=EDGE_CURVE('',#3593,#3593,#3357,.T.);
#4392=EDGE_CURVE('',#3594,#3594,#3358,.T.);
#4393=EDGE_CURVE('',#3594,#3595,#3359,.T.);
#4394=EDGE_CURVE('',#3595,#3595,#3360,.T.);
#4395=EDGE_CURVE('',#3595,#3596,#1587,.T.);
#4396=EDGE_CURVE('',#3596,#3596,#3361,.T.);
#4397=EDGE_CURVE('',#3597,#3597,#3362,.T.);
#4398=EDGE_CURVE('',#3598,#3599,#1588,.T.);
#4399=EDGE_CURVE('',#3598,#3600,#3363,.T.);
#4400=EDGE_CURVE('',#3600,#3601,#1589,.T.);
#4401=EDGE_CURVE('',#3601,#3599,#153,.T.);
#4402=EDGE_CURVE('',#3601,#3602,#1590,.T.);
#4403=EDGE_CURVE('',#3602,#3603,#154,.T.);
#4404=EDGE_CURVE('',#3599,#3603,#1591,.T.);
#4405=EDGE_CURVE('',#3604,#3605,#48,.T.);
#4406=EDGE_CURVE('',#3604,#3606,#1592,.T.);
#4407=EDGE_CURVE('',#3606,#3607,#155,.T.);
#4408=EDGE_CURVE('',#3603,#3607,#1593,.T.);
#4409=EDGE_CURVE('',#3602,#3605,#1594,.T.);
#4410=EDGE_CURVE('',#3608,#3609,#49,.T.);
#4411=EDGE_CURVE('',#3608,#3610,#1595,.T.);
#4412=EDGE_CURVE('',#3610,#3611,#1596,.T.);
#4413=EDGE_CURVE('',#3611,#3612,#156,.T.);
#4414=EDGE_CURVE('',#3607,#3612,#1597,.T.);
#4415=EDGE_CURVE('',#3606,#3613,#1598,.T.);
#4416=EDGE_CURVE('',#3609,#3613,#50,.T.);
#4417=EDGE_CURVE('',#3611,#3614,#1599,.T.);
#4418=EDGE_CURVE('',#3614,#3615,#3364,.T.);
#4419=EDGE_CURVE('',#3612,#3615,#1600,.T.);
#4420=EDGE_CURVE('',#3598,#3616,#51,.T.);
#4421=EDGE_CURVE('',#3616,#3600,#3365,.T.);
#4422=EDGE_CURVE('',#3614,#3616,#3366,.T.);
#4423=EDGE_CURVE('',#3616,#3615,#52,.T.);
#4424=EDGE_CURVE('',#3615,#3598,#1601,.T.);
#4425=EDGE_CURVE('',#3600,#3617,#3367,.T.);
#4426=EDGE_CURVE('',#3617,#3614,#3368,.T.);
#4427=EDGE_CURVE('',#3610,#3618,#3369,.T.);
#4428=EDGE_CURVE('',#3618,#3610,#3370,.T.);
#4429=EDGE_CURVE('',#3608,#3613,#3371,.T.);
#4430=EDGE_CURVE('',#3604,#3619,#3372,.T.);
#4431=EDGE_CURVE('',#3619,#3605,#3373,.T.);
#4432=EDGE_CURVE('',#3597,#3609,#1602,.T.);
#4433=EDGE_CURVE('',#3593,#3619,#1603,.T.);
#4434=EDGE_CURVE('',#3585,#3618,#1604,.T.);
#4435=EDGE_CURVE('',#3589,#3617,#1605,.T.);
#4436=EDGE_CURVE('',#3513,#3620,#1606,.T.);
#4437=EDGE_CURVE('',#3620,#3509,#3374,.T.);
#4438=EDGE_CURVE('',#3621,#3515,#1607,.T.);
#4439=EDGE_CURVE('',#3621,#3620,#1608,.T.);
#4440=EDGE_CURVE('',#3517,#3622,#1609,.T.);
#4441=EDGE_CURVE('',#3622,#3621,#3375,.T.);
#4442=EDGE_CURVE('',#3474,#3623,#1610,.T.);
#4443=EDGE_CURVE('',#3623,#3624,#3376,.T.);
#4444=EDGE_CURVE('',#3624,#3472,#1611,.T.);
#4445=EDGE_CURVE('',#3624,#3625,#1612,.T.);
#4446=EDGE_CURVE('',#3470,#3625,#1613,.T.);
#4447=EDGE_CURVE('',#3625,#3466,#3377,.T.);
#4448=EDGE_CURVE('',#3626,#3627,#3378,.T.);
#4449=EDGE_CURVE('',#3627,#3628,#1614,.T.);
#4450=EDGE_CURVE('',#3628,#3629,#3379,.T.);
#4451=EDGE_CURVE('',#3629,#3626,#1615,.T.);
#4452=EDGE_CURVE('',#3630,#3629,#1616,.T.);
#4453=EDGE_CURVE('',#3631,#3630,#1617,.T.);
#4454=EDGE_CURVE('',#3632,#3631,#3380,.T.);
#4455=EDGE_CURVE('',#3633,#3632,#3381,.T.);
#4456=EDGE_CURVE('',#3634,#3633,#1618,.T.);
#4457=EDGE_CURVE('',#3634,#3626,#1619,.T.);
#4458=EDGE_CURVE('',#3635,#3628,#1620,.T.);
#4459=EDGE_CURVE('',#3636,#3635,#3382,.T.);
#4460=EDGE_CURVE('',#3637,#3636,#1621,.T.);
#4461=EDGE_CURVE('',#3460,#3637,#3383,.T.);
#4462=EDGE_CURVE('',#3453,#3623,#1622,.T.);
#4463=EDGE_CURVE('',#3630,#3452,#3384,.T.);
#4464=EDGE_CURVE('',#3638,#3638,#3385,.T.);
#4465=EDGE_CURVE('',#3639,#3639,#3386,.T.);
#4466=EDGE_CURVE('',#3640,#3640,#3387,.T.);
#4467=EDGE_CURVE('',#3641,#3641,#3388,.T.);
#4468=EDGE_CURVE('',#3642,#3642,#3389,.T.);
#4469=EDGE_CURVE('',#3643,#3643,#3390,.T.);
#4470=EDGE_CURVE('',#3644,#3644,#3391,.T.);
#4471=EDGE_CURVE('',#3645,#3645,#3392,.T.);
#4472=EDGE_CURVE('',#3646,#3646,#3393,.T.);
#4473=EDGE_CURVE('',#3635,#3647,#1623,.T.);
#4474=EDGE_CURVE('',#3647,#3648,#3394,.T.);
#4475=EDGE_CURVE('',#3648,#3636,#1624,.T.);
#4476=EDGE_CURVE('',#3649,#3648,#1625,.T.);
#4477=EDGE_CURVE('',#3637,#3649,#1626,.T.);
#4478=EDGE_CURVE('',#3650,#3650,#3395,.T.);
#4479=EDGE_CURVE('',#3650,#3524,#1627,.T.);
#4480=EDGE_CURVE('',#3481,#3646,#1628,.T.);
#4481=EDGE_CURVE('',#3651,#3651,#3396,.T.);
#4482=EDGE_CURVE('',#3651,#3525,#1629,.T.);
#4483=EDGE_CURVE('',#3482,#3645,#1630,.T.);
#4484=EDGE_CURVE('',#3652,#3652,#3397,.T.);
#4485=EDGE_CURVE('',#3652,#3526,#1631,.T.);
#4486=EDGE_CURVE('',#3483,#3644,#1632,.T.);
#4487=EDGE_CURVE('',#3653,#3653,#3398,.T.);
#4488=EDGE_CURVE('',#3653,#3527,#1633,.T.);
#4489=EDGE_CURVE('',#3484,#3643,#1634,.T.);
#4490=EDGE_CURVE('',#3654,#3654,#3399,.T.);
#4491=EDGE_CURVE('',#3654,#3528,#1635,.T.);
#4492=EDGE_CURVE('',#3485,#3642,#1636,.T.);
#4493=EDGE_CURVE('',#3655,#3655,#3400,.T.);
#4494=EDGE_CURVE('',#3655,#3529,#1637,.T.);
#4495=EDGE_CURVE('',#3486,#3641,#1638,.T.);
#4496=EDGE_CURVE('',#3656,#3656,#3401,.T.);
#4497=EDGE_CURVE('',#3656,#3530,#1639,.T.);
#4498=EDGE_CURVE('',#3487,#3640,#1640,.T.);
#4499=EDGE_CURVE('',#3657,#3657,#3402,.T.);
#4500=EDGE_CURVE('',#3657,#3531,#1641,.T.);
#4501=EDGE_CURVE('',#3488,#3639,#1642,.T.);
#4502=EDGE_CURVE('',#3658,#3658,#3403,.T.);
#4503=EDGE_CURVE('',#3658,#3532,#1643,.T.);
#4504=EDGE_CURVE('',#3489,#3638,#1644,.T.);
#4505=EDGE_CURVE('',#3496,#3622,#1645,.T.);
#4506=EDGE_CURVE('',#3649,#3495,#3404,.T.);
#4507=EDGE_CURVE('',#3578,#3631,#3405,.T.);
#4508=EDGE_CURVE('',#3578,#3577,#53,.T.);
#4509=EDGE_CURVE('',#3577,#3633,#3406,.T.);
#4510=EDGE_CURVE('',#3633,#3631,#54,.T.);
#4511=EDGE_CURVE('',#3503,#3634,#3407,.T.);
#4512=EDGE_CURVE('',#3659,#3659,#3408,.T.);
#4513=EDGE_CURVE('',#3659,#3632,#3409,.T.);
#4514=EDGE_CURVE('',#3627,#3647,#1646,.T.);
#4515=EDGE_CURVE('',#3660,#3660,#3410,.T.);
#4516=EDGE_CURVE('',#3660,#3579,#1647,.T.);
#4517=EDGE_CURVE('',#3661,#3662,#1648,.T.);
#4518=EDGE_CURVE('',#3661,#3663,#1649,.T.);
#4519=EDGE_CURVE('',#3663,#3664,#1650,.T.);
#4520=EDGE_CURVE('',#3662,#3664,#1651,.T.);
#4521=EDGE_CURVE('',#3665,#3661,#1652,.T.);
#4522=EDGE_CURVE('',#3665,#3666,#1653,.T.);
#4523=EDGE_CURVE('',#3666,#3663,#1654,.T.);
#4524=EDGE_CURVE('',#3667,#3665,#1655,.T.);
#4525=EDGE_CURVE('',#3667,#3668,#1656,.T.);
#4526=EDGE_CURVE('',#3668,#3666,#1657,.T.);
#4527=EDGE_CURVE('',#3669,#3667,#1658,.T.);
#4528=EDGE_CURVE('',#3669,#3670,#1659,.T.);
#4529=EDGE_CURVE('',#3670,#3668,#1660,.T.);
#4530=EDGE_CURVE('',#3671,#3669,#1661,.T.);
#4531=EDGE_CURVE('',#3671,#3672,#1662,.T.);
#4532=EDGE_CURVE('',#3672,#3670,#1663,.T.);
#4533=EDGE_CURVE('',#3662,#3671,#1664,.T.);
#4534=EDGE_CURVE('',#3664,#3672,#1665,.T.);
#4535=EDGE_CURVE('',#3673,#3674,#1666,.T.);
#4536=EDGE_CURVE('',#3673,#3675,#1667,.T.);
#4537=EDGE_CURVE('',#3675,#3676,#1668,.T.);
#4538=EDGE_CURVE('',#3674,#3676,#1669,.T.);
#4539=EDGE_CURVE('',#3677,#3673,#1670,.T.);
#4540=EDGE_CURVE('',#3677,#3678,#1671,.T.);
#4541=EDGE_CURVE('',#3678,#3675,#1672,.T.);
#4542=EDGE_CURVE('',#3679,#3677,#1673,.T.);
#4543=EDGE_CURVE('',#3679,#3680,#1674,.T.);
#4544=EDGE_CURVE('',#3680,#3678,#1675,.T.);
#4545=EDGE_CURVE('',#3681,#3679,#1676,.T.);
#4546=EDGE_CURVE('',#3681,#3682,#1677,.T.);
#4547=EDGE_CURVE('',#3682,#3680,#1678,.T.);
#4548=EDGE_CURVE('',#3683,#3681,#1679,.T.);
#4549=EDGE_CURVE('',#3683,#3684,#1680,.T.);
#4550=EDGE_CURVE('',#3684,#3682,#1681,.T.);
#4551=EDGE_CURVE('',#3674,#3683,#1682,.T.);
#4552=EDGE_CURVE('',#3676,#3684,#1683,.T.);
#4553=EDGE_CURVE('',#3685,#3686,#1684,.T.);
#4554=EDGE_CURVE('',#3685,#3687,#1685,.T.);
#4555=EDGE_CURVE('',#3687,#3688,#1686,.T.);
#4556=EDGE_CURVE('',#3686,#3688,#1687,.T.);
#4557=EDGE_CURVE('',#3689,#3685,#1688,.T.);
#4558=EDGE_CURVE('',#3689,#3690,#1689,.T.);
#4559=EDGE_CURVE('',#3690,#3687,#1690,.T.);
#4560=EDGE_CURVE('',#3691,#3689,#1691,.T.);
#4561=EDGE_CURVE('',#3691,#3692,#1692,.T.);
#4562=EDGE_CURVE('',#3692,#3690,#1693,.T.);
#4563=EDGE_CURVE('',#3693,#3691,#1694,.T.);
#4564=EDGE_CURVE('',#3693,#3694,#1695,.T.);
#4565=EDGE_CURVE('',#3694,#3692,#1696,.T.);
#4566=EDGE_CURVE('',#3695,#3693,#1697,.T.);
#4567=EDGE_CURVE('',#3695,#3696,#1698,.T.);
#4568=EDGE_CURVE('',#3696,#3694,#1699,.T.);
#4569=EDGE_CURVE('',#3686,#3695,#1700,.T.);
#4570=EDGE_CURVE('',#3688,#3696,#1701,.T.);
#4571=EDGE_CURVE('',#3697,#3698,#1702,.T.);
#4572=EDGE_CURVE('',#3697,#3699,#1703,.T.);
#4573=EDGE_CURVE('',#3699,#3700,#1704,.T.);
#4574=EDGE_CURVE('',#3698,#3700,#1705,.T.);
#4575=EDGE_CURVE('',#3701,#3697,#1706,.T.);
#4576=EDGE_CURVE('',#3701,#3702,#1707,.T.);
#4577=EDGE_CURVE('',#3702,#3699,#1708,.T.);
#4578=EDGE_CURVE('',#3703,#3701,#1709,.T.);
#4579=EDGE_CURVE('',#3703,#3704,#1710,.T.);
#4580=EDGE_CURVE('',#3704,#3702,#1711,.T.);
#4581=EDGE_CURVE('',#3705,#3703,#1712,.T.);
#4582=EDGE_CURVE('',#3705,#3706,#1713,.T.);
#4583=EDGE_CURVE('',#3706,#3704,#1714,.T.);
#4584=EDGE_CURVE('',#3707,#3705,#1715,.T.);
#4585=EDGE_CURVE('',#3707,#3708,#1716,.T.);
#4586=EDGE_CURVE('',#3708,#3706,#1717,.T.);
#4587=EDGE_CURVE('',#3698,#3707,#1718,.T.);
#4588=EDGE_CURVE('',#3700,#3708,#1719,.T.);
#4589=EDGE_CURVE('',#3709,#3710,#1720,.T.);
#4590=EDGE_CURVE('',#3710,#3711,#1721,.T.);
#4591=EDGE_CURVE('',#3712,#3711,#1722,.T.);
#4592=EDGE_CURVE('',#3709,#3712,#1723,.T.);
#4593=EDGE_CURVE('',#3713,#3709,#1724,.T.);
#4594=EDGE_CURVE('',#3714,#3712,#1725,.T.);
#4595=EDGE_CURVE('',#3713,#3714,#1726,.T.);
#4596=EDGE_CURVE('',#3715,#3713,#1727,.T.);
#4597=EDGE_CURVE('',#3716,#3714,#1728,.T.);
#4598=EDGE_CURVE('',#3715,#3716,#1729,.T.);
#4599=EDGE_CURVE('',#3717,#3715,#1730,.T.);
#4600=EDGE_CURVE('',#3718,#3716,#1731,.T.);
#4601=EDGE_CURVE('',#3717,#3718,#1732,.T.);
#4602=EDGE_CURVE('',#3719,#3717,#1733,.T.);
#4603=EDGE_CURVE('',#3720,#3718,#1734,.T.);
#4604=EDGE_CURVE('',#3719,#3720,#1735,.T.);
#4605=EDGE_CURVE('',#3721,#3719,#1736,.T.);
#4606=EDGE_CURVE('',#3722,#3720,#1737,.T.);
#4607=EDGE_CURVE('',#3721,#3722,#1738,.T.);
#4608=EDGE_CURVE('',#3723,#3721,#1739,.T.);
#4609=EDGE_CURVE('',#3724,#3722,#1740,.T.);
#4610=EDGE_CURVE('',#3723,#3724,#1741,.T.);
#4611=EDGE_CURVE('',#3725,#3723,#1742,.T.);
#4612=EDGE_CURVE('',#3726,#3724,#1743,.T.);
#4613=EDGE_CURVE('',#3725,#3726,#1744,.T.);
#4614=EDGE_CURVE('',#3727,#3725,#1745,.T.);
#4615=EDGE_CURVE('',#3728,#3726,#1746,.T.);
#4616=EDGE_CURVE('',#3727,#3728,#1747,.T.);
#4617=EDGE_CURVE('',#3729,#3727,#1748,.T.);
#4618=EDGE_CURVE('',#3730,#3728,#1749,.T.);
#4619=EDGE_CURVE('',#3729,#3730,#1750,.T.);
#4620=EDGE_CURVE('',#3731,#3729,#1751,.T.);
#4621=EDGE_CURVE('',#3732,#3730,#1752,.T.);
#4622=EDGE_CURVE('',#3731,#3732,#1753,.T.);
#4623=EDGE_CURVE('',#3710,#3731,#1754,.T.);
#4624=EDGE_CURVE('',#3711,#3732,#1755,.T.);
#4625=EDGE_CURVE('',#3733,#3734,#1756,.T.);
#4626=EDGE_CURVE('',#3734,#3735,#1757,.T.);
#4627=EDGE_CURVE('',#3736,#3735,#1758,.T.);
#4628=EDGE_CURVE('',#3733,#3736,#1759,.T.);
#4629=EDGE_CURVE('',#3737,#3733,#1760,.T.);
#4630=EDGE_CURVE('',#3738,#3736,#1761,.T.);
#4631=EDGE_CURVE('',#3737,#3738,#1762,.T.);
#4632=EDGE_CURVE('',#3739,#3737,#1763,.T.);
#4633=EDGE_CURVE('',#3740,#3738,#1764,.T.);
#4634=EDGE_CURVE('',#3739,#3740,#1765,.T.);
#4635=EDGE_CURVE('',#3741,#3739,#1766,.T.);
#4636=EDGE_CURVE('',#3742,#3740,#1767,.T.);
#4637=EDGE_CURVE('',#3741,#3742,#1768,.T.);
#4638=EDGE_CURVE('',#3743,#3741,#1769,.T.);
#4639=EDGE_CURVE('',#3744,#3742,#1770,.T.);
#4640=EDGE_CURVE('',#3743,#3744,#1771,.T.);
#4641=EDGE_CURVE('',#3745,#3743,#1772,.T.);
#4642=EDGE_CURVE('',#3746,#3744,#1773,.T.);
#4643=EDGE_CURVE('',#3745,#3746,#1774,.T.);
#4644=EDGE_CURVE('',#3747,#3745,#1775,.T.);
#4645=EDGE_CURVE('',#3748,#3746,#1776,.T.);
#4646=EDGE_CURVE('',#3747,#3748,#1777,.T.);
#4647=EDGE_CURVE('',#3749,#3747,#1778,.T.);
#4648=EDGE_CURVE('',#3750,#3748,#1779,.T.);
#4649=EDGE_CURVE('',#3749,#3750,#1780,.T.);
#4650=EDGE_CURVE('',#3751,#3749,#1781,.T.);
#4651=EDGE_CURVE('',#3752,#3750,#1782,.T.);
#4652=EDGE_CURVE('',#3751,#3752,#1783,.T.);
#4653=EDGE_CURVE('',#3753,#3751,#1784,.T.);
#4654=EDGE_CURVE('',#3754,#3752,#1785,.T.);
#4655=EDGE_CURVE('',#3753,#3754,#1786,.T.);
#4656=EDGE_CURVE('',#3755,#3753,#1787,.T.);
#4657=EDGE_CURVE('',#3756,#3754,#1788,.T.);
#4658=EDGE_CURVE('',#3755,#3756,#1789,.T.);
#4659=EDGE_CURVE('',#3734,#3755,#1790,.T.);
#4660=EDGE_CURVE('',#3735,#3756,#1791,.T.);
#4661=EDGE_CURVE('',#3757,#3758,#1792,.T.);
#4662=EDGE_CURVE('',#3757,#3759,#1793,.T.);
#4663=EDGE_CURVE('',#3760,#3759,#1794,.T.);
#4664=EDGE_CURVE('',#3758,#3760,#1795,.T.);
#4665=EDGE_CURVE('',#3758,#3761,#1796,.T.);
#4666=EDGE_CURVE('',#3762,#3760,#1797,.T.);
#4667=EDGE_CURVE('',#3761,#3762,#1798,.T.);
#4668=EDGE_CURVE('',#3761,#3763,#1799,.T.);
#4669=EDGE_CURVE('',#3764,#3762,#1800,.T.);
#4670=EDGE_CURVE('',#3763,#3764,#1801,.T.);
#4671=EDGE_CURVE('',#3763,#3757,#1802,.T.);
#4672=EDGE_CURVE('',#3759,#3764,#1803,.T.);
#4673=EDGE_CURVE('',#3765,#3766,#1804,.T.);
#4674=EDGE_CURVE('',#3766,#3767,#1805,.T.);
#4675=EDGE_CURVE('',#3768,#3767,#1806,.T.);
#4676=EDGE_CURVE('',#3765,#3768,#1807,.T.);
#4677=EDGE_CURVE('',#3769,#3765,#1808,.T.);
#4678=EDGE_CURVE('',#3770,#3768,#1809,.T.);
#4679=EDGE_CURVE('',#3769,#3770,#1810,.T.);
#4680=EDGE_CURVE('',#3771,#3769,#1811,.T.);
#4681=EDGE_CURVE('',#3772,#3770,#1812,.T.);
#4682=EDGE_CURVE('',#3771,#3772,#1813,.T.);
#4683=EDGE_CURVE('',#3773,#3771,#1814,.T.);
#4684=EDGE_CURVE('',#3774,#3772,#1815,.T.);
#4685=EDGE_CURVE('',#3773,#3774,#1816,.T.);
#4686=EDGE_CURVE('',#3775,#3773,#1817,.T.);
#4687=EDGE_CURVE('',#3776,#3774,#1818,.T.);
#4688=EDGE_CURVE('',#3775,#3776,#1819,.T.);
#4689=EDGE_CURVE('',#3777,#3775,#1820,.T.);
#4690=EDGE_CURVE('',#3778,#3776,#1821,.T.);
#4691=EDGE_CURVE('',#3777,#3778,#1822,.T.);
#4692=EDGE_CURVE('',#3779,#3777,#1823,.T.);
#4693=EDGE_CURVE('',#3780,#3778,#1824,.T.);
#4694=EDGE_CURVE('',#3779,#3780,#1825,.T.);
#4695=EDGE_CURVE('',#3781,#3779,#1826,.T.);
#4696=EDGE_CURVE('',#3782,#3780,#1827,.T.);
#4697=EDGE_CURVE('',#3781,#3782,#1828,.T.);
#4698=EDGE_CURVE('',#3783,#3781,#1829,.T.);
#4699=EDGE_CURVE('',#3784,#3782,#1830,.T.);
#4700=EDGE_CURVE('',#3783,#3784,#1831,.T.);
#4701=EDGE_CURVE('',#3785,#3783,#1832,.T.);
#4702=EDGE_CURVE('',#3786,#3784,#1833,.T.);
#4703=EDGE_CURVE('',#3785,#3786,#1834,.T.);
#4704=EDGE_CURVE('',#3787,#3785,#1835,.T.);
#4705=EDGE_CURVE('',#3788,#3786,#1836,.T.);
#4706=EDGE_CURVE('',#3787,#3788,#1837,.T.);
#4707=EDGE_CURVE('',#3789,#3787,#1838,.T.);
#4708=EDGE_CURVE('',#3790,#3788,#1839,.T.);
#4709=EDGE_CURVE('',#3789,#3790,#1840,.T.);
#4710=EDGE_CURVE('',#3791,#3789,#1841,.T.);
#4711=EDGE_CURVE('',#3792,#3790,#1842,.T.);
#4712=EDGE_CURVE('',#3791,#3792,#1843,.T.);
#4713=EDGE_CURVE('',#3766,#3791,#1844,.T.);
#4714=EDGE_CURVE('',#3767,#3792,#1845,.T.);
#4715=EDGE_CURVE('',#3793,#3794,#1846,.T.);
#4716=EDGE_CURVE('',#3793,#3795,#1847,.T.);
#4717=EDGE_CURVE('',#3796,#3795,#1848,.T.);
#4718=EDGE_CURVE('',#3794,#3796,#1849,.T.);
#4719=EDGE_CURVE('',#3794,#3797,#1850,.T.);
#4720=EDGE_CURVE('',#3798,#3796,#1851,.T.);
#4721=EDGE_CURVE('',#3797,#3798,#1852,.T.);
#4722=EDGE_CURVE('',#3797,#3799,#1853,.T.);
#4723=EDGE_CURVE('',#3800,#3798,#1854,.T.);
#4724=EDGE_CURVE('',#3799,#3800,#1855,.T.);
#4725=EDGE_CURVE('',#3799,#3793,#1856,.T.);
#4726=EDGE_CURVE('',#3795,#3800,#1857,.T.);
#4727=EDGE_CURVE('',#3801,#3802,#1858,.T.);
#4728=EDGE_CURVE('',#3802,#3803,#1859,.T.);
#4729=EDGE_CURVE('',#3804,#3803,#1860,.T.);
#4730=EDGE_CURVE('',#3801,#3804,#1861,.T.);
#4731=EDGE_CURVE('',#3805,#3801,#1862,.T.);
#4732=EDGE_CURVE('',#3806,#3804,#1863,.T.);
#4733=EDGE_CURVE('',#3805,#3806,#1864,.T.);
#4734=EDGE_CURVE('',#3807,#3805,#1865,.T.);
#4735=EDGE_CURVE('',#3808,#3806,#1866,.T.);
#4736=EDGE_CURVE('',#3807,#3808,#1867,.T.);
#4737=EDGE_CURVE('',#3809,#3807,#1868,.T.);
#4738=EDGE_CURVE('',#3810,#3808,#1869,.T.);
#4739=EDGE_CURVE('',#3809,#3810,#1870,.T.);
#4740=EDGE_CURVE('',#3811,#3809,#1871,.T.);
#4741=EDGE_CURVE('',#3812,#3810,#1872,.T.);
#4742=EDGE_CURVE('',#3811,#3812,#1873,.T.);
#4743=EDGE_CURVE('',#3813,#3811,#1874,.T.);
#4744=EDGE_CURVE('',#3814,#3812,#1875,.T.);
#4745=EDGE_CURVE('',#3813,#3814,#1876,.T.);
#4746=EDGE_CURVE('',#3815,#3813,#1877,.T.);
#4747=EDGE_CURVE('',#3816,#3814,#1878,.T.);
#4748=EDGE_CURVE('',#3815,#3816,#1879,.T.);
#4749=EDGE_CURVE('',#3817,#3815,#1880,.T.);
#4750=EDGE_CURVE('',#3818,#3816,#1881,.T.);
#4751=EDGE_CURVE('',#3817,#3818,#1882,.T.);
#4752=EDGE_CURVE('',#3819,#3817,#1883,.T.);
#4753=EDGE_CURVE('',#3820,#3818,#1884,.T.);
#4754=EDGE_CURVE('',#3819,#3820,#1885,.T.);
#4755=EDGE_CURVE('',#3821,#3819,#1886,.T.);
#4756=EDGE_CURVE('',#3822,#3820,#1887,.T.);
#4757=EDGE_CURVE('',#3821,#3822,#1888,.T.);
#4758=EDGE_CURVE('',#3823,#3821,#1889,.T.);
#4759=EDGE_CURVE('',#3824,#3822,#1890,.T.);
#4760=EDGE_CURVE('',#3823,#3824,#1891,.T.);
#4761=EDGE_CURVE('',#3802,#3823,#1892,.T.);
#4762=EDGE_CURVE('',#3803,#3824,#1893,.T.);
#4763=EDGE_CURVE('',#3825,#3826,#1894,.T.);
#4764=EDGE_CURVE('',#3826,#3827,#1895,.T.);
#4765=EDGE_CURVE('',#3828,#3827,#1896,.T.);
#4766=EDGE_CURVE('',#3825,#3828,#1897,.T.);
#4767=EDGE_CURVE('',#3829,#3825,#1898,.T.);
#4768=EDGE_CURVE('',#3830,#3828,#1899,.T.);
#4769=EDGE_CURVE('',#3829,#3830,#1900,.T.);
#4770=EDGE_CURVE('',#3831,#3829,#1901,.T.);
#4771=EDGE_CURVE('',#3832,#3830,#1902,.T.);
#4772=EDGE_CURVE('',#3831,#3832,#1903,.T.);
#4773=EDGE_CURVE('',#3833,#3831,#1904,.T.);
#4774=EDGE_CURVE('',#3834,#3832,#1905,.T.);
#4775=EDGE_CURVE('',#3833,#3834,#1906,.T.);
#4776=EDGE_CURVE('',#3835,#3833,#1907,.T.);
#4777=EDGE_CURVE('',#3836,#3834,#1908,.T.);
#4778=EDGE_CURVE('',#3835,#3836,#1909,.T.);
#4779=EDGE_CURVE('',#3837,#3835,#1910,.T.);
#4780=EDGE_CURVE('',#3838,#3836,#1911,.T.);
#4781=EDGE_CURVE('',#3837,#3838,#1912,.T.);
#4782=EDGE_CURVE('',#3839,#3837,#1913,.T.);
#4783=EDGE_CURVE('',#3840,#3838,#1914,.T.);
#4784=EDGE_CURVE('',#3839,#3840,#1915,.T.);
#4785=EDGE_CURVE('',#3841,#3839,#1916,.T.);
#4786=EDGE_CURVE('',#3842,#3840,#1917,.T.);
#4787=EDGE_CURVE('',#3841,#3842,#1918,.T.);
#4788=EDGE_CURVE('',#3843,#3841,#1919,.T.);
#4789=EDGE_CURVE('',#3844,#3842,#1920,.T.);
#4790=EDGE_CURVE('',#3843,#3844,#1921,.T.);
#4791=EDGE_CURVE('',#3845,#3843,#1922,.T.);
#4792=EDGE_CURVE('',#3846,#3844,#1923,.T.);
#4793=EDGE_CURVE('',#3845,#3846,#1924,.T.);
#4794=EDGE_CURVE('',#3847,#3845,#1925,.T.);
#4795=EDGE_CURVE('',#3848,#3846,#1926,.T.);
#4796=EDGE_CURVE('',#3847,#3848,#1927,.T.);
#4797=EDGE_CURVE('',#3826,#3847,#1928,.T.);
#4798=EDGE_CURVE('',#3827,#3848,#1929,.T.);
#4799=EDGE_CURVE('',#3849,#3850,#1930,.T.);
#4800=EDGE_CURVE('',#3849,#3851,#1931,.T.);
#4801=EDGE_CURVE('',#3852,#3851,#1932,.T.);
#4802=EDGE_CURVE('',#3850,#3852,#1933,.T.);
#4803=EDGE_CURVE('',#3850,#3853,#1934,.T.);
#4804=EDGE_CURVE('',#3854,#3852,#1935,.T.);
#4805=EDGE_CURVE('',#3853,#3854,#1936,.T.);
#4806=EDGE_CURVE('',#3853,#3855,#1937,.T.);
#4807=EDGE_CURVE('',#3856,#3854,#1938,.T.);
#4808=EDGE_CURVE('',#3855,#3856,#1939,.T.);
#4809=EDGE_CURVE('',#3855,#3849,#1940,.T.);
#4810=EDGE_CURVE('',#3851,#3856,#1941,.T.);
#4811=EDGE_CURVE('',#3857,#3858,#1942,.T.);
#4812=EDGE_CURVE('',#3858,#3859,#1943,.T.);
#4813=EDGE_CURVE('',#3860,#3859,#1944,.T.);
#4814=EDGE_CURVE('',#3857,#3860,#1945,.T.);
#4815=EDGE_CURVE('',#3861,#3857,#1946,.T.);
#4816=EDGE_CURVE('',#3862,#3860,#1947,.T.);
#4817=EDGE_CURVE('',#3861,#3862,#1948,.T.);
#4818=EDGE_CURVE('',#3863,#3861,#1949,.T.);
#4819=EDGE_CURVE('',#3864,#3862,#1950,.T.);
#4820=EDGE_CURVE('',#3863,#3864,#1951,.T.);
#4821=EDGE_CURVE('',#3865,#3863,#1952,.T.);
#4822=EDGE_CURVE('',#3866,#3864,#1953,.T.);
#4823=EDGE_CURVE('',#3865,#3866,#1954,.T.);
#4824=EDGE_CURVE('',#3867,#3865,#1955,.T.);
#4825=EDGE_CURVE('',#3868,#3866,#1956,.T.);
#4826=EDGE_CURVE('',#3867,#3868,#1957,.T.);
#4827=EDGE_CURVE('',#3869,#3867,#1958,.T.);
#4828=EDGE_CURVE('',#3870,#3868,#1959,.T.);
#4829=EDGE_CURVE('',#3869,#3870,#1960,.T.);
#4830=EDGE_CURVE('',#3871,#3869,#1961,.T.);
#4831=EDGE_CURVE('',#3872,#3870,#1962,.T.);
#4832=EDGE_CURVE('',#3871,#3872,#1963,.T.);
#4833=EDGE_CURVE('',#3873,#3871,#1964,.T.);
#4834=EDGE_CURVE('',#3874,#3872,#1965,.T.);
#4835=EDGE_CURVE('',#3873,#3874,#1966,.T.);
#4836=EDGE_CURVE('',#3875,#3873,#1967,.T.);
#4837=EDGE_CURVE('',#3876,#3874,#1968,.T.);
#4838=EDGE_CURVE('',#3875,#3876,#1969,.T.);
#4839=EDGE_CURVE('',#3877,#3875,#1970,.T.);
#4840=EDGE_CURVE('',#3878,#3876,#1971,.T.);
#4841=EDGE_CURVE('',#3877,#3878,#1972,.T.);
#4842=EDGE_CURVE('',#3879,#3877,#1973,.T.);
#4843=EDGE_CURVE('',#3880,#3878,#1974,.T.);
#4844=EDGE_CURVE('',#3879,#3880,#1975,.T.);
#4845=EDGE_CURVE('',#3858,#3879,#1976,.T.);
#4846=EDGE_CURVE('',#3859,#3880,#1977,.T.);
#4847=EDGE_CURVE('',#3881,#3882,#1978,.T.);
#4848=EDGE_CURVE('',#3882,#3883,#1979,.T.);
#4849=EDGE_CURVE('',#3884,#3883,#1980,.T.);
#4850=EDGE_CURVE('',#3881,#3884,#1981,.T.);
#4851=EDGE_CURVE('',#3885,#3881,#1982,.T.);
#4852=EDGE_CURVE('',#3886,#3884,#1983,.T.);
#4853=EDGE_CURVE('',#3885,#3886,#1984,.T.);
#4854=EDGE_CURVE('',#3887,#3885,#1985,.T.);
#4855=EDGE_CURVE('',#3888,#3886,#1986,.T.);
#4856=EDGE_CURVE('',#3887,#3888,#1987,.T.);
#4857=EDGE_CURVE('',#3889,#3887,#1988,.T.);
#4858=EDGE_CURVE('',#3890,#3888,#1989,.T.);
#4859=EDGE_CURVE('',#3889,#3890,#1990,.T.);
#4860=EDGE_CURVE('',#3891,#3889,#1991,.T.);
#4861=EDGE_CURVE('',#3892,#3890,#1992,.T.);
#4862=EDGE_CURVE('',#3891,#3892,#1993,.T.);
#4863=EDGE_CURVE('',#3893,#3891,#1994,.T.);
#4864=EDGE_CURVE('',#3894,#3892,#1995,.T.);
#4865=EDGE_CURVE('',#3893,#3894,#1996,.T.);
#4866=EDGE_CURVE('',#3895,#3893,#1997,.T.);
#4867=EDGE_CURVE('',#3896,#3894,#1998,.T.);
#4868=EDGE_CURVE('',#3895,#3896,#1999,.T.);
#4869=EDGE_CURVE('',#3897,#3895,#2000,.T.);
#4870=EDGE_CURVE('',#3898,#3896,#2001,.T.);
#4871=EDGE_CURVE('',#3897,#3898,#2002,.T.);
#4872=EDGE_CURVE('',#3899,#3897,#2003,.T.);
#4873=EDGE_CURVE('',#3900,#3898,#2004,.T.);
#4874=EDGE_CURVE('',#3899,#3900,#2005,.T.);
#4875=EDGE_CURVE('',#3901,#3899,#2006,.T.);
#4876=EDGE_CURVE('',#3902,#3900,#2007,.T.);
#4877=EDGE_CURVE('',#3901,#3902,#2008,.T.);
#4878=EDGE_CURVE('',#3903,#3901,#2009,.T.);
#4879=EDGE_CURVE('',#3904,#3902,#2010,.T.);
#4880=EDGE_CURVE('',#3903,#3904,#2011,.T.);
#4881=EDGE_CURVE('',#3905,#3903,#2012,.T.);
#4882=EDGE_CURVE('',#3906,#3904,#2013,.T.);
#4883=EDGE_CURVE('',#3905,#3906,#2014,.T.);
#4884=EDGE_CURVE('',#3907,#3905,#2015,.T.);
#4885=EDGE_CURVE('',#3908,#3906,#2016,.T.);
#4886=EDGE_CURVE('',#3907,#3908,#2017,.T.);
#4887=EDGE_CURVE('',#3909,#3907,#2018,.T.);
#4888=EDGE_CURVE('',#3910,#3908,#2019,.T.);
#4889=EDGE_CURVE('',#3909,#3910,#2020,.T.);
#4890=EDGE_CURVE('',#3911,#3909,#2021,.T.);
#4891=EDGE_CURVE('',#3912,#3910,#2022,.T.);
#4892=EDGE_CURVE('',#3911,#3912,#2023,.T.);
#4893=EDGE_CURVE('',#3913,#3911,#2024,.T.);
#4894=EDGE_CURVE('',#3914,#3912,#2025,.T.);
#4895=EDGE_CURVE('',#3913,#3914,#2026,.T.);
#4896=EDGE_CURVE('',#3915,#3913,#2027,.T.);
#4897=EDGE_CURVE('',#3916,#3914,#2028,.T.);
#4898=EDGE_CURVE('',#3915,#3916,#2029,.T.);
#4899=EDGE_CURVE('',#3917,#3915,#2030,.T.);
#4900=EDGE_CURVE('',#3918,#3916,#2031,.T.);
#4901=EDGE_CURVE('',#3917,#3918,#2032,.T.);
#4902=EDGE_CURVE('',#3919,#3917,#2033,.T.);
#4903=EDGE_CURVE('',#3920,#3918,#2034,.T.);
#4904=EDGE_CURVE('',#3919,#3920,#2035,.T.);
#4905=EDGE_CURVE('',#3882,#3919,#2036,.T.);
#4906=EDGE_CURVE('',#3883,#3920,#2037,.T.);
#4907=EDGE_CURVE('',#3921,#3922,#2038,.T.);
#4908=EDGE_CURVE('',#3922,#3923,#2039,.T.);
#4909=EDGE_CURVE('',#3924,#3923,#2040,.T.);
#4910=EDGE_CURVE('',#3921,#3924,#2041,.T.);
#4911=EDGE_CURVE('',#3925,#3921,#2042,.T.);
#4912=EDGE_CURVE('',#3926,#3924,#2043,.T.);
#4913=EDGE_CURVE('',#3925,#3926,#2044,.T.);
#4914=EDGE_CURVE('',#3927,#3925,#2045,.T.);
#4915=EDGE_CURVE('',#3928,#3926,#2046,.T.);
#4916=EDGE_CURVE('',#3927,#3928,#2047,.T.);
#4917=EDGE_CURVE('',#3929,#3927,#2048,.T.);
#4918=EDGE_CURVE('',#3930,#3928,#2049,.T.);
#4919=EDGE_CURVE('',#3929,#3930,#2050,.T.);
#4920=EDGE_CURVE('',#3931,#3929,#2051,.T.);
#4921=EDGE_CURVE('',#3932,#3930,#2052,.T.);
#4922=EDGE_CURVE('',#3931,#3932,#2053,.T.);
#4923=EDGE_CURVE('',#3933,#3931,#2054,.T.);
#4924=EDGE_CURVE('',#3934,#3932,#2055,.T.);
#4925=EDGE_CURVE('',#3933,#3934,#2056,.T.);
#4926=EDGE_CURVE('',#3935,#3933,#2057,.T.);
#4927=EDGE_CURVE('',#3936,#3934,#2058,.T.);
#4928=EDGE_CURVE('',#3935,#3936,#2059,.T.);
#4929=EDGE_CURVE('',#3937,#3935,#2060,.T.);
#4930=EDGE_CURVE('',#3938,#3936,#2061,.T.);
#4931=EDGE_CURVE('',#3937,#3938,#2062,.T.);
#4932=EDGE_CURVE('',#3939,#3937,#2063,.T.);
#4933=EDGE_CURVE('',#3940,#3938,#2064,.T.);
#4934=EDGE_CURVE('',#3939,#3940,#2065,.T.);
#4935=EDGE_CURVE('',#3941,#3939,#2066,.T.);
#4936=EDGE_CURVE('',#3942,#3940,#2067,.T.);
#4937=EDGE_CURVE('',#3941,#3942,#2068,.T.);
#4938=EDGE_CURVE('',#3943,#3941,#2069,.T.);
#4939=EDGE_CURVE('',#3944,#3942,#2070,.T.);
#4940=EDGE_CURVE('',#3943,#3944,#2071,.T.);
#4941=EDGE_CURVE('',#3945,#3943,#2072,.T.);
#4942=EDGE_CURVE('',#3946,#3944,#2073,.T.);
#4943=EDGE_CURVE('',#3945,#3946,#2074,.T.);
#4944=EDGE_CURVE('',#3947,#3945,#2075,.T.);
#4945=EDGE_CURVE('',#3948,#3946,#2076,.T.);
#4946=EDGE_CURVE('',#3947,#3948,#2077,.T.);
#4947=EDGE_CURVE('',#3949,#3947,#2078,.T.);
#4948=EDGE_CURVE('',#3950,#3948,#2079,.T.);
#4949=EDGE_CURVE('',#3949,#3950,#2080,.T.);
#4950=EDGE_CURVE('',#3951,#3949,#2081,.T.);
#4951=EDGE_CURVE('',#3952,#3950,#2082,.T.);
#4952=EDGE_CURVE('',#3951,#3952,#2083,.T.);
#4953=EDGE_CURVE('',#3953,#3951,#2084,.T.);
#4954=EDGE_CURVE('',#3954,#3952,#2085,.T.);
#4955=EDGE_CURVE('',#3953,#3954,#2086,.T.);
#4956=EDGE_CURVE('',#3955,#3953,#2087,.T.);
#4957=EDGE_CURVE('',#3956,#3954,#2088,.T.);
#4958=EDGE_CURVE('',#3955,#3956,#2089,.T.);
#4959=EDGE_CURVE('',#3957,#3955,#2090,.T.);
#4960=EDGE_CURVE('',#3958,#3956,#2091,.T.);
#4961=EDGE_CURVE('',#3957,#3958,#2092,.T.);
#4962=EDGE_CURVE('',#3959,#3957,#2093,.T.);
#4963=EDGE_CURVE('',#3960,#3958,#2094,.T.);
#4964=EDGE_CURVE('',#3959,#3960,#2095,.T.);
#4965=EDGE_CURVE('',#3922,#3959,#2096,.T.);
#4966=EDGE_CURVE('',#3923,#3960,#2097,.T.);
#4967=EDGE_CURVE('',#3961,#3962,#2098,.T.);
#4968=EDGE_CURVE('',#3962,#3963,#2099,.T.);
#4969=EDGE_CURVE('',#3964,#3963,#2100,.T.);
#4970=EDGE_CURVE('',#3961,#3964,#2101,.T.);
#4971=EDGE_CURVE('',#3965,#3961,#2102,.T.);
#4972=EDGE_CURVE('',#3966,#3964,#2103,.T.);
#4973=EDGE_CURVE('',#3965,#3966,#2104,.T.);
#4974=EDGE_CURVE('',#3967,#3965,#2105,.T.);
#4975=EDGE_CURVE('',#3968,#3966,#2106,.T.);
#4976=EDGE_CURVE('',#3967,#3968,#2107,.T.);
#4977=EDGE_CURVE('',#3969,#3967,#2108,.T.);
#4978=EDGE_CURVE('',#3970,#3968,#2109,.T.);
#4979=EDGE_CURVE('',#3969,#3970,#2110,.T.);
#4980=EDGE_CURVE('',#3971,#3969,#2111,.T.);
#4981=EDGE_CURVE('',#3972,#3970,#2112,.T.);
#4982=EDGE_CURVE('',#3971,#3972,#2113,.T.);
#4983=EDGE_CURVE('',#3973,#3971,#2114,.T.);
#4984=EDGE_CURVE('',#3974,#3972,#2115,.T.);
#4985=EDGE_CURVE('',#3973,#3974,#2116,.T.);
#4986=EDGE_CURVE('',#3975,#3973,#2117,.T.);
#4987=EDGE_CURVE('',#3976,#3974,#2118,.T.);
#4988=EDGE_CURVE('',#3975,#3976,#2119,.T.);
#4989=EDGE_CURVE('',#3962,#3975,#2120,.T.);
#4990=EDGE_CURVE('',#3963,#3976,#2121,.T.);
#4991=EDGE_CURVE('',#3977,#3978,#2122,.T.);
#4992=EDGE_CURVE('',#3978,#3979,#2123,.T.);
#4993=EDGE_CURVE('',#3980,#3979,#2124,.T.);
#4994=EDGE_CURVE('',#3977,#3980,#2125,.T.);
#4995=EDGE_CURVE('',#3981,#3977,#2126,.T.);
#4996=EDGE_CURVE('',#3982,#3980,#2127,.T.);
#4997=EDGE_CURVE('',#3981,#3982,#2128,.T.);
#4998=EDGE_CURVE('',#3983,#3981,#2129,.T.);
#4999=EDGE_CURVE('',#3984,#3982,#2130,.T.);
#5000=EDGE_CURVE('',#3983,#3984,#2131,.T.);
#5001=EDGE_CURVE('',#3985,#3983,#2132,.T.);
#5002=EDGE_CURVE('',#3986,#3984,#2133,.T.);
#5003=EDGE_CURVE('',#3985,#3986,#2134,.T.);
#5004=EDGE_CURVE('',#3987,#3985,#2135,.T.);
#5005=EDGE_CURVE('',#3988,#3986,#2136,.T.);
#5006=EDGE_CURVE('',#3987,#3988,#2137,.T.);
#5007=EDGE_CURVE('',#3989,#3987,#2138,.T.);
#5008=EDGE_CURVE('',#3990,#3988,#2139,.T.);
#5009=EDGE_CURVE('',#3989,#3990,#2140,.T.);
#5010=EDGE_CURVE('',#3991,#3989,#2141,.T.);
#5011=EDGE_CURVE('',#3992,#3990,#2142,.T.);
#5012=EDGE_CURVE('',#3991,#3992,#2143,.T.);
#5013=EDGE_CURVE('',#3978,#3991,#2144,.T.);
#5014=EDGE_CURVE('',#3979,#3992,#2145,.T.);
#5015=EDGE_CURVE('',#3993,#3994,#2146,.T.);
#5016=EDGE_CURVE('',#3994,#3995,#2147,.T.);
#5017=EDGE_CURVE('',#3996,#3995,#2148,.T.);
#5018=EDGE_CURVE('',#3993,#3996,#2149,.T.);
#5019=EDGE_CURVE('',#3997,#3993,#2150,.T.);
#5020=EDGE_CURVE('',#3998,#3996,#2151,.T.);
#5021=EDGE_CURVE('',#3997,#3998,#2152,.T.);
#5022=EDGE_CURVE('',#3999,#3997,#2153,.T.);
#5023=EDGE_CURVE('',#4000,#3998,#2154,.T.);
#5024=EDGE_CURVE('',#3999,#4000,#2155,.T.);
#5025=EDGE_CURVE('',#4001,#3999,#2156,.T.);
#5026=EDGE_CURVE('',#4002,#4000,#2157,.T.);
#5027=EDGE_CURVE('',#4001,#4002,#2158,.T.);
#5028=EDGE_CURVE('',#4003,#4001,#2159,.T.);
#5029=EDGE_CURVE('',#4004,#4002,#2160,.T.);
#5030=EDGE_CURVE('',#4003,#4004,#2161,.T.);
#5031=EDGE_CURVE('',#4005,#4003,#2162,.T.);
#5032=EDGE_CURVE('',#4006,#4004,#2163,.T.);
#5033=EDGE_CURVE('',#4005,#4006,#2164,.T.);
#5034=EDGE_CURVE('',#4007,#4005,#2165,.T.);
#5035=EDGE_CURVE('',#4008,#4006,#2166,.T.);
#5036=EDGE_CURVE('',#4007,#4008,#2167,.T.);
#5037=EDGE_CURVE('',#4009,#4007,#2168,.T.);
#5038=EDGE_CURVE('',#4010,#4008,#2169,.T.);
#5039=EDGE_CURVE('',#4009,#4010,#2170,.T.);
#5040=EDGE_CURVE('',#4011,#4009,#2171,.T.);
#5041=EDGE_CURVE('',#4012,#4010,#2172,.T.);
#5042=EDGE_CURVE('',#4011,#4012,#2173,.T.);
#5043=EDGE_CURVE('',#4013,#4011,#2174,.T.);
#5044=EDGE_CURVE('',#4014,#4012,#2175,.T.);
#5045=EDGE_CURVE('',#4013,#4014,#2176,.T.);
#5046=EDGE_CURVE('',#4015,#4013,#2177,.T.);
#5047=EDGE_CURVE('',#4016,#4014,#2178,.T.);
#5048=EDGE_CURVE('',#4015,#4016,#2179,.T.);
#5049=EDGE_CURVE('',#4017,#4015,#2180,.T.);
#5050=EDGE_CURVE('',#4018,#4016,#2181,.T.);
#5051=EDGE_CURVE('',#4017,#4018,#2182,.T.);
#5052=EDGE_CURVE('',#4019,#4017,#2183,.T.);
#5053=EDGE_CURVE('',#4020,#4018,#2184,.T.);
#5054=EDGE_CURVE('',#4019,#4020,#2185,.T.);
#5055=EDGE_CURVE('',#4021,#4019,#2186,.T.);
#5056=EDGE_CURVE('',#4022,#4020,#2187,.T.);
#5057=EDGE_CURVE('',#4021,#4022,#2188,.T.);
#5058=EDGE_CURVE('',#4023,#4021,#2189,.T.);
#5059=EDGE_CURVE('',#4024,#4022,#2190,.T.);
#5060=EDGE_CURVE('',#4023,#4024,#2191,.T.);
#5061=EDGE_CURVE('',#4025,#4023,#2192,.T.);
#5062=EDGE_CURVE('',#4026,#4024,#2193,.T.);
#5063=EDGE_CURVE('',#4025,#4026,#2194,.T.);
#5064=EDGE_CURVE('',#4027,#4025,#2195,.T.);
#5065=EDGE_CURVE('',#4028,#4026,#2196,.T.);
#5066=EDGE_CURVE('',#4027,#4028,#2197,.T.);
#5067=EDGE_CURVE('',#4029,#4027,#2198,.T.);
#5068=EDGE_CURVE('',#4030,#4028,#2199,.T.);
#5069=EDGE_CURVE('',#4029,#4030,#2200,.T.);
#5070=EDGE_CURVE('',#4031,#4029,#2201,.T.);
#5071=EDGE_CURVE('',#4032,#4030,#2202,.T.);
#5072=EDGE_CURVE('',#4031,#4032,#2203,.T.);
#5073=EDGE_CURVE('',#3994,#4031,#2204,.T.);
#5074=EDGE_CURVE('',#3995,#4032,#2205,.T.);
#5075=EDGE_CURVE('',#4033,#4034,#2206,.T.);
#5076=EDGE_CURVE('',#4034,#4035,#2207,.T.);
#5077=EDGE_CURVE('',#4036,#4035,#2208,.T.);
#5078=EDGE_CURVE('',#4033,#4036,#2209,.T.);
#5079=EDGE_CURVE('',#4037,#4033,#2210,.T.);
#5080=EDGE_CURVE('',#4038,#4036,#2211,.T.);
#5081=EDGE_CURVE('',#4037,#4038,#2212,.T.);
#5082=EDGE_CURVE('',#4039,#4037,#2213,.T.);
#5083=EDGE_CURVE('',#4040,#4038,#2214,.T.);
#5084=EDGE_CURVE('',#4039,#4040,#2215,.T.);
#5085=EDGE_CURVE('',#4041,#4039,#2216,.T.);
#5086=EDGE_CURVE('',#4042,#4040,#2217,.T.);
#5087=EDGE_CURVE('',#4041,#4042,#2218,.T.);
#5088=EDGE_CURVE('',#4043,#4041,#2219,.T.);
#5089=EDGE_CURVE('',#4044,#4042,#2220,.T.);
#5090=EDGE_CURVE('',#4043,#4044,#2221,.T.);
#5091=EDGE_CURVE('',#4045,#4043,#2222,.T.);
#5092=EDGE_CURVE('',#4046,#4044,#2223,.T.);
#5093=EDGE_CURVE('',#4045,#4046,#2224,.T.);
#5094=EDGE_CURVE('',#4047,#4045,#2225,.T.);
#5095=EDGE_CURVE('',#4048,#4046,#2226,.T.);
#5096=EDGE_CURVE('',#4047,#4048,#2227,.T.);
#5097=EDGE_CURVE('',#4049,#4047,#2228,.T.);
#5098=EDGE_CURVE('',#4050,#4048,#2229,.T.);
#5099=EDGE_CURVE('',#4049,#4050,#2230,.T.);
#5100=EDGE_CURVE('',#4051,#4049,#2231,.T.);
#5101=EDGE_CURVE('',#4052,#4050,#2232,.T.);
#5102=EDGE_CURVE('',#4051,#4052,#2233,.T.);
#5103=EDGE_CURVE('',#4053,#4051,#2234,.T.);
#5104=EDGE_CURVE('',#4054,#4052,#2235,.T.);
#5105=EDGE_CURVE('',#4053,#4054,#2236,.T.);
#5106=EDGE_CURVE('',#4055,#4053,#2237,.T.);
#5107=EDGE_CURVE('',#4056,#4054,#2238,.T.);
#5108=EDGE_CURVE('',#4055,#4056,#2239,.T.);
#5109=EDGE_CURVE('',#4057,#4055,#2240,.T.);
#5110=EDGE_CURVE('',#4058,#4056,#2241,.T.);
#5111=EDGE_CURVE('',#4057,#4058,#2242,.T.);
#5112=EDGE_CURVE('',#4059,#4057,#2243,.T.);
#5113=EDGE_CURVE('',#4060,#4058,#2244,.T.);
#5114=EDGE_CURVE('',#4059,#4060,#2245,.T.);
#5115=EDGE_CURVE('',#4061,#4059,#2246,.T.);
#5116=EDGE_CURVE('',#4062,#4060,#2247,.T.);
#5117=EDGE_CURVE('',#4061,#4062,#2248,.T.);
#5118=EDGE_CURVE('',#4063,#4061,#2249,.T.);
#5119=EDGE_CURVE('',#4064,#4062,#2250,.T.);
#5120=EDGE_CURVE('',#4063,#4064,#2251,.T.);
#5121=EDGE_CURVE('',#4065,#4063,#2252,.T.);
#5122=EDGE_CURVE('',#4066,#4064,#2253,.T.);
#5123=EDGE_CURVE('',#4065,#4066,#2254,.T.);
#5124=EDGE_CURVE('',#4067,#4065,#2255,.T.);
#5125=EDGE_CURVE('',#4068,#4066,#2256,.T.);
#5126=EDGE_CURVE('',#4067,#4068,#2257,.T.);
#5127=EDGE_CURVE('',#4069,#4067,#2258,.T.);
#5128=EDGE_CURVE('',#4070,#4068,#2259,.T.);
#5129=EDGE_CURVE('',#4069,#4070,#2260,.T.);
#5130=EDGE_CURVE('',#4071,#4069,#2261,.T.);
#5131=EDGE_CURVE('',#4072,#4070,#2262,.T.);
#5132=EDGE_CURVE('',#4071,#4072,#2263,.T.);
#5133=EDGE_CURVE('',#4034,#4071,#2264,.T.);
#5134=EDGE_CURVE('',#4035,#4072,#2265,.T.);
#5135=EDGE_CURVE('',#4073,#4074,#2266,.T.);
#5136=EDGE_CURVE('',#4074,#4075,#2267,.T.);
#5137=EDGE_CURVE('',#4076,#4075,#2268,.T.);
#5138=EDGE_CURVE('',#4073,#4076,#2269,.T.);
#5139=EDGE_CURVE('',#4077,#4073,#2270,.T.);
#5140=EDGE_CURVE('',#4078,#4076,#2271,.T.);
#5141=EDGE_CURVE('',#4077,#4078,#2272,.T.);
#5142=EDGE_CURVE('',#4079,#4077,#2273,.T.);
#5143=EDGE_CURVE('',#4080,#4078,#2274,.T.);
#5144=EDGE_CURVE('',#4079,#4080,#2275,.T.);
#5145=EDGE_CURVE('',#4081,#4079,#2276,.T.);
#5146=EDGE_CURVE('',#4082,#4080,#2277,.T.);
#5147=EDGE_CURVE('',#4081,#4082,#2278,.T.);
#5148=EDGE_CURVE('',#4083,#4081,#2279,.T.);
#5149=EDGE_CURVE('',#4084,#4082,#2280,.T.);
#5150=EDGE_CURVE('',#4083,#4084,#2281,.T.);
#5151=EDGE_CURVE('',#4085,#4083,#2282,.T.);
#5152=EDGE_CURVE('',#4086,#4084,#2283,.T.);
#5153=EDGE_CURVE('',#4085,#4086,#2284,.T.);
#5154=EDGE_CURVE('',#4087,#4085,#2285,.T.);
#5155=EDGE_CURVE('',#4088,#4086,#2286,.T.);
#5156=EDGE_CURVE('',#4087,#4088,#2287,.T.);
#5157=EDGE_CURVE('',#4074,#4087,#2288,.T.);
#5158=EDGE_CURVE('',#4075,#4088,#2289,.T.);
#5159=EDGE_CURVE('',#4089,#4090,#2290,.T.);
#5160=EDGE_CURVE('',#4090,#4091,#2291,.T.);
#5161=EDGE_CURVE('',#4092,#4091,#2292,.T.);
#5162=EDGE_CURVE('',#4089,#4092,#2293,.T.);
#5163=EDGE_CURVE('',#4093,#4089,#2294,.T.);
#5164=EDGE_CURVE('',#4094,#4092,#2295,.T.);
#5165=EDGE_CURVE('',#4093,#4094,#2296,.T.);
#5166=EDGE_CURVE('',#4095,#4093,#2297,.T.);
#5167=EDGE_CURVE('',#4096,#4094,#2298,.T.);
#5168=EDGE_CURVE('',#4095,#4096,#2299,.T.);
#5169=EDGE_CURVE('',#4097,#4095,#2300,.T.);
#5170=EDGE_CURVE('',#4098,#4096,#2301,.T.);
#5171=EDGE_CURVE('',#4097,#4098,#2302,.T.);
#5172=EDGE_CURVE('',#4099,#4097,#2303,.T.);
#5173=EDGE_CURVE('',#4100,#4098,#2304,.T.);
#5174=EDGE_CURVE('',#4099,#4100,#2305,.T.);
#5175=EDGE_CURVE('',#4090,#4099,#2306,.T.);
#5176=EDGE_CURVE('',#4091,#4100,#2307,.T.);
#5177=EDGE_CURVE('',#4101,#4102,#2308,.T.);
#5178=EDGE_CURVE('',#4102,#4103,#2309,.T.);
#5179=EDGE_CURVE('',#4104,#4103,#2310,.T.);
#5180=EDGE_CURVE('',#4101,#4104,#2311,.T.);
#5181=EDGE_CURVE('',#4105,#4101,#2312,.T.);
#5182=EDGE_CURVE('',#4106,#4104,#2313,.T.);
#5183=EDGE_CURVE('',#4105,#4106,#2314,.T.);
#5184=EDGE_CURVE('',#4107,#4105,#2315,.T.);
#5185=EDGE_CURVE('',#4108,#4106,#2316,.T.);
#5186=EDGE_CURVE('',#4107,#4108,#2317,.T.);
#5187=EDGE_CURVE('',#4109,#4107,#2318,.T.);
#5188=EDGE_CURVE('',#4110,#4108,#2319,.T.);
#5189=EDGE_CURVE('',#4109,#4110,#2320,.T.);
#5190=EDGE_CURVE('',#4111,#4109,#2321,.T.);
#5191=EDGE_CURVE('',#4112,#4110,#2322,.T.);
#5192=EDGE_CURVE('',#4111,#4112,#2323,.T.);
#5193=EDGE_CURVE('',#4113,#4111,#2324,.T.);
#5194=EDGE_CURVE('',#4114,#4112,#2325,.T.);
#5195=EDGE_CURVE('',#4113,#4114,#2326,.T.);
#5196=EDGE_CURVE('',#4115,#4113,#2327,.T.);
#5197=EDGE_CURVE('',#4116,#4114,#2328,.T.);
#5198=EDGE_CURVE('',#4115,#4116,#2329,.T.);
#5199=EDGE_CURVE('',#4117,#4115,#2330,.T.);
#5200=EDGE_CURVE('',#4118,#4116,#2331,.T.);
#5201=EDGE_CURVE('',#4117,#4118,#2332,.T.);
#5202=EDGE_CURVE('',#4119,#4117,#2333,.T.);
#5203=EDGE_CURVE('',#4120,#4118,#2334,.T.);
#5204=EDGE_CURVE('',#4119,#4120,#2335,.T.);
#5205=EDGE_CURVE('',#4121,#4119,#2336,.T.);
#5206=EDGE_CURVE('',#4122,#4120,#2337,.T.);
#5207=EDGE_CURVE('',#4121,#4122,#2338,.T.);
#5208=EDGE_CURVE('',#4123,#4121,#2339,.T.);
#5209=EDGE_CURVE('',#4124,#4122,#2340,.T.);
#5210=EDGE_CURVE('',#4123,#4124,#2341,.T.);
#5211=EDGE_CURVE('',#4102,#4123,#2342,.T.);
#5212=EDGE_CURVE('',#4103,#4124,#2343,.T.);
#5213=ORIENTED_EDGE('',*,*,#4125,.F.);
#5214=ORIENTED_EDGE('',*,*,#4126,.T.);
#5215=ORIENTED_EDGE('',*,*,#4127,.F.);
#5216=ORIENTED_EDGE('',*,*,#4126,.F.);
#5217=ORIENTED_EDGE('',*,*,#4128,.F.);
#5218=ORIENTED_EDGE('',*,*,#4129,.T.);
#5219=ORIENTED_EDGE('',*,*,#4130,.F.);
#5220=ORIENTED_EDGE('',*,*,#4131,.F.);
#5221=ORIENTED_EDGE('',*,*,#4132,.F.);
#5222=ORIENTED_EDGE('',*,*,#4133,.T.);
#5223=ORIENTED_EDGE('',*,*,#4134,.F.);
#5224=ORIENTED_EDGE('',*,*,#4129,.F.);
#5225=ORIENTED_EDGE('',*,*,#4135,.F.);
#5226=ORIENTED_EDGE('',*,*,#4136,.T.);
#5227=ORIENTED_EDGE('',*,*,#4137,.F.);
#5228=ORIENTED_EDGE('',*,*,#4133,.F.);
#5229=ORIENTED_EDGE('',*,*,#4138,.F.);
#5230=ORIENTED_EDGE('',*,*,#4131,.T.);
#5231=ORIENTED_EDGE('',*,*,#4139,.F.);
#5232=ORIENTED_EDGE('',*,*,#4136,.F.);
#5233=ORIENTED_EDGE('',*,*,#4140,.F.);
#5234=ORIENTED_EDGE('',*,*,#4141,.T.);
#5235=ORIENTED_EDGE('',*,*,#4142,.F.);
#5236=ORIENTED_EDGE('',*,*,#4141,.F.);
#5237=ORIENTED_EDGE('',*,*,#4143,.F.);
#5238=ORIENTED_EDGE('',*,*,#4144,.T.);
#5239=ORIENTED_EDGE('',*,*,#4145,.F.);
#5240=ORIENTED_EDGE('',*,*,#4144,.F.);
#5241=ORIENTED_EDGE('',*,*,#4146,.F.);
#5242=ORIENTED_EDGE('',*,*,#4147,.T.);
#5243=ORIENTED_EDGE('',*,*,#4148,.F.);
#5244=ORIENTED_EDGE('',*,*,#4147,.F.);
#5245=ORIENTED_EDGE('',*,*,#4149,.F.);
#5246=ORIENTED_EDGE('',*,*,#4150,.T.);
#5247=ORIENTED_EDGE('',*,*,#4151,.F.);
#5248=ORIENTED_EDGE('',*,*,#4152,.F.);
#5249=ORIENTED_EDGE('',*,*,#4153,.F.);
#5250=ORIENTED_EDGE('',*,*,#4154,.T.);
#5251=ORIENTED_EDGE('',*,*,#4155,.F.);
#5252=ORIENTED_EDGE('',*,*,#4150,.F.);
#5253=ORIENTED_EDGE('',*,*,#4156,.F.);
#5254=ORIENTED_EDGE('',*,*,#4157,.T.);
#5255=ORIENTED_EDGE('',*,*,#4158,.F.);
#5256=ORIENTED_EDGE('',*,*,#4154,.F.);
#5257=ORIENTED_EDGE('',*,*,#4159,.F.);
#5258=ORIENTED_EDGE('',*,*,#4152,.T.);
#5259=ORIENTED_EDGE('',*,*,#4160,.F.);
#5260=ORIENTED_EDGE('',*,*,#4157,.F.);
#5261=ORIENTED_EDGE('',*,*,#4161,.F.);
#5262=ORIENTED_EDGE('',*,*,#4162,.T.);
#5263=ORIENTED_EDGE('',*,*,#4163,.F.);
#5264=ORIENTED_EDGE('',*,*,#4162,.F.);
#5265=ORIENTED_EDGE('',*,*,#4164,.F.);
#5266=ORIENTED_EDGE('',*,*,#4165,.T.);
#5267=ORIENTED_EDGE('',*,*,#4166,.F.);
#5268=ORIENTED_EDGE('',*,*,#4167,.F.);
#5269=ORIENTED_EDGE('',*,*,#4168,.F.);
#5270=ORIENTED_EDGE('',*,*,#4169,.T.);
#5271=ORIENTED_EDGE('',*,*,#4170,.F.);
#5272=ORIENTED_EDGE('',*,*,#4165,.F.);
#5273=ORIENTED_EDGE('',*,*,#4171,.F.);
#5274=ORIENTED_EDGE('',*,*,#4172,.T.);
#5275=ORIENTED_EDGE('',*,*,#4173,.F.);
#5276=ORIENTED_EDGE('',*,*,#4169,.F.);
#5277=ORIENTED_EDGE('',*,*,#4174,.F.);
#5278=ORIENTED_EDGE('',*,*,#4167,.T.);
#5279=ORIENTED_EDGE('',*,*,#4175,.F.);
#5280=ORIENTED_EDGE('',*,*,#4172,.F.);
#5281=ORIENTED_EDGE('',*,*,#4176,.F.);
#5282=ORIENTED_EDGE('',*,*,#4177,.T.);
#5283=ORIENTED_EDGE('',*,*,#4178,.F.);
#5284=ORIENTED_EDGE('',*,*,#4177,.F.);
#5285=ORIENTED_EDGE('',*,*,#4179,.T.);
#5286=ORIENTED_EDGE('',*,*,#4180,.T.);
#5287=ORIENTED_EDGE('',*,*,#4181,.T.);
#5288=ORIENTED_EDGE('',*,*,#4182,.T.);
#5289=ORIENTED_EDGE('',*,*,#4179,.F.);
#5290=ORIENTED_EDGE('',*,*,#4183,.T.);
#5291=ORIENTED_EDGE('',*,*,#4184,.F.);
#5292=ORIENTED_EDGE('',*,*,#4185,.T.);
#5293=ORIENTED_EDGE('',*,*,#4186,.T.);
#5294=ORIENTED_EDGE('',*,*,#4182,.F.);
#5295=ORIENTED_EDGE('',*,*,#4187,.T.);
#5296=ORIENTED_EDGE('',*,*,#4188,.F.);
#5297=ORIENTED_EDGE('',*,*,#4183,.F.);
#5298=ORIENTED_EDGE('',*,*,#4189,.T.);
#5299=ORIENTED_EDGE('',*,*,#4190,.T.);
#5300=ORIENTED_EDGE('',*,*,#4191,.F.);
#5301=ORIENTED_EDGE('',*,*,#4192,.T.);
#5302=ORIENTED_EDGE('',*,*,#4189,.F.);
#5303=ORIENTED_EDGE('',*,*,#4193,.F.);
#5304=ORIENTED_EDGE('',*,*,#4194,.F.);
#5305=ORIENTED_EDGE('',*,*,#4195,.F.);
#5306=ORIENTED_EDGE('',*,*,#4196,.T.);
#5307=ORIENTED_EDGE('',*,*,#4192,.F.);
#5308=ORIENTED_EDGE('',*,*,#4197,.F.);
#5309=ORIENTED_EDGE('',*,*,#4198,.F.);
#5310=ORIENTED_EDGE('',*,*,#4199,.F.);
#5311=ORIENTED_EDGE('',*,*,#4200,.F.);
#5312=ORIENTED_EDGE('',*,*,#4201,.F.);
#5313=ORIENTED_EDGE('',*,*,#4202,.F.);
#5314=ORIENTED_EDGE('',*,*,#4193,.T.);
#5315=ORIENTED_EDGE('',*,*,#4203,.T.);
#5316=ORIENTED_EDGE('',*,*,#4204,.T.);
#5317=ORIENTED_EDGE('',*,*,#4205,.T.);
#5318=ORIENTED_EDGE('',*,*,#4200,.T.);
#5319=ORIENTED_EDGE('',*,*,#4206,.T.);
#5320=ORIENTED_EDGE('',*,*,#4207,.T.);
#5321=ORIENTED_EDGE('',*,*,#4205,.F.);
#5322=ORIENTED_EDGE('',*,*,#4208,.T.);
#5323=ORIENTED_EDGE('',*,*,#4209,.T.);
#5324=ORIENTED_EDGE('',*,*,#4210,.T.);
#5325=ORIENTED_EDGE('',*,*,#4206,.F.);
#5326=ORIENTED_EDGE('',*,*,#4211,.T.);
#5327=ORIENTED_EDGE('',*,*,#4212,.T.);
#5328=ORIENTED_EDGE('',*,*,#4213,.T.);
#5329=ORIENTED_EDGE('',*,*,#4209,.F.);
#5330=ORIENTED_EDGE('',*,*,#4214,.T.);
#5331=ORIENTED_EDGE('',*,*,#4215,.F.);
#5332=ORIENTED_EDGE('',*,*,#4216,.T.);
#5333=ORIENTED_EDGE('',*,*,#4212,.F.);
#5334=ORIENTED_EDGE('',*,*,#4217,.T.);
#5335=ORIENTED_EDGE('',*,*,#4217,.F.);
#5336=ORIENTED_EDGE('',*,*,#4214,.F.);
#5337=ORIENTED_EDGE('',*,*,#4211,.F.);
#5338=ORIENTED_EDGE('',*,*,#4208,.F.);
#5339=ORIENTED_EDGE('',*,*,#4204,.F.);
#5340=ORIENTED_EDGE('',*,*,#4218,.F.);
#5341=ORIENTED_EDGE('',*,*,#4219,.T.);
#5342=ORIENTED_EDGE('',*,*,#4220,.T.);
#5343=ORIENTED_EDGE('',*,*,#4221,.F.);
#5344=ORIENTED_EDGE('',*,*,#4222,.F.);
#5345=ORIENTED_EDGE('',*,*,#4223,.T.);
#5346=ORIENTED_EDGE('',*,*,#4224,.T.);
#5347=ORIENTED_EDGE('',*,*,#4225,.T.);
#5348=ORIENTED_EDGE('',*,*,#4226,.T.);
#5349=ORIENTED_EDGE('',*,*,#4227,.T.);
#5350=ORIENTED_EDGE('',*,*,#4228,.T.);
#5351=ORIENTED_EDGE('',*,*,#4229,.T.);
#5352=ORIENTED_EDGE('',*,*,#4230,.T.);
#5353=ORIENTED_EDGE('',*,*,#4231,.T.);
#5354=ORIENTED_EDGE('',*,*,#4232,.T.);
#5355=ORIENTED_EDGE('',*,*,#4233,.T.);
#5356=ORIENTED_EDGE('',*,*,#4234,.T.);
#5357=ORIENTED_EDGE('',*,*,#4235,.T.);
#5358=ORIENTED_EDGE('',*,*,#4232,.F.);
#5359=ORIENTED_EDGE('',*,*,#4236,.T.);
#5360=ORIENTED_EDGE('',*,*,#4237,.F.);
#5361=ORIENTED_EDGE('',*,*,#4238,.T.);
#5362=ORIENTED_EDGE('',*,*,#4239,.T.);
#5363=ORIENTED_EDGE('',*,*,#4235,.F.);
#5364=ORIENTED_EDGE('',*,*,#4240,.T.);
#5365=ORIENTED_EDGE('',*,*,#4241,.F.);
#5366=ORIENTED_EDGE('',*,*,#4236,.F.);
#5367=ORIENTED_EDGE('',*,*,#4242,.T.);
#5368=ORIENTED_EDGE('',*,*,#4243,.T.);
#5369=ORIENTED_EDGE('',*,*,#4244,.F.);
#5370=ORIENTED_EDGE('',*,*,#4245,.T.);
#5371=ORIENTED_EDGE('',*,*,#4242,.F.);
#5372=ORIENTED_EDGE('',*,*,#4246,.F.);
#5373=ORIENTED_EDGE('',*,*,#4247,.F.);
#5374=ORIENTED_EDGE('',*,*,#4248,.F.);
#5375=ORIENTED_EDGE('',*,*,#4249,.T.);
#5376=ORIENTED_EDGE('',*,*,#4245,.F.);
#5377=ORIENTED_EDGE('',*,*,#4250,.F.);
#5378=ORIENTED_EDGE('',*,*,#4251,.F.);
#5379=ORIENTED_EDGE('',*,*,#4252,.F.);
#5380=ORIENTED_EDGE('',*,*,#4253,.F.);
#5381=ORIENTED_EDGE('',*,*,#4254,.F.);
#5382=ORIENTED_EDGE('',*,*,#4255,.F.);
#5383=ORIENTED_EDGE('',*,*,#4246,.T.);
#5384=ORIENTED_EDGE('',*,*,#4256,.T.);
#5385=ORIENTED_EDGE('',*,*,#4257,.T.);
#5386=ORIENTED_EDGE('',*,*,#4258,.T.);
#5387=ORIENTED_EDGE('',*,*,#4253,.T.);
#5388=ORIENTED_EDGE('',*,*,#4259,.T.);
#5389=ORIENTED_EDGE('',*,*,#4260,.T.);
#5390=ORIENTED_EDGE('',*,*,#4258,.F.);
#5391=ORIENTED_EDGE('',*,*,#4261,.T.);
#5392=ORIENTED_EDGE('',*,*,#4262,.T.);
#5393=ORIENTED_EDGE('',*,*,#4263,.T.);
#5394=ORIENTED_EDGE('',*,*,#4259,.F.);
#5395=ORIENTED_EDGE('',*,*,#4264,.T.);
#5396=ORIENTED_EDGE('',*,*,#4265,.T.);
#5397=ORIENTED_EDGE('',*,*,#4266,.T.);
#5398=ORIENTED_EDGE('',*,*,#4262,.F.);
#5399=ORIENTED_EDGE('',*,*,#4267,.T.);
#5400=ORIENTED_EDGE('',*,*,#4268,.F.);
#5401=ORIENTED_EDGE('',*,*,#4269,.T.);
#5402=ORIENTED_EDGE('',*,*,#4265,.F.);
#5403=ORIENTED_EDGE('',*,*,#4270,.T.);
#5404=ORIENTED_EDGE('',*,*,#4270,.F.);
#5405=ORIENTED_EDGE('',*,*,#4267,.F.);
#5406=ORIENTED_EDGE('',*,*,#4264,.F.);
#5407=ORIENTED_EDGE('',*,*,#4261,.F.);
#5408=ORIENTED_EDGE('',*,*,#4257,.F.);
#5409=ORIENTED_EDGE('',*,*,#4271,.F.);
#5410=ORIENTED_EDGE('',*,*,#4272,.T.);
#5411=ORIENTED_EDGE('',*,*,#4273,.T.);
#5412=ORIENTED_EDGE('',*,*,#4274,.F.);
#5413=ORIENTED_EDGE('',*,*,#4275,.F.);
#5414=ORIENTED_EDGE('',*,*,#4276,.T.);
#5415=ORIENTED_EDGE('',*,*,#4277,.T.);
#5416=ORIENTED_EDGE('',*,*,#4278,.T.);
#5417=ORIENTED_EDGE('',*,*,#4279,.T.);
#5418=ORIENTED_EDGE('',*,*,#4280,.T.);
#5419=ORIENTED_EDGE('',*,*,#4281,.T.);
#5420=ORIENTED_EDGE('',*,*,#4282,.T.);
#5421=ORIENTED_EDGE('',*,*,#4283,.T.);
#5422=ORIENTED_EDGE('',*,*,#4284,.T.);
#5423=ORIENTED_EDGE('',*,*,#4285,.F.);
#5424=ORIENTED_EDGE('',*,*,#4286,.T.);
#5425=ORIENTED_EDGE('',*,*,#4287,.F.);
#5426=ORIENTED_EDGE('',*,*,#4286,.F.);
#5427=ORIENTED_EDGE('',*,*,#4288,.T.);
#5428=ORIENTED_EDGE('',*,*,#4289,.T.);
#5429=ORIENTED_EDGE('',*,*,#4290,.T.);
#5430=ORIENTED_EDGE('',*,*,#4289,.F.);
#5431=ORIENTED_EDGE('',*,*,#4290,.F.);
#5432=ORIENTED_EDGE('',*,*,#4291,.F.);
#5433=ORIENTED_EDGE('',*,*,#4292,.T.);
#5434=ORIENTED_EDGE('',*,*,#4293,.F.);
#5435=ORIENTED_EDGE('',*,*,#4292,.F.);
#5436=ORIENTED_EDGE('',*,*,#4294,.T.);
#5437=ORIENTED_EDGE('',*,*,#4295,.T.);
#5438=ORIENTED_EDGE('',*,*,#4296,.T.);
#5439=ORIENTED_EDGE('',*,*,#4295,.F.);
#5440=ORIENTED_EDGE('',*,*,#4296,.F.);
#5441=ORIENTED_EDGE('',*,*,#4297,.F.);
#5442=ORIENTED_EDGE('',*,*,#4298,.T.);
#5443=ORIENTED_EDGE('',*,*,#4299,.F.);
#5444=ORIENTED_EDGE('',*,*,#4298,.F.);
#5445=ORIENTED_EDGE('',*,*,#4300,.T.);
#5446=ORIENTED_EDGE('',*,*,#4301,.T.);
#5447=ORIENTED_EDGE('',*,*,#4302,.T.);
#5448=ORIENTED_EDGE('',*,*,#4301,.F.);
#5449=ORIENTED_EDGE('',*,*,#4302,.F.);
#5450=ORIENTED_EDGE('',*,*,#4303,.F.);
#5451=ORIENTED_EDGE('',*,*,#4304,.T.);
#5452=ORIENTED_EDGE('',*,*,#4305,.F.);
#5453=ORIENTED_EDGE('',*,*,#4304,.F.);
#5454=ORIENTED_EDGE('',*,*,#4306,.T.);
#5455=ORIENTED_EDGE('',*,*,#4307,.T.);
#5456=ORIENTED_EDGE('',*,*,#4308,.T.);
#5457=ORIENTED_EDGE('',*,*,#4307,.F.);
#5458=ORIENTED_EDGE('',*,*,#4308,.F.);
#5459=ORIENTED_EDGE('',*,*,#4309,.T.);
#5460=ORIENTED_EDGE('',*,*,#4310,.T.);
#5461=ORIENTED_EDGE('',*,*,#4311,.T.);
#5462=ORIENTED_EDGE('',*,*,#4312,.F.);
#5463=ORIENTED_EDGE('',*,*,#4310,.F.);
#5464=ORIENTED_EDGE('',*,*,#4313,.F.);
#5465=ORIENTED_EDGE('',*,*,#4314,.F.);
#5466=ORIENTED_EDGE('',*,*,#4315,.F.);
#5467=ORIENTED_EDGE('',*,*,#4309,.F.);
#5468=ORIENTED_EDGE('',*,*,#4316,.T.);
#5469=ORIENTED_EDGE('',*,*,#4317,.F.);
#5470=ORIENTED_EDGE('',*,*,#4313,.T.);
#5471=ORIENTED_EDGE('',*,*,#4318,.T.);
#5472=ORIENTED_EDGE('',*,*,#4319,.F.);
#5473=ORIENTED_EDGE('',*,*,#4320,.T.);
#5474=ORIENTED_EDGE('',*,*,#4321,.T.);
#5475=ORIENTED_EDGE('',*,*,#4318,.F.);
#5476=ORIENTED_EDGE('',*,*,#4322,.T.);
#5477=ORIENTED_EDGE('',*,*,#4323,.T.);
#5478=ORIENTED_EDGE('',*,*,#4324,.T.);
#5479=ORIENTED_EDGE('',*,*,#4325,.T.);
#5480=ORIENTED_EDGE('',*,*,#4198,.T.);
#5481=ORIENTED_EDGE('',*,*,#4326,.T.);
#5482=ORIENTED_EDGE('',*,*,#4327,.T.);
#5483=ORIENTED_EDGE('',*,*,#4325,.F.);
#5484=ORIENTED_EDGE('',*,*,#4328,.T.);
#5485=ORIENTED_EDGE('',*,*,#4329,.T.);
#5486=ORIENTED_EDGE('',*,*,#4218,.T.);
#5487=ORIENTED_EDGE('',*,*,#4203,.F.);
#5488=ORIENTED_EDGE('',*,*,#4199,.T.);
#5489=ORIENTED_EDGE('',*,*,#4330,.T.);
#5490=ORIENTED_EDGE('',*,*,#4331,.T.);
#5491=ORIENTED_EDGE('',*,*,#4332,.T.);
#5492=ORIENTED_EDGE('',*,*,#4333,.T.);
#5493=ORIENTED_EDGE('',*,*,#4331,.F.);
#5494=ORIENTED_EDGE('',*,*,#4334,.F.);
#5495=ORIENTED_EDGE('',*,*,#4335,.F.);
#5496=ORIENTED_EDGE('',*,*,#4336,.F.);
#5497=ORIENTED_EDGE('',*,*,#4330,.F.);
#5498=ORIENTED_EDGE('',*,*,#4337,.T.);
#5499=ORIENTED_EDGE('',*,*,#4215,.T.);
#5500=ORIENTED_EDGE('',*,*,#4222,.T.);
#5501=ORIENTED_EDGE('',*,*,#4323,.F.);
#5502=ORIENTED_EDGE('',*,*,#4334,.T.);
#5503=ORIENTED_EDGE('',*,*,#4338,.T.);
#5504=ORIENTED_EDGE('',*,*,#4339,.T.);
#5505=ORIENTED_EDGE('',*,*,#4340,.T.);
#5506=ORIENTED_EDGE('',*,*,#4341,.T.);
#5507=ORIENTED_EDGE('',*,*,#4339,.F.);
#5508=ORIENTED_EDGE('',*,*,#4342,.F.);
#5509=ORIENTED_EDGE('',*,*,#4343,.F.);
#5510=ORIENTED_EDGE('',*,*,#4344,.F.);
#5511=ORIENTED_EDGE('',*,*,#4338,.F.);
#5512=ORIENTED_EDGE('',*,*,#4345,.T.);
#5513=ORIENTED_EDGE('',*,*,#4268,.T.);
#5514=ORIENTED_EDGE('',*,*,#4275,.T.);
#5515=ORIENTED_EDGE('',*,*,#4346,.F.);
#5516=ORIENTED_EDGE('',*,*,#4342,.T.);
#5517=ORIENTED_EDGE('',*,*,#4347,.T.);
#5518=ORIENTED_EDGE('',*,*,#4251,.T.);
#5519=ORIENTED_EDGE('',*,*,#4348,.T.);
#5520=ORIENTED_EDGE('',*,*,#4349,.T.);
#5521=ORIENTED_EDGE('',*,*,#4347,.F.);
#5522=ORIENTED_EDGE('',*,*,#4350,.T.);
#5523=ORIENTED_EDGE('',*,*,#4317,.T.);
#5524=ORIENTED_EDGE('',*,*,#4271,.T.);
#5525=ORIENTED_EDGE('',*,*,#4256,.F.);
#5526=ORIENTED_EDGE('',*,*,#4252,.T.);
#5527=ORIENTED_EDGE('',*,*,#4351,.T.);
#5528=ORIENTED_EDGE('',*,*,#4329,.F.);
#5529=ORIENTED_EDGE('',*,*,#4352,.T.);
#5530=ORIENTED_EDGE('',*,*,#4346,.T.);
#5531=ORIENTED_EDGE('',*,*,#4351,.F.);
#5532=ORIENTED_EDGE('',*,*,#4274,.T.);
#5533=ORIENTED_EDGE('',*,*,#4353,.T.);
#5534=ORIENTED_EDGE('',*,*,#4219,.F.);
#5535=ORIENTED_EDGE('',*,*,#4319,.T.);
#5536=ORIENTED_EDGE('',*,*,#4324,.F.);
#5537=ORIENTED_EDGE('',*,*,#4221,.T.);
#5538=ORIENTED_EDGE('',*,*,#4354,.T.);
#5539=ORIENTED_EDGE('',*,*,#4272,.F.);
#5540=ORIENTED_EDGE('',*,*,#4316,.F.);
#5541=ORIENTED_EDGE('',*,*,#4312,.T.);
#5542=ORIENTED_EDGE('',*,*,#4355,.T.);
#5543=ORIENTED_EDGE('',*,*,#4356,.F.);
#5544=ORIENTED_EDGE('',*,*,#4357,.F.);
#5545=ORIENTED_EDGE('',*,*,#4358,.F.);
#5546=ORIENTED_EDGE('',*,*,#4359,.F.);
#5547=ORIENTED_EDGE('',*,*,#4188,.T.);
#5548=ORIENTED_EDGE('',*,*,#4360,.T.);
#5549=ORIENTED_EDGE('',*,*,#4361,.T.);
#5550=ORIENTED_EDGE('',*,*,#4362,.F.);
#5551=ORIENTED_EDGE('',*,*,#4343,.T.);
#5552=ORIENTED_EDGE('',*,*,#4352,.F.);
#5553=ORIENTED_EDGE('',*,*,#4363,.F.);
#5554=ORIENTED_EDGE('',*,*,#4327,.F.);
#5555=ORIENTED_EDGE('',*,*,#4364,.F.);
#5556=ORIENTED_EDGE('',*,*,#4363,.T.);
#5557=ORIENTED_EDGE('',*,*,#4328,.F.);
#5558=ORIENTED_EDGE('',*,*,#4326,.F.);
#5559=ORIENTED_EDGE('',*,*,#4197,.T.);
#5560=ORIENTED_EDGE('',*,*,#4191,.T.);
#5561=ORIENTED_EDGE('',*,*,#4365,.F.);
#5562=ORIENTED_EDGE('',*,*,#4366,.F.);
#5563=ORIENTED_EDGE('',*,*,#4240,.F.);
#5564=ORIENTED_EDGE('',*,*,#4234,.F.);
#5565=ORIENTED_EDGE('',*,*,#4367,.T.);
#5566=ORIENTED_EDGE('',*,*,#4340,.F.);
#5567=ORIENTED_EDGE('',*,*,#4344,.T.);
#5568=ORIENTED_EDGE('',*,*,#4362,.T.);
#5569=ORIENTED_EDGE('',*,*,#4364,.T.);
#5570=ORIENTED_EDGE('',*,*,#4285,.T.);
#5571=ORIENTED_EDGE('',*,*,#4291,.T.);
#5572=ORIENTED_EDGE('',*,*,#4366,.T.);
#5573=ORIENTED_EDGE('',*,*,#4368,.F.);
#5574=ORIENTED_EDGE('',*,*,#4369,.F.);
#5575=ORIENTED_EDGE('',*,*,#4241,.T.);
#5576=ORIENTED_EDGE('',*,*,#4190,.F.);
#5577=ORIENTED_EDGE('',*,*,#4196,.F.);
#5578=ORIENTED_EDGE('',*,*,#4368,.T.);
#5579=ORIENTED_EDGE('',*,*,#4365,.T.);
#5580=ORIENTED_EDGE('',*,*,#4349,.F.);
#5581=ORIENTED_EDGE('',*,*,#4370,.F.);
#5582=ORIENTED_EDGE('',*,*,#4314,.T.);
#5583=ORIENTED_EDGE('',*,*,#4350,.F.);
#5584=ORIENTED_EDGE('',*,*,#4311,.F.);
#5585=ORIENTED_EDGE('',*,*,#4315,.T.);
#5586=ORIENTED_EDGE('',*,*,#4370,.T.);
#5587=ORIENTED_EDGE('',*,*,#4348,.F.);
#5588=ORIENTED_EDGE('',*,*,#4250,.T.);
#5589=ORIENTED_EDGE('',*,*,#4244,.T.);
#5590=ORIENTED_EDGE('',*,*,#4371,.F.);
#5591=ORIENTED_EDGE('',*,*,#4355,.F.);
#5592=ORIENTED_EDGE('',*,*,#4297,.T.);
#5593=ORIENTED_EDGE('',*,*,#4243,.F.);
#5594=ORIENTED_EDGE('',*,*,#4249,.F.);
#5595=ORIENTED_EDGE('',*,*,#4356,.T.);
#5596=ORIENTED_EDGE('',*,*,#4371,.T.);
#5597=ORIENTED_EDGE('',*,*,#4321,.F.);
#5598=ORIENTED_EDGE('',*,*,#4372,.F.);
#5599=ORIENTED_EDGE('',*,*,#4335,.T.);
#5600=ORIENTED_EDGE('',*,*,#4322,.F.);
#5601=ORIENTED_EDGE('',*,*,#4320,.F.);
#5602=ORIENTED_EDGE('',*,*,#4360,.F.);
#5603=ORIENTED_EDGE('',*,*,#4187,.F.);
#5604=ORIENTED_EDGE('',*,*,#4181,.F.);
#5605=ORIENTED_EDGE('',*,*,#4373,.T.);
#5606=ORIENTED_EDGE('',*,*,#4332,.F.);
#5607=ORIENTED_EDGE('',*,*,#4336,.T.);
#5608=ORIENTED_EDGE('',*,*,#4372,.T.);
#5609=ORIENTED_EDGE('',*,*,#4303,.T.);
#5610=ORIENTED_EDGE('',*,*,#4374,.T.);
#5611=ORIENTED_EDGE('',*,*,#4375,.T.);
#5612=ORIENTED_EDGE('',*,*,#4376,.T.);
#5613=ORIENTED_EDGE('',*,*,#4375,.F.);
#5614=ORIENTED_EDGE('',*,*,#4376,.F.);
#5615=ORIENTED_EDGE('',*,*,#4377,.T.);
#5616=ORIENTED_EDGE('',*,*,#4378,.F.);
#5617=ORIENTED_EDGE('',*,*,#4377,.F.);
#5618=ORIENTED_EDGE('',*,*,#4379,.T.);
#5619=ORIENTED_EDGE('',*,*,#4374,.F.);
#5620=ORIENTED_EDGE('',*,*,#4380,.T.);
#5621=ORIENTED_EDGE('',*,*,#4381,.T.);
#5622=ORIENTED_EDGE('',*,*,#4382,.T.);
#5623=ORIENTED_EDGE('',*,*,#4381,.F.);
#5624=ORIENTED_EDGE('',*,*,#4382,.F.);
#5625=ORIENTED_EDGE('',*,*,#4383,.T.);
#5626=ORIENTED_EDGE('',*,*,#4384,.F.);
#5627=ORIENTED_EDGE('',*,*,#4383,.F.);
#5628=ORIENTED_EDGE('',*,*,#4385,.T.);
#5629=ORIENTED_EDGE('',*,*,#4380,.F.);
#5630=ORIENTED_EDGE('',*,*,#4386,.T.);
#5631=ORIENTED_EDGE('',*,*,#4387,.T.);
#5632=ORIENTED_EDGE('',*,*,#4388,.T.);
#5633=ORIENTED_EDGE('',*,*,#4387,.F.);
#5634=ORIENTED_EDGE('',*,*,#4388,.F.);
#5635=ORIENTED_EDGE('',*,*,#4389,.T.);
#5636=ORIENTED_EDGE('',*,*,#4390,.F.);
#5637=ORIENTED_EDGE('',*,*,#4389,.F.);
#5638=ORIENTED_EDGE('',*,*,#4391,.T.);
#5639=ORIENTED_EDGE('',*,*,#4386,.F.);
#5640=ORIENTED_EDGE('',*,*,#4392,.T.);
#5641=ORIENTED_EDGE('',*,*,#4393,.T.);
#5642=ORIENTED_EDGE('',*,*,#4394,.T.);
#5643=ORIENTED_EDGE('',*,*,#4393,.F.);
#5644=ORIENTED_EDGE('',*,*,#4394,.F.);
#5645=ORIENTED_EDGE('',*,*,#4395,.T.);
#5646=ORIENTED_EDGE('',*,*,#4396,.F.);
#5647=ORIENTED_EDGE('',*,*,#4395,.F.);
#5648=ORIENTED_EDGE('',*,*,#4397,.T.);
#5649=ORIENTED_EDGE('',*,*,#4392,.F.);
#5650=ORIENTED_EDGE('',*,*,#4398,.F.);
#5651=ORIENTED_EDGE('',*,*,#4399,.T.);
#5652=ORIENTED_EDGE('',*,*,#4400,.T.);
#5653=ORIENTED_EDGE('',*,*,#4401,.T.);
#5654=ORIENTED_EDGE('',*,*,#4402,.T.);
#5655=ORIENTED_EDGE('',*,*,#4403,.T.);
#5656=ORIENTED_EDGE('',*,*,#4404,.F.);
#5657=ORIENTED_EDGE('',*,*,#4401,.F.);
#5658=ORIENTED_EDGE('',*,*,#4405,.F.);
#5659=ORIENTED_EDGE('',*,*,#4406,.T.);
#5660=ORIENTED_EDGE('',*,*,#4407,.T.);
#5661=ORIENTED_EDGE('',*,*,#4408,.F.);
#5662=ORIENTED_EDGE('',*,*,#4403,.F.);
#5663=ORIENTED_EDGE('',*,*,#4409,.T.);
#5664=ORIENTED_EDGE('',*,*,#4410,.F.);
#5665=ORIENTED_EDGE('',*,*,#4411,.T.);
#5666=ORIENTED_EDGE('',*,*,#4412,.T.);
#5667=ORIENTED_EDGE('',*,*,#4413,.T.);
#5668=ORIENTED_EDGE('',*,*,#4414,.F.);
#5669=ORIENTED_EDGE('',*,*,#4407,.F.);
#5670=ORIENTED_EDGE('',*,*,#4415,.T.);
#5671=ORIENTED_EDGE('',*,*,#4416,.F.);
#5672=ORIENTED_EDGE('',*,*,#4417,.T.);
#5673=ORIENTED_EDGE('',*,*,#4418,.T.);
#5674=ORIENTED_EDGE('',*,*,#4419,.F.);
#5675=ORIENTED_EDGE('',*,*,#4413,.F.);
#5676=ORIENTED_EDGE('',*,*,#4399,.F.);
#5677=ORIENTED_EDGE('',*,*,#4420,.T.);
#5678=ORIENTED_EDGE('',*,*,#4421,.T.);
#5679=ORIENTED_EDGE('',*,*,#4418,.F.);
#5680=ORIENTED_EDGE('',*,*,#4422,.T.);
#5681=ORIENTED_EDGE('',*,*,#4423,.T.);
#5682=ORIENTED_EDGE('',*,*,#4423,.F.);
#5683=ORIENTED_EDGE('',*,*,#4420,.F.);
#5684=ORIENTED_EDGE('',*,*,#4424,.F.);
#5685=ORIENTED_EDGE('',*,*,#4409,.F.);
#5686=ORIENTED_EDGE('',*,*,#4402,.F.);
#5687=ORIENTED_EDGE('',*,*,#4400,.F.);
#5688=ORIENTED_EDGE('',*,*,#4425,.T.);
#5689=ORIENTED_EDGE('',*,*,#4426,.T.);
#5690=ORIENTED_EDGE('',*,*,#4417,.F.);
#5691=ORIENTED_EDGE('',*,*,#4412,.F.);
#5692=ORIENTED_EDGE('',*,*,#4427,.T.);
#5693=ORIENTED_EDGE('',*,*,#4428,.T.);
#5694=ORIENTED_EDGE('',*,*,#4411,.F.);
#5695=ORIENTED_EDGE('',*,*,#4429,.T.);
#5696=ORIENTED_EDGE('',*,*,#4415,.F.);
#5697=ORIENTED_EDGE('',*,*,#4406,.F.);
#5698=ORIENTED_EDGE('',*,*,#4430,.T.);
#5699=ORIENTED_EDGE('',*,*,#4431,.T.);
#5700=ORIENTED_EDGE('',*,*,#4397,.F.);
#5701=ORIENTED_EDGE('',*,*,#4432,.T.);
#5702=ORIENTED_EDGE('',*,*,#4416,.T.);
#5703=ORIENTED_EDGE('',*,*,#4429,.F.);
#5704=ORIENTED_EDGE('',*,*,#4410,.T.);
#5705=ORIENTED_EDGE('',*,*,#4432,.F.);
#5706=ORIENTED_EDGE('',*,*,#4391,.F.);
#5707=ORIENTED_EDGE('',*,*,#4433,.T.);
#5708=ORIENTED_EDGE('',*,*,#4430,.F.);
#5709=ORIENTED_EDGE('',*,*,#4405,.T.);
#5710=ORIENTED_EDGE('',*,*,#4431,.F.);
#5711=ORIENTED_EDGE('',*,*,#4433,.F.);
#5712=ORIENTED_EDGE('',*,*,#4396,.T.);
#5713=ORIENTED_EDGE('',*,*,#4379,.F.);
#5714=ORIENTED_EDGE('',*,*,#4434,.T.);
#5715=ORIENTED_EDGE('',*,*,#4427,.F.);
#5716=ORIENTED_EDGE('',*,*,#4428,.F.);
#5717=ORIENTED_EDGE('',*,*,#4434,.F.);
#5718=ORIENTED_EDGE('',*,*,#4390,.T.);
#5719=ORIENTED_EDGE('',*,*,#4385,.F.);
#5720=ORIENTED_EDGE('',*,*,#4435,.T.);
#5721=ORIENTED_EDGE('',*,*,#4425,.F.);
#5722=ORIENTED_EDGE('',*,*,#4421,.F.);
#5723=ORIENTED_EDGE('',*,*,#4422,.F.);
#5724=ORIENTED_EDGE('',*,*,#4426,.F.);
#5725=ORIENTED_EDGE('',*,*,#4435,.F.);
#5726=ORIENTED_EDGE('',*,*,#4378,.T.);
#5727=ORIENTED_EDGE('',*,*,#4384,.T.);
#5728=ORIENTED_EDGE('',*,*,#4260,.F.);
#5729=ORIENTED_EDGE('',*,*,#4436,.T.);
#5730=ORIENTED_EDGE('',*,*,#4437,.T.);
#5731=ORIENTED_EDGE('',*,*,#4254,.T.);
#5732=ORIENTED_EDGE('',*,*,#4263,.F.);
#5733=ORIENTED_EDGE('',*,*,#4438,.F.);
#5734=ORIENTED_EDGE('',*,*,#4439,.T.);
#5735=ORIENTED_EDGE('',*,*,#4436,.F.);
#5736=ORIENTED_EDGE('',*,*,#4266,.F.);
#5737=ORIENTED_EDGE('',*,*,#4440,.T.);
#5738=ORIENTED_EDGE('',*,*,#4441,.T.);
#5739=ORIENTED_EDGE('',*,*,#4438,.T.);
#5740=ORIENTED_EDGE('',*,*,#4213,.F.);
#5741=ORIENTED_EDGE('',*,*,#4442,.T.);
#5742=ORIENTED_EDGE('',*,*,#4443,.T.);
#5743=ORIENTED_EDGE('',*,*,#4444,.T.);
#5744=ORIENTED_EDGE('',*,*,#4210,.F.);
#5745=ORIENTED_EDGE('',*,*,#4444,.F.);
#5746=ORIENTED_EDGE('',*,*,#4445,.T.);
#5747=ORIENTED_EDGE('',*,*,#4446,.F.);
#5748=ORIENTED_EDGE('',*,*,#4207,.F.);
#5749=ORIENTED_EDGE('',*,*,#4446,.T.);
#5750=ORIENTED_EDGE('',*,*,#4447,.T.);
#5751=ORIENTED_EDGE('',*,*,#4201,.T.);
#5752=ORIENTED_EDGE('',*,*,#4448,.T.);
#5753=ORIENTED_EDGE('',*,*,#4449,.T.);
#5754=ORIENTED_EDGE('',*,*,#4450,.T.);
#5755=ORIENTED_EDGE('',*,*,#4451,.T.);
#5756=ORIENTED_EDGE('',*,*,#4451,.F.);
#5757=ORIENTED_EDGE('',*,*,#4452,.F.);
#5758=ORIENTED_EDGE('',*,*,#4453,.F.);
#5759=ORIENTED_EDGE('',*,*,#4454,.F.);
#5760=ORIENTED_EDGE('',*,*,#4455,.F.);
#5761=ORIENTED_EDGE('',*,*,#4456,.F.);
#5762=ORIENTED_EDGE('',*,*,#4457,.T.);
#5763=ORIENTED_EDGE('',*,*,#4450,.F.);
#5764=ORIENTED_EDGE('',*,*,#4458,.F.);
#5765=ORIENTED_EDGE('',*,*,#4459,.F.);
#5766=ORIENTED_EDGE('',*,*,#4460,.F.);
#5767=ORIENTED_EDGE('',*,*,#4461,.F.);
#5768=ORIENTED_EDGE('',*,*,#4194,.T.);
#5769=ORIENTED_EDGE('',*,*,#4202,.T.);
#5770=ORIENTED_EDGE('',*,*,#4447,.F.);
#5771=ORIENTED_EDGE('',*,*,#4445,.F.);
#5772=ORIENTED_EDGE('',*,*,#4443,.F.);
#5773=ORIENTED_EDGE('',*,*,#4462,.F.);
#5774=ORIENTED_EDGE('',*,*,#4185,.F.);
#5775=ORIENTED_EDGE('',*,*,#4463,.F.);
#5776=ORIENTED_EDGE('',*,*,#4452,.T.);
#5777=ORIENTED_EDGE('',*,*,#4464,.T.);
#5778=ORIENTED_EDGE('',*,*,#4465,.T.);
#5779=ORIENTED_EDGE('',*,*,#4466,.T.);
#5780=ORIENTED_EDGE('',*,*,#4467,.T.);
#5781=ORIENTED_EDGE('',*,*,#4468,.T.);
#5782=ORIENTED_EDGE('',*,*,#4469,.T.);
#5783=ORIENTED_EDGE('',*,*,#4470,.T.);
#5784=ORIENTED_EDGE('',*,*,#4471,.T.);
#5785=ORIENTED_EDGE('',*,*,#4472,.T.);
#5786=ORIENTED_EDGE('',*,*,#4459,.T.);
#5787=ORIENTED_EDGE('',*,*,#4473,.T.);
#5788=ORIENTED_EDGE('',*,*,#4474,.T.);
#5789=ORIENTED_EDGE('',*,*,#4475,.T.);
#5790=ORIENTED_EDGE('',*,*,#4475,.F.);
#5791=ORIENTED_EDGE('',*,*,#4476,.F.);
#5792=ORIENTED_EDGE('',*,*,#4477,.F.);
#5793=ORIENTED_EDGE('',*,*,#4460,.T.);
#5794=ORIENTED_EDGE('',*,*,#4478,.F.);
#5795=ORIENTED_EDGE('',*,*,#4479,.T.);
#5796=ORIENTED_EDGE('',*,*,#4276,.F.);
#5797=ORIENTED_EDGE('',*,*,#4479,.F.);
#5798=ORIENTED_EDGE('',*,*,#4223,.F.);
#5799=ORIENTED_EDGE('',*,*,#4480,.T.);
#5800=ORIENTED_EDGE('',*,*,#4472,.F.);
#5801=ORIENTED_EDGE('',*,*,#4480,.F.);
#5802=ORIENTED_EDGE('',*,*,#4481,.F.);
#5803=ORIENTED_EDGE('',*,*,#4482,.T.);
#5804=ORIENTED_EDGE('',*,*,#4277,.F.);
#5805=ORIENTED_EDGE('',*,*,#4482,.F.);
#5806=ORIENTED_EDGE('',*,*,#4224,.F.);
#5807=ORIENTED_EDGE('',*,*,#4483,.T.);
#5808=ORIENTED_EDGE('',*,*,#4471,.F.);
#5809=ORIENTED_EDGE('',*,*,#4483,.F.);
#5810=ORIENTED_EDGE('',*,*,#4484,.F.);
#5811=ORIENTED_EDGE('',*,*,#4485,.T.);
#5812=ORIENTED_EDGE('',*,*,#4278,.F.);
#5813=ORIENTED_EDGE('',*,*,#4485,.F.);
#5814=ORIENTED_EDGE('',*,*,#4225,.F.);
#5815=ORIENTED_EDGE('',*,*,#4486,.T.);
#5816=ORIENTED_EDGE('',*,*,#4470,.F.);
#5817=ORIENTED_EDGE('',*,*,#4486,.F.);
#5818=ORIENTED_EDGE('',*,*,#4487,.F.);
#5819=ORIENTED_EDGE('',*,*,#4488,.T.);
#5820=ORIENTED_EDGE('',*,*,#4279,.F.);
#5821=ORIENTED_EDGE('',*,*,#4488,.F.);
#5822=ORIENTED_EDGE('',*,*,#4226,.F.);
#5823=ORIENTED_EDGE('',*,*,#4489,.T.);
#5824=ORIENTED_EDGE('',*,*,#4469,.F.);
#5825=ORIENTED_EDGE('',*,*,#4489,.F.);
#5826=ORIENTED_EDGE('',*,*,#4490,.F.);
#5827=ORIENTED_EDGE('',*,*,#4491,.T.);
#5828=ORIENTED_EDGE('',*,*,#4280,.F.);
#5829=ORIENTED_EDGE('',*,*,#4491,.F.);
#5830=ORIENTED_EDGE('',*,*,#4227,.F.);
#5831=ORIENTED_EDGE('',*,*,#4492,.T.);
#5832=ORIENTED_EDGE('',*,*,#4468,.F.);
#5833=ORIENTED_EDGE('',*,*,#4492,.F.);
#5834=ORIENTED_EDGE('',*,*,#4493,.F.);
#5835=ORIENTED_EDGE('',*,*,#4494,.T.);
#5836=ORIENTED_EDGE('',*,*,#4281,.F.);
#5837=ORIENTED_EDGE('',*,*,#4494,.F.);
#5838=ORIENTED_EDGE('',*,*,#4228,.F.);
#5839=ORIENTED_EDGE('',*,*,#4495,.T.);
#5840=ORIENTED_EDGE('',*,*,#4467,.F.);
#5841=ORIENTED_EDGE('',*,*,#4495,.F.);
#5842=ORIENTED_EDGE('',*,*,#4496,.F.);
#5843=ORIENTED_EDGE('',*,*,#4497,.T.);
#5844=ORIENTED_EDGE('',*,*,#4282,.F.);
#5845=ORIENTED_EDGE('',*,*,#4497,.F.);
#5846=ORIENTED_EDGE('',*,*,#4229,.F.);
#5847=ORIENTED_EDGE('',*,*,#4498,.T.);
#5848=ORIENTED_EDGE('',*,*,#4466,.F.);
#5849=ORIENTED_EDGE('',*,*,#4498,.F.);
#5850=ORIENTED_EDGE('',*,*,#4499,.F.);
#5851=ORIENTED_EDGE('',*,*,#4500,.T.);
#5852=ORIENTED_EDGE('',*,*,#4283,.F.);
#5853=ORIENTED_EDGE('',*,*,#4500,.F.);
#5854=ORIENTED_EDGE('',*,*,#4230,.F.);
#5855=ORIENTED_EDGE('',*,*,#4501,.T.);
#5856=ORIENTED_EDGE('',*,*,#4465,.F.);
#5857=ORIENTED_EDGE('',*,*,#4501,.F.);
#5858=ORIENTED_EDGE('',*,*,#4502,.F.);
#5859=ORIENTED_EDGE('',*,*,#4503,.T.);
#5860=ORIENTED_EDGE('',*,*,#4284,.F.);
#5861=ORIENTED_EDGE('',*,*,#4503,.F.);
#5862=ORIENTED_EDGE('',*,*,#4231,.F.);
#5863=ORIENTED_EDGE('',*,*,#4504,.T.);
#5864=ORIENTED_EDGE('',*,*,#4464,.F.);
#5865=ORIENTED_EDGE('',*,*,#4504,.F.);
#5866=ORIENTED_EDGE('',*,*,#4220,.F.);
#5867=ORIENTED_EDGE('',*,*,#4353,.F.);
#5868=ORIENTED_EDGE('',*,*,#4273,.F.);
#5869=ORIENTED_EDGE('',*,*,#4354,.F.);
#5870=ORIENTED_EDGE('',*,*,#4419,.T.);
#5871=ORIENTED_EDGE('',*,*,#4424,.T.);
#5872=ORIENTED_EDGE('',*,*,#4398,.T.);
#5873=ORIENTED_EDGE('',*,*,#4404,.T.);
#5874=ORIENTED_EDGE('',*,*,#4408,.T.);
#5875=ORIENTED_EDGE('',*,*,#4414,.T.);
#5876=ORIENTED_EDGE('',*,*,#4178,.T.);
#5877=ORIENTED_EDGE('',*,*,#4166,.T.);
#5878=ORIENTED_EDGE('',*,*,#4170,.T.);
#5879=ORIENTED_EDGE('',*,*,#4173,.T.);
#5880=ORIENTED_EDGE('',*,*,#4175,.T.);
#5881=ORIENTED_EDGE('',*,*,#4163,.T.);
#5882=ORIENTED_EDGE('',*,*,#4151,.T.);
#5883=ORIENTED_EDGE('',*,*,#4155,.T.);
#5884=ORIENTED_EDGE('',*,*,#4158,.T.);
#5885=ORIENTED_EDGE('',*,*,#4160,.T.);
#5886=ORIENTED_EDGE('',*,*,#4148,.T.);
#5887=ORIENTED_EDGE('',*,*,#4145,.T.);
#5888=ORIENTED_EDGE('',*,*,#4142,.T.);
#5889=ORIENTED_EDGE('',*,*,#4130,.T.);
#5890=ORIENTED_EDGE('',*,*,#4134,.T.);
#5891=ORIENTED_EDGE('',*,*,#4137,.T.);
#5892=ORIENTED_EDGE('',*,*,#4139,.T.);
#5893=ORIENTED_EDGE('',*,*,#4127,.T.);
#5894=ORIENTED_EDGE('',*,*,#4233,.F.);
#5895=ORIENTED_EDGE('',*,*,#4239,.F.);
#5896=ORIENTED_EDGE('',*,*,#4505,.T.);
#5897=ORIENTED_EDGE('',*,*,#4440,.F.);
#5898=ORIENTED_EDGE('',*,*,#4269,.F.);
#5899=ORIENTED_EDGE('',*,*,#4345,.F.);
#5900=ORIENTED_EDGE('',*,*,#4341,.F.);
#5901=ORIENTED_EDGE('',*,*,#4367,.F.);
#5902=ORIENTED_EDGE('',*,*,#4461,.T.);
#5903=ORIENTED_EDGE('',*,*,#4477,.T.);
#5904=ORIENTED_EDGE('',*,*,#4506,.T.);
#5905=ORIENTED_EDGE('',*,*,#4237,.T.);
#5906=ORIENTED_EDGE('',*,*,#4369,.T.);
#5907=ORIENTED_EDGE('',*,*,#4195,.T.);
#5908=ORIENTED_EDGE('',*,*,#4180,.F.);
#5909=ORIENTED_EDGE('',*,*,#4186,.F.);
#5910=ORIENTED_EDGE('',*,*,#4462,.T.);
#5911=ORIENTED_EDGE('',*,*,#4442,.F.);
#5912=ORIENTED_EDGE('',*,*,#4216,.F.);
#5913=ORIENTED_EDGE('',*,*,#4337,.F.);
#5914=ORIENTED_EDGE('',*,*,#4333,.F.);
#5915=ORIENTED_EDGE('',*,*,#4373,.F.);
#5916=ORIENTED_EDGE('',*,*,#4463,.T.);
#5917=ORIENTED_EDGE('',*,*,#4184,.T.);
#5918=ORIENTED_EDGE('',*,*,#4359,.T.);
#5919=ORIENTED_EDGE('',*,*,#4507,.T.);
#5920=ORIENTED_EDGE('',*,*,#4453,.T.);
#5921=ORIENTED_EDGE('',*,*,#4507,.F.);
#5922=ORIENTED_EDGE('',*,*,#4508,.T.);
#5923=ORIENTED_EDGE('',*,*,#4509,.T.);
#5924=ORIENTED_EDGE('',*,*,#4510,.T.);
#5925=ORIENTED_EDGE('',*,*,#4511,.T.);
#5926=ORIENTED_EDGE('',*,*,#4456,.T.);
#5927=ORIENTED_EDGE('',*,*,#4509,.F.);
#5928=ORIENTED_EDGE('',*,*,#4357,.T.);
#5929=ORIENTED_EDGE('',*,*,#4248,.T.);
#5930=ORIENTED_EDGE('',*,*,#4512,.F.);
#5931=ORIENTED_EDGE('',*,*,#4513,.T.);
#5932=ORIENTED_EDGE('',*,*,#4454,.T.);
#5933=ORIENTED_EDGE('',*,*,#4510,.F.);
#5934=ORIENTED_EDGE('',*,*,#4455,.T.);
#5935=ORIENTED_EDGE('',*,*,#4513,.F.);
#5936=ORIENTED_EDGE('',*,*,#4508,.F.);
#5937=ORIENTED_EDGE('',*,*,#4358,.T.);
#5938=ORIENTED_EDGE('',*,*,#4448,.F.);
#5939=ORIENTED_EDGE('',*,*,#4457,.F.);
#5940=ORIENTED_EDGE('',*,*,#4511,.F.);
#5941=ORIENTED_EDGE('',*,*,#4247,.T.);
#5942=ORIENTED_EDGE('',*,*,#4255,.T.);
#5943=ORIENTED_EDGE('',*,*,#4437,.F.);
#5944=ORIENTED_EDGE('',*,*,#4439,.F.);
#5945=ORIENTED_EDGE('',*,*,#4441,.F.);
#5946=ORIENTED_EDGE('',*,*,#4505,.F.);
#5947=ORIENTED_EDGE('',*,*,#4238,.F.);
#5948=ORIENTED_EDGE('',*,*,#4506,.F.);
#5949=ORIENTED_EDGE('',*,*,#4476,.T.);
#5950=ORIENTED_EDGE('',*,*,#4474,.F.);
#5951=ORIENTED_EDGE('',*,*,#4514,.F.);
#5952=ORIENTED_EDGE('',*,*,#4502,.T.);
#5953=ORIENTED_EDGE('',*,*,#4499,.T.);
#5954=ORIENTED_EDGE('',*,*,#4496,.T.);
#5955=ORIENTED_EDGE('',*,*,#4493,.T.);
#5956=ORIENTED_EDGE('',*,*,#4490,.T.);
#5957=ORIENTED_EDGE('',*,*,#4487,.T.);
#5958=ORIENTED_EDGE('',*,*,#4484,.T.);
#5959=ORIENTED_EDGE('',*,*,#4481,.T.);
#5960=ORIENTED_EDGE('',*,*,#4478,.T.);
#5961=ORIENTED_EDGE('',*,*,#4512,.T.);
#5962=ORIENTED_EDGE('',*,*,#4515,.T.);
#5963=ORIENTED_EDGE('',*,*,#4515,.F.);
#5964=ORIENTED_EDGE('',*,*,#4516,.T.);
#5965=ORIENTED_EDGE('',*,*,#4361,.F.);
#5966=ORIENTED_EDGE('',*,*,#4516,.F.);
#5967=ORIENTED_EDGE('',*,*,#4449,.F.);
#5968=ORIENTED_EDGE('',*,*,#4514,.T.);
#5969=ORIENTED_EDGE('',*,*,#4473,.F.);
#5970=ORIENTED_EDGE('',*,*,#4458,.T.);
#5971=ORIENTED_EDGE('',*,*,#4176,.T.);
#5972=ORIENTED_EDGE('',*,*,#4164,.T.);
#5973=ORIENTED_EDGE('',*,*,#4174,.T.);
#5974=ORIENTED_EDGE('',*,*,#4171,.T.);
#5975=ORIENTED_EDGE('',*,*,#4168,.T.);
#5976=ORIENTED_EDGE('',*,*,#4161,.T.);
#5977=ORIENTED_EDGE('',*,*,#4149,.T.);
#5978=ORIENTED_EDGE('',*,*,#4159,.T.);
#5979=ORIENTED_EDGE('',*,*,#4156,.T.);
#5980=ORIENTED_EDGE('',*,*,#4153,.T.);
#5981=ORIENTED_EDGE('',*,*,#4146,.T.);
#5982=ORIENTED_EDGE('',*,*,#4143,.T.);
#5983=ORIENTED_EDGE('',*,*,#4140,.T.);
#5984=ORIENTED_EDGE('',*,*,#4128,.T.);
#5985=ORIENTED_EDGE('',*,*,#4138,.T.);
#5986=ORIENTED_EDGE('',*,*,#4135,.T.);
#5987=ORIENTED_EDGE('',*,*,#4132,.T.);
#5988=ORIENTED_EDGE('',*,*,#4125,.T.);
#5989=ORIENTED_EDGE('',*,*,#4517,.F.);
#5990=ORIENTED_EDGE('',*,*,#4518,.T.);
#5991=ORIENTED_EDGE('',*,*,#4519,.T.);
#5992=ORIENTED_EDGE('',*,*,#4520,.F.);
#5993=ORIENTED_EDGE('',*,*,#4521,.F.);
#5994=ORIENTED_EDGE('',*,*,#4522,.T.);
#5995=ORIENTED_EDGE('',*,*,#4523,.T.);
#5996=ORIENTED_EDGE('',*,*,#4518,.F.);
#5997=ORIENTED_EDGE('',*,*,#4524,.F.);
#5998=ORIENTED_EDGE('',*,*,#4525,.T.);
#5999=ORIENTED_EDGE('',*,*,#4526,.T.);
#6000=ORIENTED_EDGE('',*,*,#4522,.F.);
#6001=ORIENTED_EDGE('',*,*,#4527,.F.);
#6002=ORIENTED_EDGE('',*,*,#4528,.T.);
#6003=ORIENTED_EDGE('',*,*,#4529,.T.);
#6004=ORIENTED_EDGE('',*,*,#4525,.F.);
#6005=ORIENTED_EDGE('',*,*,#4530,.F.);
#6006=ORIENTED_EDGE('',*,*,#4531,.T.);
#6007=ORIENTED_EDGE('',*,*,#4532,.T.);
#6008=ORIENTED_EDGE('',*,*,#4528,.F.);
#6009=ORIENTED_EDGE('',*,*,#4533,.F.);
#6010=ORIENTED_EDGE('',*,*,#4520,.T.);
#6011=ORIENTED_EDGE('',*,*,#4534,.T.);
#6012=ORIENTED_EDGE('',*,*,#4531,.F.);
#6013=ORIENTED_EDGE('',*,*,#4534,.F.);
#6014=ORIENTED_EDGE('',*,*,#4519,.F.);
#6015=ORIENTED_EDGE('',*,*,#4523,.F.);
#6016=ORIENTED_EDGE('',*,*,#4526,.F.);
#6017=ORIENTED_EDGE('',*,*,#4529,.F.);
#6018=ORIENTED_EDGE('',*,*,#4532,.F.);
#6019=ORIENTED_EDGE('',*,*,#4306,.F.);
#6020=ORIENTED_EDGE('',*,*,#4533,.T.);
#6021=ORIENTED_EDGE('',*,*,#4530,.T.);
#6022=ORIENTED_EDGE('',*,*,#4527,.T.);
#6023=ORIENTED_EDGE('',*,*,#4524,.T.);
#6024=ORIENTED_EDGE('',*,*,#4521,.T.);
#6025=ORIENTED_EDGE('',*,*,#4517,.T.);
#6026=ORIENTED_EDGE('',*,*,#4305,.T.);
#6027=ORIENTED_EDGE('',*,*,#4535,.F.);
#6028=ORIENTED_EDGE('',*,*,#4536,.T.);
#6029=ORIENTED_EDGE('',*,*,#4537,.T.);
#6030=ORIENTED_EDGE('',*,*,#4538,.F.);
#6031=ORIENTED_EDGE('',*,*,#4539,.F.);
#6032=ORIENTED_EDGE('',*,*,#4540,.T.);
#6033=ORIENTED_EDGE('',*,*,#4541,.T.);
#6034=ORIENTED_EDGE('',*,*,#4536,.F.);
#6035=ORIENTED_EDGE('',*,*,#4542,.F.);
#6036=ORIENTED_EDGE('',*,*,#4543,.T.);
#6037=ORIENTED_EDGE('',*,*,#4544,.T.);
#6038=ORIENTED_EDGE('',*,*,#4540,.F.);
#6039=ORIENTED_EDGE('',*,*,#4545,.F.);
#6040=ORIENTED_EDGE('',*,*,#4546,.T.);
#6041=ORIENTED_EDGE('',*,*,#4547,.T.);
#6042=ORIENTED_EDGE('',*,*,#4543,.F.);
#6043=ORIENTED_EDGE('',*,*,#4548,.F.);
#6044=ORIENTED_EDGE('',*,*,#4549,.T.);
#6045=ORIENTED_EDGE('',*,*,#4550,.T.);
#6046=ORIENTED_EDGE('',*,*,#4546,.F.);
#6047=ORIENTED_EDGE('',*,*,#4551,.F.);
#6048=ORIENTED_EDGE('',*,*,#4538,.T.);
#6049=ORIENTED_EDGE('',*,*,#4552,.T.);
#6050=ORIENTED_EDGE('',*,*,#4549,.F.);
#6051=ORIENTED_EDGE('',*,*,#4552,.F.);
#6052=ORIENTED_EDGE('',*,*,#4537,.F.);
#6053=ORIENTED_EDGE('',*,*,#4541,.F.);
#6054=ORIENTED_EDGE('',*,*,#4544,.F.);
#6055=ORIENTED_EDGE('',*,*,#4547,.F.);
#6056=ORIENTED_EDGE('',*,*,#4550,.F.);
#6057=ORIENTED_EDGE('',*,*,#4300,.F.);
#6058=ORIENTED_EDGE('',*,*,#4551,.T.);
#6059=ORIENTED_EDGE('',*,*,#4548,.T.);
#6060=ORIENTED_EDGE('',*,*,#4545,.T.);
#6061=ORIENTED_EDGE('',*,*,#4542,.T.);
#6062=ORIENTED_EDGE('',*,*,#4539,.T.);
#6063=ORIENTED_EDGE('',*,*,#4535,.T.);
#6064=ORIENTED_EDGE('',*,*,#4299,.T.);
#6065=ORIENTED_EDGE('',*,*,#4553,.F.);
#6066=ORIENTED_EDGE('',*,*,#4554,.T.);
#6067=ORIENTED_EDGE('',*,*,#4555,.T.);
#6068=ORIENTED_EDGE('',*,*,#4556,.F.);
#6069=ORIENTED_EDGE('',*,*,#4557,.F.);
#6070=ORIENTED_EDGE('',*,*,#4558,.T.);
#6071=ORIENTED_EDGE('',*,*,#4559,.T.);
#6072=ORIENTED_EDGE('',*,*,#4554,.F.);
#6073=ORIENTED_EDGE('',*,*,#4560,.F.);
#6074=ORIENTED_EDGE('',*,*,#4561,.T.);
#6075=ORIENTED_EDGE('',*,*,#4562,.T.);
#6076=ORIENTED_EDGE('',*,*,#4558,.F.);
#6077=ORIENTED_EDGE('',*,*,#4563,.F.);
#6078=ORIENTED_EDGE('',*,*,#4564,.T.);
#6079=ORIENTED_EDGE('',*,*,#4565,.T.);
#6080=ORIENTED_EDGE('',*,*,#4561,.F.);
#6081=ORIENTED_EDGE('',*,*,#4566,.F.);
#6082=ORIENTED_EDGE('',*,*,#4567,.T.);
#6083=ORIENTED_EDGE('',*,*,#4568,.T.);
#6084=ORIENTED_EDGE('',*,*,#4564,.F.);
#6085=ORIENTED_EDGE('',*,*,#4569,.F.);
#6086=ORIENTED_EDGE('',*,*,#4556,.T.);
#6087=ORIENTED_EDGE('',*,*,#4570,.T.);
#6088=ORIENTED_EDGE('',*,*,#4567,.F.);
#6089=ORIENTED_EDGE('',*,*,#4570,.F.);
#6090=ORIENTED_EDGE('',*,*,#4555,.F.);
#6091=ORIENTED_EDGE('',*,*,#4559,.F.);
#6092=ORIENTED_EDGE('',*,*,#4562,.F.);
#6093=ORIENTED_EDGE('',*,*,#4565,.F.);
#6094=ORIENTED_EDGE('',*,*,#4568,.F.);
#6095=ORIENTED_EDGE('',*,*,#4294,.F.);
#6096=ORIENTED_EDGE('',*,*,#4569,.T.);
#6097=ORIENTED_EDGE('',*,*,#4566,.T.);
#6098=ORIENTED_EDGE('',*,*,#4563,.T.);
#6099=ORIENTED_EDGE('',*,*,#4560,.T.);
#6100=ORIENTED_EDGE('',*,*,#4557,.T.);
#6101=ORIENTED_EDGE('',*,*,#4553,.T.);
#6102=ORIENTED_EDGE('',*,*,#4293,.T.);
#6103=ORIENTED_EDGE('',*,*,#4571,.F.);
#6104=ORIENTED_EDGE('',*,*,#4572,.T.);
#6105=ORIENTED_EDGE('',*,*,#4573,.T.);
#6106=ORIENTED_EDGE('',*,*,#4574,.F.);
#6107=ORIENTED_EDGE('',*,*,#4575,.F.);
#6108=ORIENTED_EDGE('',*,*,#4576,.T.);
#6109=ORIENTED_EDGE('',*,*,#4577,.T.);
#6110=ORIENTED_EDGE('',*,*,#4572,.F.);
#6111=ORIENTED_EDGE('',*,*,#4578,.F.);
#6112=ORIENTED_EDGE('',*,*,#4579,.T.);
#6113=ORIENTED_EDGE('',*,*,#4580,.T.);
#6114=ORIENTED_EDGE('',*,*,#4576,.F.);
#6115=ORIENTED_EDGE('',*,*,#4581,.F.);
#6116=ORIENTED_EDGE('',*,*,#4582,.T.);
#6117=ORIENTED_EDGE('',*,*,#4583,.T.);
#6118=ORIENTED_EDGE('',*,*,#4579,.F.);
#6119=ORIENTED_EDGE('',*,*,#4584,.F.);
#6120=ORIENTED_EDGE('',*,*,#4585,.T.);
#6121=ORIENTED_EDGE('',*,*,#4586,.T.);
#6122=ORIENTED_EDGE('',*,*,#4582,.F.);
#6123=ORIENTED_EDGE('',*,*,#4587,.F.);
#6124=ORIENTED_EDGE('',*,*,#4574,.T.);
#6125=ORIENTED_EDGE('',*,*,#4588,.T.);
#6126=ORIENTED_EDGE('',*,*,#4585,.F.);
#6127=ORIENTED_EDGE('',*,*,#4588,.F.);
#6128=ORIENTED_EDGE('',*,*,#4573,.F.);
#6129=ORIENTED_EDGE('',*,*,#4577,.F.);
#6130=ORIENTED_EDGE('',*,*,#4580,.F.);
#6131=ORIENTED_EDGE('',*,*,#4583,.F.);
#6132=ORIENTED_EDGE('',*,*,#4586,.F.);
#6133=ORIENTED_EDGE('',*,*,#4288,.F.);
#6134=ORIENTED_EDGE('',*,*,#4587,.T.);
#6135=ORIENTED_EDGE('',*,*,#4584,.T.);
#6136=ORIENTED_EDGE('',*,*,#4581,.T.);
#6137=ORIENTED_EDGE('',*,*,#4578,.T.);
#6138=ORIENTED_EDGE('',*,*,#4575,.T.);
#6139=ORIENTED_EDGE('',*,*,#4571,.T.);
#6140=ORIENTED_EDGE('',*,*,#4287,.T.);
#6141=ORIENTED_EDGE('',*,*,#4589,.T.);
#6142=ORIENTED_EDGE('',*,*,#4590,.T.);
#6143=ORIENTED_EDGE('',*,*,#4591,.F.);
#6144=ORIENTED_EDGE('',*,*,#4592,.F.);
#6145=ORIENTED_EDGE('',*,*,#4593,.T.);
#6146=ORIENTED_EDGE('',*,*,#4592,.T.);
#6147=ORIENTED_EDGE('',*,*,#4594,.F.);
#6148=ORIENTED_EDGE('',*,*,#4595,.F.);
#6149=ORIENTED_EDGE('',*,*,#4596,.T.);
#6150=ORIENTED_EDGE('',*,*,#4595,.T.);
#6151=ORIENTED_EDGE('',*,*,#4597,.F.);
#6152=ORIENTED_EDGE('',*,*,#4598,.F.);
#6153=ORIENTED_EDGE('',*,*,#4599,.T.);
#6154=ORIENTED_EDGE('',*,*,#4598,.T.);
#6155=ORIENTED_EDGE('',*,*,#4600,.F.);
#6156=ORIENTED_EDGE('',*,*,#4601,.F.);
#6157=ORIENTED_EDGE('',*,*,#4602,.T.);
#6158=ORIENTED_EDGE('',*,*,#4601,.T.);
#6159=ORIENTED_EDGE('',*,*,#4603,.F.);
#6160=ORIENTED_EDGE('',*,*,#4604,.F.);
#6161=ORIENTED_EDGE('',*,*,#4605,.T.);
#6162=ORIENTED_EDGE('',*,*,#4604,.T.);
#6163=ORIENTED_EDGE('',*,*,#4606,.F.);
#6164=ORIENTED_EDGE('',*,*,#4607,.F.);
#6165=ORIENTED_EDGE('',*,*,#4608,.T.);
#6166=ORIENTED_EDGE('',*,*,#4607,.T.);
#6167=ORIENTED_EDGE('',*,*,#4609,.F.);
#6168=ORIENTED_EDGE('',*,*,#4610,.F.);
#6169=ORIENTED_EDGE('',*,*,#4611,.T.);
#6170=ORIENTED_EDGE('',*,*,#4610,.T.);
#6171=ORIENTED_EDGE('',*,*,#4612,.F.);
#6172=ORIENTED_EDGE('',*,*,#4613,.F.);
#6173=ORIENTED_EDGE('',*,*,#4614,.T.);
#6174=ORIENTED_EDGE('',*,*,#4613,.T.);
#6175=ORIENTED_EDGE('',*,*,#4615,.F.);
#6176=ORIENTED_EDGE('',*,*,#4616,.F.);
#6177=ORIENTED_EDGE('',*,*,#4617,.T.);
#6178=ORIENTED_EDGE('',*,*,#4616,.T.);
#6179=ORIENTED_EDGE('',*,*,#4618,.F.);
#6180=ORIENTED_EDGE('',*,*,#4619,.F.);
#6181=ORIENTED_EDGE('',*,*,#4620,.T.);
#6182=ORIENTED_EDGE('',*,*,#4619,.T.);
#6183=ORIENTED_EDGE('',*,*,#4621,.F.);
#6184=ORIENTED_EDGE('',*,*,#4622,.F.);
#6185=ORIENTED_EDGE('',*,*,#4623,.T.);
#6186=ORIENTED_EDGE('',*,*,#4622,.T.);
#6187=ORIENTED_EDGE('',*,*,#4624,.F.);
#6188=ORIENTED_EDGE('',*,*,#4590,.F.);
#6189=ORIENTED_EDGE('',*,*,#4623,.F.);
#6190=ORIENTED_EDGE('',*,*,#4589,.F.);
#6191=ORIENTED_EDGE('',*,*,#4593,.F.);
#6192=ORIENTED_EDGE('',*,*,#4596,.F.);
#6193=ORIENTED_EDGE('',*,*,#4599,.F.);
#6194=ORIENTED_EDGE('',*,*,#4602,.F.);
#6195=ORIENTED_EDGE('',*,*,#4605,.F.);
#6196=ORIENTED_EDGE('',*,*,#4608,.F.);
#6197=ORIENTED_EDGE('',*,*,#4611,.F.);
#6198=ORIENTED_EDGE('',*,*,#4614,.F.);
#6199=ORIENTED_EDGE('',*,*,#4617,.F.);
#6200=ORIENTED_EDGE('',*,*,#4620,.F.);
#6201=ORIENTED_EDGE('',*,*,#4624,.T.);
#6202=ORIENTED_EDGE('',*,*,#4621,.T.);
#6203=ORIENTED_EDGE('',*,*,#4618,.T.);
#6204=ORIENTED_EDGE('',*,*,#4615,.T.);
#6205=ORIENTED_EDGE('',*,*,#4612,.T.);
#6206=ORIENTED_EDGE('',*,*,#4609,.T.);
#6207=ORIENTED_EDGE('',*,*,#4606,.T.);
#6208=ORIENTED_EDGE('',*,*,#4603,.T.);
#6209=ORIENTED_EDGE('',*,*,#4600,.T.);
#6210=ORIENTED_EDGE('',*,*,#4597,.T.);
#6211=ORIENTED_EDGE('',*,*,#4594,.T.);
#6212=ORIENTED_EDGE('',*,*,#4591,.T.);
#6213=ORIENTED_EDGE('',*,*,#4625,.T.);
#6214=ORIENTED_EDGE('',*,*,#4626,.T.);
#6215=ORIENTED_EDGE('',*,*,#4627,.F.);
#6216=ORIENTED_EDGE('',*,*,#4628,.F.);
#6217=ORIENTED_EDGE('',*,*,#4629,.T.);
#6218=ORIENTED_EDGE('',*,*,#4628,.T.);
#6219=ORIENTED_EDGE('',*,*,#4630,.F.);
#6220=ORIENTED_EDGE('',*,*,#4631,.F.);
#6221=ORIENTED_EDGE('',*,*,#4632,.T.);
#6222=ORIENTED_EDGE('',*,*,#4631,.T.);
#6223=ORIENTED_EDGE('',*,*,#4633,.F.);
#6224=ORIENTED_EDGE('',*,*,#4634,.F.);
#6225=ORIENTED_EDGE('',*,*,#4635,.T.);
#6226=ORIENTED_EDGE('',*,*,#4634,.T.);
#6227=ORIENTED_EDGE('',*,*,#4636,.F.);
#6228=ORIENTED_EDGE('',*,*,#4637,.F.);
#6229=ORIENTED_EDGE('',*,*,#4638,.T.);
#6230=ORIENTED_EDGE('',*,*,#4637,.T.);
#6231=ORIENTED_EDGE('',*,*,#4639,.F.);
#6232=ORIENTED_EDGE('',*,*,#4640,.F.);
#6233=ORIENTED_EDGE('',*,*,#4641,.T.);
#6234=ORIENTED_EDGE('',*,*,#4640,.T.);
#6235=ORIENTED_EDGE('',*,*,#4642,.F.);
#6236=ORIENTED_EDGE('',*,*,#4643,.F.);
#6237=ORIENTED_EDGE('',*,*,#4644,.T.);
#6238=ORIENTED_EDGE('',*,*,#4643,.T.);
#6239=ORIENTED_EDGE('',*,*,#4645,.F.);
#6240=ORIENTED_EDGE('',*,*,#4646,.F.);
#6241=ORIENTED_EDGE('',*,*,#4647,.T.);
#6242=ORIENTED_EDGE('',*,*,#4646,.T.);
#6243=ORIENTED_EDGE('',*,*,#4648,.F.);
#6244=ORIENTED_EDGE('',*,*,#4649,.F.);
#6245=ORIENTED_EDGE('',*,*,#4650,.T.);
#6246=ORIENTED_EDGE('',*,*,#4649,.T.);
#6247=ORIENTED_EDGE('',*,*,#4651,.F.);
#6248=ORIENTED_EDGE('',*,*,#4652,.F.);
#6249=ORIENTED_EDGE('',*,*,#4653,.T.);
#6250=ORIENTED_EDGE('',*,*,#4652,.T.);
#6251=ORIENTED_EDGE('',*,*,#4654,.F.);
#6252=ORIENTED_EDGE('',*,*,#4655,.F.);
#6253=ORIENTED_EDGE('',*,*,#4656,.T.);
#6254=ORIENTED_EDGE('',*,*,#4655,.T.);
#6255=ORIENTED_EDGE('',*,*,#4657,.F.);
#6256=ORIENTED_EDGE('',*,*,#4658,.F.);
#6257=ORIENTED_EDGE('',*,*,#4659,.T.);
#6258=ORIENTED_EDGE('',*,*,#4658,.T.);
#6259=ORIENTED_EDGE('',*,*,#4660,.F.);
#6260=ORIENTED_EDGE('',*,*,#4626,.F.);
#6261=ORIENTED_EDGE('',*,*,#4659,.F.);
#6262=ORIENTED_EDGE('',*,*,#4625,.F.);
#6263=ORIENTED_EDGE('',*,*,#4629,.F.);
#6264=ORIENTED_EDGE('',*,*,#4632,.F.);
#6265=ORIENTED_EDGE('',*,*,#4635,.F.);
#6266=ORIENTED_EDGE('',*,*,#4638,.F.);
#6267=ORIENTED_EDGE('',*,*,#4641,.F.);
#6268=ORIENTED_EDGE('',*,*,#4644,.F.);
#6269=ORIENTED_EDGE('',*,*,#4647,.F.);
#6270=ORIENTED_EDGE('',*,*,#4650,.F.);
#6271=ORIENTED_EDGE('',*,*,#4653,.F.);
#6272=ORIENTED_EDGE('',*,*,#4656,.F.);
#6273=ORIENTED_EDGE('',*,*,#4660,.T.);
#6274=ORIENTED_EDGE('',*,*,#4657,.T.);
#6275=ORIENTED_EDGE('',*,*,#4654,.T.);
#6276=ORIENTED_EDGE('',*,*,#4651,.T.);
#6277=ORIENTED_EDGE('',*,*,#4648,.T.);
#6278=ORIENTED_EDGE('',*,*,#4645,.T.);
#6279=ORIENTED_EDGE('',*,*,#4642,.T.);
#6280=ORIENTED_EDGE('',*,*,#4639,.T.);
#6281=ORIENTED_EDGE('',*,*,#4636,.T.);
#6282=ORIENTED_EDGE('',*,*,#4633,.T.);
#6283=ORIENTED_EDGE('',*,*,#4630,.T.);
#6284=ORIENTED_EDGE('',*,*,#4627,.T.);
#6285=ORIENTED_EDGE('',*,*,#4661,.F.);
#6286=ORIENTED_EDGE('',*,*,#4662,.T.);
#6287=ORIENTED_EDGE('',*,*,#4663,.F.);
#6288=ORIENTED_EDGE('',*,*,#4664,.F.);
#6289=ORIENTED_EDGE('',*,*,#4665,.F.);
#6290=ORIENTED_EDGE('',*,*,#4664,.T.);
#6291=ORIENTED_EDGE('',*,*,#4666,.F.);
#6292=ORIENTED_EDGE('',*,*,#4667,.F.);
#6293=ORIENTED_EDGE('',*,*,#4668,.F.);
#6294=ORIENTED_EDGE('',*,*,#4667,.T.);
#6295=ORIENTED_EDGE('',*,*,#4669,.F.);
#6296=ORIENTED_EDGE('',*,*,#4670,.F.);
#6297=ORIENTED_EDGE('',*,*,#4671,.F.);
#6298=ORIENTED_EDGE('',*,*,#4670,.T.);
#6299=ORIENTED_EDGE('',*,*,#4672,.F.);
#6300=ORIENTED_EDGE('',*,*,#4662,.F.);
#6301=ORIENTED_EDGE('',*,*,#4673,.T.);
#6302=ORIENTED_EDGE('',*,*,#4674,.T.);
#6303=ORIENTED_EDGE('',*,*,#4675,.F.);
#6304=ORIENTED_EDGE('',*,*,#4676,.F.);
#6305=ORIENTED_EDGE('',*,*,#4677,.T.);
#6306=ORIENTED_EDGE('',*,*,#4676,.T.);
#6307=ORIENTED_EDGE('',*,*,#4678,.F.);
#6308=ORIENTED_EDGE('',*,*,#4679,.F.);
#6309=ORIENTED_EDGE('',*,*,#4680,.T.);
#6310=ORIENTED_EDGE('',*,*,#4679,.T.);
#6311=ORIENTED_EDGE('',*,*,#4681,.F.);
#6312=ORIENTED_EDGE('',*,*,#4682,.F.);
#6313=ORIENTED_EDGE('',*,*,#4683,.T.);
#6314=ORIENTED_EDGE('',*,*,#4682,.T.);
#6315=ORIENTED_EDGE('',*,*,#4684,.F.);
#6316=ORIENTED_EDGE('',*,*,#4685,.F.);
#6317=ORIENTED_EDGE('',*,*,#4686,.T.);
#6318=ORIENTED_EDGE('',*,*,#4685,.T.);
#6319=ORIENTED_EDGE('',*,*,#4687,.F.);
#6320=ORIENTED_EDGE('',*,*,#4688,.F.);
#6321=ORIENTED_EDGE('',*,*,#4689,.T.);
#6322=ORIENTED_EDGE('',*,*,#4688,.T.);
#6323=ORIENTED_EDGE('',*,*,#4690,.F.);
#6324=ORIENTED_EDGE('',*,*,#4691,.F.);
#6325=ORIENTED_EDGE('',*,*,#4692,.T.);
#6326=ORIENTED_EDGE('',*,*,#4691,.T.);
#6327=ORIENTED_EDGE('',*,*,#4693,.F.);
#6328=ORIENTED_EDGE('',*,*,#4694,.F.);
#6329=ORIENTED_EDGE('',*,*,#4695,.T.);
#6330=ORIENTED_EDGE('',*,*,#4694,.T.);
#6331=ORIENTED_EDGE('',*,*,#4696,.F.);
#6332=ORIENTED_EDGE('',*,*,#4697,.F.);
#6333=ORIENTED_EDGE('',*,*,#4698,.T.);
#6334=ORIENTED_EDGE('',*,*,#4697,.T.);
#6335=ORIENTED_EDGE('',*,*,#4699,.F.);
#6336=ORIENTED_EDGE('',*,*,#4700,.F.);
#6337=ORIENTED_EDGE('',*,*,#4701,.T.);
#6338=ORIENTED_EDGE('',*,*,#4700,.T.);
#6339=ORIENTED_EDGE('',*,*,#4702,.F.);
#6340=ORIENTED_EDGE('',*,*,#4703,.F.);
#6341=ORIENTED_EDGE('',*,*,#4704,.T.);
#6342=ORIENTED_EDGE('',*,*,#4703,.T.);
#6343=ORIENTED_EDGE('',*,*,#4705,.F.);
#6344=ORIENTED_EDGE('',*,*,#4706,.F.);
#6345=ORIENTED_EDGE('',*,*,#4707,.T.);
#6346=ORIENTED_EDGE('',*,*,#4706,.T.);
#6347=ORIENTED_EDGE('',*,*,#4708,.F.);
#6348=ORIENTED_EDGE('',*,*,#4709,.F.);
#6349=ORIENTED_EDGE('',*,*,#4710,.T.);
#6350=ORIENTED_EDGE('',*,*,#4709,.T.);
#6351=ORIENTED_EDGE('',*,*,#4711,.F.);
#6352=ORIENTED_EDGE('',*,*,#4712,.F.);
#6353=ORIENTED_EDGE('',*,*,#4713,.T.);
#6354=ORIENTED_EDGE('',*,*,#4712,.T.);
#6355=ORIENTED_EDGE('',*,*,#4714,.F.);
#6356=ORIENTED_EDGE('',*,*,#4674,.F.);
#6357=ORIENTED_EDGE('',*,*,#4713,.F.);
#6358=ORIENTED_EDGE('',*,*,#4673,.F.);
#6359=ORIENTED_EDGE('',*,*,#4677,.F.);
#6360=ORIENTED_EDGE('',*,*,#4680,.F.);
#6361=ORIENTED_EDGE('',*,*,#4683,.F.);
#6362=ORIENTED_EDGE('',*,*,#4686,.F.);
#6363=ORIENTED_EDGE('',*,*,#4689,.F.);
#6364=ORIENTED_EDGE('',*,*,#4692,.F.);
#6365=ORIENTED_EDGE('',*,*,#4695,.F.);
#6366=ORIENTED_EDGE('',*,*,#4698,.F.);
#6367=ORIENTED_EDGE('',*,*,#4701,.F.);
#6368=ORIENTED_EDGE('',*,*,#4704,.F.);
#6369=ORIENTED_EDGE('',*,*,#4707,.F.);
#6370=ORIENTED_EDGE('',*,*,#4710,.F.);
#6371=ORIENTED_EDGE('',*,*,#4671,.T.);
#6372=ORIENTED_EDGE('',*,*,#4661,.T.);
#6373=ORIENTED_EDGE('',*,*,#4665,.T.);
#6374=ORIENTED_EDGE('',*,*,#4668,.T.);
#6375=ORIENTED_EDGE('',*,*,#4714,.T.);
#6376=ORIENTED_EDGE('',*,*,#4711,.T.);
#6377=ORIENTED_EDGE('',*,*,#4708,.T.);
#6378=ORIENTED_EDGE('',*,*,#4705,.T.);
#6379=ORIENTED_EDGE('',*,*,#4702,.T.);
#6380=ORIENTED_EDGE('',*,*,#4699,.T.);
#6381=ORIENTED_EDGE('',*,*,#4696,.T.);
#6382=ORIENTED_EDGE('',*,*,#4693,.T.);
#6383=ORIENTED_EDGE('',*,*,#4690,.T.);
#6384=ORIENTED_EDGE('',*,*,#4687,.T.);
#6385=ORIENTED_EDGE('',*,*,#4684,.T.);
#6386=ORIENTED_EDGE('',*,*,#4681,.T.);
#6387=ORIENTED_EDGE('',*,*,#4678,.T.);
#6388=ORIENTED_EDGE('',*,*,#4675,.T.);
#6389=ORIENTED_EDGE('',*,*,#4672,.T.);
#6390=ORIENTED_EDGE('',*,*,#4669,.T.);
#6391=ORIENTED_EDGE('',*,*,#4666,.T.);
#6392=ORIENTED_EDGE('',*,*,#4663,.T.);
#6393=ORIENTED_EDGE('',*,*,#4715,.F.);
#6394=ORIENTED_EDGE('',*,*,#4716,.T.);
#6395=ORIENTED_EDGE('',*,*,#4717,.F.);
#6396=ORIENTED_EDGE('',*,*,#4718,.F.);
#6397=ORIENTED_EDGE('',*,*,#4719,.F.);
#6398=ORIENTED_EDGE('',*,*,#4718,.T.);
#6399=ORIENTED_EDGE('',*,*,#4720,.F.);
#6400=ORIENTED_EDGE('',*,*,#4721,.F.);
#6401=ORIENTED_EDGE('',*,*,#4722,.F.);
#6402=ORIENTED_EDGE('',*,*,#4721,.T.);
#6403=ORIENTED_EDGE('',*,*,#4723,.F.);
#6404=ORIENTED_EDGE('',*,*,#4724,.F.);
#6405=ORIENTED_EDGE('',*,*,#4725,.F.);
#6406=ORIENTED_EDGE('',*,*,#4724,.T.);
#6407=ORIENTED_EDGE('',*,*,#4726,.F.);
#6408=ORIENTED_EDGE('',*,*,#4716,.F.);
#6409=ORIENTED_EDGE('',*,*,#4727,.T.);
#6410=ORIENTED_EDGE('',*,*,#4728,.T.);
#6411=ORIENTED_EDGE('',*,*,#4729,.F.);
#6412=ORIENTED_EDGE('',*,*,#4730,.F.);
#6413=ORIENTED_EDGE('',*,*,#4731,.T.);
#6414=ORIENTED_EDGE('',*,*,#4730,.T.);
#6415=ORIENTED_EDGE('',*,*,#4732,.F.);
#6416=ORIENTED_EDGE('',*,*,#4733,.F.);
#6417=ORIENTED_EDGE('',*,*,#4734,.T.);
#6418=ORIENTED_EDGE('',*,*,#4733,.T.);
#6419=ORIENTED_EDGE('',*,*,#4735,.F.);
#6420=ORIENTED_EDGE('',*,*,#4736,.F.);
#6421=ORIENTED_EDGE('',*,*,#4737,.T.);
#6422=ORIENTED_EDGE('',*,*,#4736,.T.);
#6423=ORIENTED_EDGE('',*,*,#4738,.F.);
#6424=ORIENTED_EDGE('',*,*,#4739,.F.);
#6425=ORIENTED_EDGE('',*,*,#4740,.T.);
#6426=ORIENTED_EDGE('',*,*,#4739,.T.);
#6427=ORIENTED_EDGE('',*,*,#4741,.F.);
#6428=ORIENTED_EDGE('',*,*,#4742,.F.);
#6429=ORIENTED_EDGE('',*,*,#4743,.T.);
#6430=ORIENTED_EDGE('',*,*,#4742,.T.);
#6431=ORIENTED_EDGE('',*,*,#4744,.F.);
#6432=ORIENTED_EDGE('',*,*,#4745,.F.);
#6433=ORIENTED_EDGE('',*,*,#4746,.T.);
#6434=ORIENTED_EDGE('',*,*,#4745,.T.);
#6435=ORIENTED_EDGE('',*,*,#4747,.F.);
#6436=ORIENTED_EDGE('',*,*,#4748,.F.);
#6437=ORIENTED_EDGE('',*,*,#4749,.T.);
#6438=ORIENTED_EDGE('',*,*,#4748,.T.);
#6439=ORIENTED_EDGE('',*,*,#4750,.F.);
#6440=ORIENTED_EDGE('',*,*,#4751,.F.);
#6441=ORIENTED_EDGE('',*,*,#4752,.T.);
#6442=ORIENTED_EDGE('',*,*,#4751,.T.);
#6443=ORIENTED_EDGE('',*,*,#4753,.F.);
#6444=ORIENTED_EDGE('',*,*,#4754,.F.);
#6445=ORIENTED_EDGE('',*,*,#4755,.T.);
#6446=ORIENTED_EDGE('',*,*,#4754,.T.);
#6447=ORIENTED_EDGE('',*,*,#4756,.F.);
#6448=ORIENTED_EDGE('',*,*,#4757,.F.);
#6449=ORIENTED_EDGE('',*,*,#4758,.T.);
#6450=ORIENTED_EDGE('',*,*,#4757,.T.);
#6451=ORIENTED_EDGE('',*,*,#4759,.F.);
#6452=ORIENTED_EDGE('',*,*,#4760,.F.);
#6453=ORIENTED_EDGE('',*,*,#4761,.T.);
#6454=ORIENTED_EDGE('',*,*,#4760,.T.);
#6455=ORIENTED_EDGE('',*,*,#4762,.F.);
#6456=ORIENTED_EDGE('',*,*,#4728,.F.);
#6457=ORIENTED_EDGE('',*,*,#4761,.F.);
#6458=ORIENTED_EDGE('',*,*,#4727,.F.);
#6459=ORIENTED_EDGE('',*,*,#4731,.F.);
#6460=ORIENTED_EDGE('',*,*,#4734,.F.);
#6461=ORIENTED_EDGE('',*,*,#4737,.F.);
#6462=ORIENTED_EDGE('',*,*,#4740,.F.);
#6463=ORIENTED_EDGE('',*,*,#4743,.F.);
#6464=ORIENTED_EDGE('',*,*,#4746,.F.);
#6465=ORIENTED_EDGE('',*,*,#4749,.F.);
#6466=ORIENTED_EDGE('',*,*,#4752,.F.);
#6467=ORIENTED_EDGE('',*,*,#4755,.F.);
#6468=ORIENTED_EDGE('',*,*,#4758,.F.);
#6469=ORIENTED_EDGE('',*,*,#4725,.T.);
#6470=ORIENTED_EDGE('',*,*,#4715,.T.);
#6471=ORIENTED_EDGE('',*,*,#4719,.T.);
#6472=ORIENTED_EDGE('',*,*,#4722,.T.);
#6473=ORIENTED_EDGE('',*,*,#4762,.T.);
#6474=ORIENTED_EDGE('',*,*,#4759,.T.);
#6475=ORIENTED_EDGE('',*,*,#4756,.T.);
#6476=ORIENTED_EDGE('',*,*,#4753,.T.);
#6477=ORIENTED_EDGE('',*,*,#4750,.T.);
#6478=ORIENTED_EDGE('',*,*,#4747,.T.);
#6479=ORIENTED_EDGE('',*,*,#4744,.T.);
#6480=ORIENTED_EDGE('',*,*,#4741,.T.);
#6481=ORIENTED_EDGE('',*,*,#4738,.T.);
#6482=ORIENTED_EDGE('',*,*,#4735,.T.);
#6483=ORIENTED_EDGE('',*,*,#4732,.T.);
#6484=ORIENTED_EDGE('',*,*,#4729,.T.);
#6485=ORIENTED_EDGE('',*,*,#4726,.T.);
#6486=ORIENTED_EDGE('',*,*,#4723,.T.);
#6487=ORIENTED_EDGE('',*,*,#4720,.T.);
#6488=ORIENTED_EDGE('',*,*,#4717,.T.);
#6489=ORIENTED_EDGE('',*,*,#4763,.T.);
#6490=ORIENTED_EDGE('',*,*,#4764,.T.);
#6491=ORIENTED_EDGE('',*,*,#4765,.F.);
#6492=ORIENTED_EDGE('',*,*,#4766,.F.);
#6493=ORIENTED_EDGE('',*,*,#4767,.T.);
#6494=ORIENTED_EDGE('',*,*,#4766,.T.);
#6495=ORIENTED_EDGE('',*,*,#4768,.F.);
#6496=ORIENTED_EDGE('',*,*,#4769,.F.);
#6497=ORIENTED_EDGE('',*,*,#4770,.T.);
#6498=ORIENTED_EDGE('',*,*,#4769,.T.);
#6499=ORIENTED_EDGE('',*,*,#4771,.F.);
#6500=ORIENTED_EDGE('',*,*,#4772,.F.);
#6501=ORIENTED_EDGE('',*,*,#4773,.T.);
#6502=ORIENTED_EDGE('',*,*,#4772,.T.);
#6503=ORIENTED_EDGE('',*,*,#4774,.F.);
#6504=ORIENTED_EDGE('',*,*,#4775,.F.);
#6505=ORIENTED_EDGE('',*,*,#4776,.T.);
#6506=ORIENTED_EDGE('',*,*,#4775,.T.);
#6507=ORIENTED_EDGE('',*,*,#4777,.F.);
#6508=ORIENTED_EDGE('',*,*,#4778,.F.);
#6509=ORIENTED_EDGE('',*,*,#4779,.T.);
#6510=ORIENTED_EDGE('',*,*,#4778,.T.);
#6511=ORIENTED_EDGE('',*,*,#4780,.F.);
#6512=ORIENTED_EDGE('',*,*,#4781,.F.);
#6513=ORIENTED_EDGE('',*,*,#4782,.T.);
#6514=ORIENTED_EDGE('',*,*,#4781,.T.);
#6515=ORIENTED_EDGE('',*,*,#4783,.F.);
#6516=ORIENTED_EDGE('',*,*,#4784,.F.);
#6517=ORIENTED_EDGE('',*,*,#4785,.T.);
#6518=ORIENTED_EDGE('',*,*,#4784,.T.);
#6519=ORIENTED_EDGE('',*,*,#4786,.F.);
#6520=ORIENTED_EDGE('',*,*,#4787,.F.);
#6521=ORIENTED_EDGE('',*,*,#4788,.T.);
#6522=ORIENTED_EDGE('',*,*,#4787,.T.);
#6523=ORIENTED_EDGE('',*,*,#4789,.F.);
#6524=ORIENTED_EDGE('',*,*,#4790,.F.);
#6525=ORIENTED_EDGE('',*,*,#4791,.T.);
#6526=ORIENTED_EDGE('',*,*,#4790,.T.);
#6527=ORIENTED_EDGE('',*,*,#4792,.F.);
#6528=ORIENTED_EDGE('',*,*,#4793,.F.);
#6529=ORIENTED_EDGE('',*,*,#4794,.T.);
#6530=ORIENTED_EDGE('',*,*,#4793,.T.);
#6531=ORIENTED_EDGE('',*,*,#4795,.F.);
#6532=ORIENTED_EDGE('',*,*,#4796,.F.);
#6533=ORIENTED_EDGE('',*,*,#4797,.T.);
#6534=ORIENTED_EDGE('',*,*,#4796,.T.);
#6535=ORIENTED_EDGE('',*,*,#4798,.F.);
#6536=ORIENTED_EDGE('',*,*,#4764,.F.);
#6537=ORIENTED_EDGE('',*,*,#4797,.F.);
#6538=ORIENTED_EDGE('',*,*,#4763,.F.);
#6539=ORIENTED_EDGE('',*,*,#4767,.F.);
#6540=ORIENTED_EDGE('',*,*,#4770,.F.);
#6541=ORIENTED_EDGE('',*,*,#4773,.F.);
#6542=ORIENTED_EDGE('',*,*,#4776,.F.);
#6543=ORIENTED_EDGE('',*,*,#4779,.F.);
#6544=ORIENTED_EDGE('',*,*,#4782,.F.);
#6545=ORIENTED_EDGE('',*,*,#4785,.F.);
#6546=ORIENTED_EDGE('',*,*,#4788,.F.);
#6547=ORIENTED_EDGE('',*,*,#4791,.F.);
#6548=ORIENTED_EDGE('',*,*,#4794,.F.);
#6549=ORIENTED_EDGE('',*,*,#4798,.T.);
#6550=ORIENTED_EDGE('',*,*,#4795,.T.);
#6551=ORIENTED_EDGE('',*,*,#4792,.T.);
#6552=ORIENTED_EDGE('',*,*,#4789,.T.);
#6553=ORIENTED_EDGE('',*,*,#4786,.T.);
#6554=ORIENTED_EDGE('',*,*,#4783,.T.);
#6555=ORIENTED_EDGE('',*,*,#4780,.T.);
#6556=ORIENTED_EDGE('',*,*,#4777,.T.);
#6557=ORIENTED_EDGE('',*,*,#4774,.T.);
#6558=ORIENTED_EDGE('',*,*,#4771,.T.);
#6559=ORIENTED_EDGE('',*,*,#4768,.T.);
#6560=ORIENTED_EDGE('',*,*,#4765,.T.);
#6561=ORIENTED_EDGE('',*,*,#4799,.F.);
#6562=ORIENTED_EDGE('',*,*,#4800,.T.);
#6563=ORIENTED_EDGE('',*,*,#4801,.F.);
#6564=ORIENTED_EDGE('',*,*,#4802,.F.);
#6565=ORIENTED_EDGE('',*,*,#4803,.F.);
#6566=ORIENTED_EDGE('',*,*,#4802,.T.);
#6567=ORIENTED_EDGE('',*,*,#4804,.F.);
#6568=ORIENTED_EDGE('',*,*,#4805,.F.);
#6569=ORIENTED_EDGE('',*,*,#4806,.F.);
#6570=ORIENTED_EDGE('',*,*,#4805,.T.);
#6571=ORIENTED_EDGE('',*,*,#4807,.F.);
#6572=ORIENTED_EDGE('',*,*,#4808,.F.);
#6573=ORIENTED_EDGE('',*,*,#4809,.F.);
#6574=ORIENTED_EDGE('',*,*,#4808,.T.);
#6575=ORIENTED_EDGE('',*,*,#4810,.F.);
#6576=ORIENTED_EDGE('',*,*,#4800,.F.);
#6577=ORIENTED_EDGE('',*,*,#4811,.T.);
#6578=ORIENTED_EDGE('',*,*,#4812,.T.);
#6579=ORIENTED_EDGE('',*,*,#4813,.F.);
#6580=ORIENTED_EDGE('',*,*,#4814,.F.);
#6581=ORIENTED_EDGE('',*,*,#4815,.T.);
#6582=ORIENTED_EDGE('',*,*,#4814,.T.);
#6583=ORIENTED_EDGE('',*,*,#4816,.F.);
#6584=ORIENTED_EDGE('',*,*,#4817,.F.);
#6585=ORIENTED_EDGE('',*,*,#4818,.T.);
#6586=ORIENTED_EDGE('',*,*,#4817,.T.);
#6587=ORIENTED_EDGE('',*,*,#4819,.F.);
#6588=ORIENTED_EDGE('',*,*,#4820,.F.);
#6589=ORIENTED_EDGE('',*,*,#4821,.T.);
#6590=ORIENTED_EDGE('',*,*,#4820,.T.);
#6591=ORIENTED_EDGE('',*,*,#4822,.F.);
#6592=ORIENTED_EDGE('',*,*,#4823,.F.);
#6593=ORIENTED_EDGE('',*,*,#4824,.T.);
#6594=ORIENTED_EDGE('',*,*,#4823,.T.);
#6595=ORIENTED_EDGE('',*,*,#4825,.F.);
#6596=ORIENTED_EDGE('',*,*,#4826,.F.);
#6597=ORIENTED_EDGE('',*,*,#4827,.T.);
#6598=ORIENTED_EDGE('',*,*,#4826,.T.);
#6599=ORIENTED_EDGE('',*,*,#4828,.F.);
#6600=ORIENTED_EDGE('',*,*,#4829,.F.);
#6601=ORIENTED_EDGE('',*,*,#4830,.T.);
#6602=ORIENTED_EDGE('',*,*,#4829,.T.);
#6603=ORIENTED_EDGE('',*,*,#4831,.F.);
#6604=ORIENTED_EDGE('',*,*,#4832,.F.);
#6605=ORIENTED_EDGE('',*,*,#4833,.T.);
#6606=ORIENTED_EDGE('',*,*,#4832,.T.);
#6607=ORIENTED_EDGE('',*,*,#4834,.F.);
#6608=ORIENTED_EDGE('',*,*,#4835,.F.);
#6609=ORIENTED_EDGE('',*,*,#4836,.T.);
#6610=ORIENTED_EDGE('',*,*,#4835,.T.);
#6611=ORIENTED_EDGE('',*,*,#4837,.F.);
#6612=ORIENTED_EDGE('',*,*,#4838,.F.);
#6613=ORIENTED_EDGE('',*,*,#4839,.T.);
#6614=ORIENTED_EDGE('',*,*,#4838,.T.);
#6615=ORIENTED_EDGE('',*,*,#4840,.F.);
#6616=ORIENTED_EDGE('',*,*,#4841,.F.);
#6617=ORIENTED_EDGE('',*,*,#4842,.T.);
#6618=ORIENTED_EDGE('',*,*,#4841,.T.);
#6619=ORIENTED_EDGE('',*,*,#4843,.F.);
#6620=ORIENTED_EDGE('',*,*,#4844,.F.);
#6621=ORIENTED_EDGE('',*,*,#4845,.T.);
#6622=ORIENTED_EDGE('',*,*,#4844,.T.);
#6623=ORIENTED_EDGE('',*,*,#4846,.F.);
#6624=ORIENTED_EDGE('',*,*,#4812,.F.);
#6625=ORIENTED_EDGE('',*,*,#4845,.F.);
#6626=ORIENTED_EDGE('',*,*,#4811,.F.);
#6627=ORIENTED_EDGE('',*,*,#4815,.F.);
#6628=ORIENTED_EDGE('',*,*,#4818,.F.);
#6629=ORIENTED_EDGE('',*,*,#4821,.F.);
#6630=ORIENTED_EDGE('',*,*,#4824,.F.);
#6631=ORIENTED_EDGE('',*,*,#4827,.F.);
#6632=ORIENTED_EDGE('',*,*,#4830,.F.);
#6633=ORIENTED_EDGE('',*,*,#4833,.F.);
#6634=ORIENTED_EDGE('',*,*,#4836,.F.);
#6635=ORIENTED_EDGE('',*,*,#4839,.F.);
#6636=ORIENTED_EDGE('',*,*,#4842,.F.);
#6637=ORIENTED_EDGE('',*,*,#4809,.T.);
#6638=ORIENTED_EDGE('',*,*,#4799,.T.);
#6639=ORIENTED_EDGE('',*,*,#4803,.T.);
#6640=ORIENTED_EDGE('',*,*,#4806,.T.);
#6641=ORIENTED_EDGE('',*,*,#4846,.T.);
#6642=ORIENTED_EDGE('',*,*,#4843,.T.);
#6643=ORIENTED_EDGE('',*,*,#4840,.T.);
#6644=ORIENTED_EDGE('',*,*,#4837,.T.);
#6645=ORIENTED_EDGE('',*,*,#4834,.T.);
#6646=ORIENTED_EDGE('',*,*,#4831,.T.);
#6647=ORIENTED_EDGE('',*,*,#4828,.T.);
#6648=ORIENTED_EDGE('',*,*,#4825,.T.);
#6649=ORIENTED_EDGE('',*,*,#4822,.T.);
#6650=ORIENTED_EDGE('',*,*,#4819,.T.);
#6651=ORIENTED_EDGE('',*,*,#4816,.T.);
#6652=ORIENTED_EDGE('',*,*,#4813,.T.);
#6653=ORIENTED_EDGE('',*,*,#4810,.T.);
#6654=ORIENTED_EDGE('',*,*,#4807,.T.);
#6655=ORIENTED_EDGE('',*,*,#4804,.T.);
#6656=ORIENTED_EDGE('',*,*,#4801,.T.);
#6657=ORIENTED_EDGE('',*,*,#4847,.T.);
#6658=ORIENTED_EDGE('',*,*,#4848,.T.);
#6659=ORIENTED_EDGE('',*,*,#4849,.F.);
#6660=ORIENTED_EDGE('',*,*,#4850,.F.);
#6661=ORIENTED_EDGE('',*,*,#4851,.T.);
#6662=ORIENTED_EDGE('',*,*,#4850,.T.);
#6663=ORIENTED_EDGE('',*,*,#4852,.F.);
#6664=ORIENTED_EDGE('',*,*,#4853,.F.);
#6665=ORIENTED_EDGE('',*,*,#4854,.T.);
#6666=ORIENTED_EDGE('',*,*,#4853,.T.);
#6667=ORIENTED_EDGE('',*,*,#4855,.F.);
#6668=ORIENTED_EDGE('',*,*,#4856,.F.);
#6669=ORIENTED_EDGE('',*,*,#4857,.T.);
#6670=ORIENTED_EDGE('',*,*,#4856,.T.);
#6671=ORIENTED_EDGE('',*,*,#4858,.F.);
#6672=ORIENTED_EDGE('',*,*,#4859,.F.);
#6673=ORIENTED_EDGE('',*,*,#4860,.T.);
#6674=ORIENTED_EDGE('',*,*,#4859,.T.);
#6675=ORIENTED_EDGE('',*,*,#4861,.F.);
#6676=ORIENTED_EDGE('',*,*,#4862,.F.);
#6677=ORIENTED_EDGE('',*,*,#4863,.T.);
#6678=ORIENTED_EDGE('',*,*,#4862,.T.);
#6679=ORIENTED_EDGE('',*,*,#4864,.F.);
#6680=ORIENTED_EDGE('',*,*,#4865,.F.);
#6681=ORIENTED_EDGE('',*,*,#4866,.T.);
#6682=ORIENTED_EDGE('',*,*,#4865,.T.);
#6683=ORIENTED_EDGE('',*,*,#4867,.F.);
#6684=ORIENTED_EDGE('',*,*,#4868,.F.);
#6685=ORIENTED_EDGE('',*,*,#4869,.T.);
#6686=ORIENTED_EDGE('',*,*,#4868,.T.);
#6687=ORIENTED_EDGE('',*,*,#4870,.F.);
#6688=ORIENTED_EDGE('',*,*,#4871,.F.);
#6689=ORIENTED_EDGE('',*,*,#4872,.T.);
#6690=ORIENTED_EDGE('',*,*,#4871,.T.);
#6691=ORIENTED_EDGE('',*,*,#4873,.F.);
#6692=ORIENTED_EDGE('',*,*,#4874,.F.);
#6693=ORIENTED_EDGE('',*,*,#4875,.T.);
#6694=ORIENTED_EDGE('',*,*,#4874,.T.);
#6695=ORIENTED_EDGE('',*,*,#4876,.F.);
#6696=ORIENTED_EDGE('',*,*,#4877,.F.);
#6697=ORIENTED_EDGE('',*,*,#4878,.T.);
#6698=ORIENTED_EDGE('',*,*,#4877,.T.);
#6699=ORIENTED_EDGE('',*,*,#4879,.F.);
#6700=ORIENTED_EDGE('',*,*,#4880,.F.);
#6701=ORIENTED_EDGE('',*,*,#4881,.T.);
#6702=ORIENTED_EDGE('',*,*,#4880,.T.);
#6703=ORIENTED_EDGE('',*,*,#4882,.F.);
#6704=ORIENTED_EDGE('',*,*,#4883,.F.);
#6705=ORIENTED_EDGE('',*,*,#4884,.T.);
#6706=ORIENTED_EDGE('',*,*,#4883,.T.);
#6707=ORIENTED_EDGE('',*,*,#4885,.F.);
#6708=ORIENTED_EDGE('',*,*,#4886,.F.);
#6709=ORIENTED_EDGE('',*,*,#4887,.T.);
#6710=ORIENTED_EDGE('',*,*,#4886,.T.);
#6711=ORIENTED_EDGE('',*,*,#4888,.F.);
#6712=ORIENTED_EDGE('',*,*,#4889,.F.);
#6713=ORIENTED_EDGE('',*,*,#4890,.T.);
#6714=ORIENTED_EDGE('',*,*,#4889,.T.);
#6715=ORIENTED_EDGE('',*,*,#4891,.F.);
#6716=ORIENTED_EDGE('',*,*,#4892,.F.);
#6717=ORIENTED_EDGE('',*,*,#4893,.T.);
#6718=ORIENTED_EDGE('',*,*,#4892,.T.);
#6719=ORIENTED_EDGE('',*,*,#4894,.F.);
#6720=ORIENTED_EDGE('',*,*,#4895,.F.);
#6721=ORIENTED_EDGE('',*,*,#4896,.T.);
#6722=ORIENTED_EDGE('',*,*,#4895,.T.);
#6723=ORIENTED_EDGE('',*,*,#4897,.F.);
#6724=ORIENTED_EDGE('',*,*,#4898,.F.);
#6725=ORIENTED_EDGE('',*,*,#4899,.T.);
#6726=ORIENTED_EDGE('',*,*,#4898,.T.);
#6727=ORIENTED_EDGE('',*,*,#4900,.F.);
#6728=ORIENTED_EDGE('',*,*,#4901,.F.);
#6729=ORIENTED_EDGE('',*,*,#4902,.T.);
#6730=ORIENTED_EDGE('',*,*,#4901,.T.);
#6731=ORIENTED_EDGE('',*,*,#4903,.F.);
#6732=ORIENTED_EDGE('',*,*,#4904,.F.);
#6733=ORIENTED_EDGE('',*,*,#4905,.T.);
#6734=ORIENTED_EDGE('',*,*,#4904,.T.);
#6735=ORIENTED_EDGE('',*,*,#4906,.F.);
#6736=ORIENTED_EDGE('',*,*,#4848,.F.);
#6737=ORIENTED_EDGE('',*,*,#4905,.F.);
#6738=ORIENTED_EDGE('',*,*,#4847,.F.);
#6739=ORIENTED_EDGE('',*,*,#4851,.F.);
#6740=ORIENTED_EDGE('',*,*,#4854,.F.);
#6741=ORIENTED_EDGE('',*,*,#4857,.F.);
#6742=ORIENTED_EDGE('',*,*,#4860,.F.);
#6743=ORIENTED_EDGE('',*,*,#4863,.F.);
#6744=ORIENTED_EDGE('',*,*,#4866,.F.);
#6745=ORIENTED_EDGE('',*,*,#4869,.F.);
#6746=ORIENTED_EDGE('',*,*,#4872,.F.);
#6747=ORIENTED_EDGE('',*,*,#4875,.F.);
#6748=ORIENTED_EDGE('',*,*,#4878,.F.);
#6749=ORIENTED_EDGE('',*,*,#4881,.F.);
#6750=ORIENTED_EDGE('',*,*,#4884,.F.);
#6751=ORIENTED_EDGE('',*,*,#4887,.F.);
#6752=ORIENTED_EDGE('',*,*,#4890,.F.);
#6753=ORIENTED_EDGE('',*,*,#4893,.F.);
#6754=ORIENTED_EDGE('',*,*,#4896,.F.);
#6755=ORIENTED_EDGE('',*,*,#4899,.F.);
#6756=ORIENTED_EDGE('',*,*,#4902,.F.);
#6757=ORIENTED_EDGE('',*,*,#4906,.T.);
#6758=ORIENTED_EDGE('',*,*,#4903,.T.);
#6759=ORIENTED_EDGE('',*,*,#4900,.T.);
#6760=ORIENTED_EDGE('',*,*,#4897,.T.);
#6761=ORIENTED_EDGE('',*,*,#4894,.T.);
#6762=ORIENTED_EDGE('',*,*,#4891,.T.);
#6763=ORIENTED_EDGE('',*,*,#4888,.T.);
#6764=ORIENTED_EDGE('',*,*,#4885,.T.);
#6765=ORIENTED_EDGE('',*,*,#4882,.T.);
#6766=ORIENTED_EDGE('',*,*,#4879,.T.);
#6767=ORIENTED_EDGE('',*,*,#4876,.T.);
#6768=ORIENTED_EDGE('',*,*,#4873,.T.);
#6769=ORIENTED_EDGE('',*,*,#4870,.T.);
#6770=ORIENTED_EDGE('',*,*,#4867,.T.);
#6771=ORIENTED_EDGE('',*,*,#4864,.T.);
#6772=ORIENTED_EDGE('',*,*,#4861,.T.);
#6773=ORIENTED_EDGE('',*,*,#4858,.T.);
#6774=ORIENTED_EDGE('',*,*,#4855,.T.);
#6775=ORIENTED_EDGE('',*,*,#4852,.T.);
#6776=ORIENTED_EDGE('',*,*,#4849,.T.);
#6777=ORIENTED_EDGE('',*,*,#4907,.T.);
#6778=ORIENTED_EDGE('',*,*,#4908,.T.);
#6779=ORIENTED_EDGE('',*,*,#4909,.F.);
#6780=ORIENTED_EDGE('',*,*,#4910,.F.);
#6781=ORIENTED_EDGE('',*,*,#4911,.T.);
#6782=ORIENTED_EDGE('',*,*,#4910,.T.);
#6783=ORIENTED_EDGE('',*,*,#4912,.F.);
#6784=ORIENTED_EDGE('',*,*,#4913,.F.);
#6785=ORIENTED_EDGE('',*,*,#4914,.T.);
#6786=ORIENTED_EDGE('',*,*,#4913,.T.);
#6787=ORIENTED_EDGE('',*,*,#4915,.F.);
#6788=ORIENTED_EDGE('',*,*,#4916,.F.);
#6789=ORIENTED_EDGE('',*,*,#4917,.T.);
#6790=ORIENTED_EDGE('',*,*,#4916,.T.);
#6791=ORIENTED_EDGE('',*,*,#4918,.F.);
#6792=ORIENTED_EDGE('',*,*,#4919,.F.);
#6793=ORIENTED_EDGE('',*,*,#4920,.T.);
#6794=ORIENTED_EDGE('',*,*,#4919,.T.);
#6795=ORIENTED_EDGE('',*,*,#4921,.F.);
#6796=ORIENTED_EDGE('',*,*,#4922,.F.);
#6797=ORIENTED_EDGE('',*,*,#4923,.T.);
#6798=ORIENTED_EDGE('',*,*,#4922,.T.);
#6799=ORIENTED_EDGE('',*,*,#4924,.F.);
#6800=ORIENTED_EDGE('',*,*,#4925,.F.);
#6801=ORIENTED_EDGE('',*,*,#4926,.T.);
#6802=ORIENTED_EDGE('',*,*,#4925,.T.);
#6803=ORIENTED_EDGE('',*,*,#4927,.F.);
#6804=ORIENTED_EDGE('',*,*,#4928,.F.);
#6805=ORIENTED_EDGE('',*,*,#4929,.T.);
#6806=ORIENTED_EDGE('',*,*,#4928,.T.);
#6807=ORIENTED_EDGE('',*,*,#4930,.F.);
#6808=ORIENTED_EDGE('',*,*,#4931,.F.);
#6809=ORIENTED_EDGE('',*,*,#4932,.T.);
#6810=ORIENTED_EDGE('',*,*,#4931,.T.);
#6811=ORIENTED_EDGE('',*,*,#4933,.F.);
#6812=ORIENTED_EDGE('',*,*,#4934,.F.);
#6813=ORIENTED_EDGE('',*,*,#4935,.T.);
#6814=ORIENTED_EDGE('',*,*,#4934,.T.);
#6815=ORIENTED_EDGE('',*,*,#4936,.F.);
#6816=ORIENTED_EDGE('',*,*,#4937,.F.);
#6817=ORIENTED_EDGE('',*,*,#4938,.T.);
#6818=ORIENTED_EDGE('',*,*,#4937,.T.);
#6819=ORIENTED_EDGE('',*,*,#4939,.F.);
#6820=ORIENTED_EDGE('',*,*,#4940,.F.);
#6821=ORIENTED_EDGE('',*,*,#4941,.T.);
#6822=ORIENTED_EDGE('',*,*,#4940,.T.);
#6823=ORIENTED_EDGE('',*,*,#4942,.F.);
#6824=ORIENTED_EDGE('',*,*,#4943,.F.);
#6825=ORIENTED_EDGE('',*,*,#4944,.T.);
#6826=ORIENTED_EDGE('',*,*,#4943,.T.);
#6827=ORIENTED_EDGE('',*,*,#4945,.F.);
#6828=ORIENTED_EDGE('',*,*,#4946,.F.);
#6829=ORIENTED_EDGE('',*,*,#4947,.T.);
#6830=ORIENTED_EDGE('',*,*,#4946,.T.);
#6831=ORIENTED_EDGE('',*,*,#4948,.F.);
#6832=ORIENTED_EDGE('',*,*,#4949,.F.);
#6833=ORIENTED_EDGE('',*,*,#4950,.T.);
#6834=ORIENTED_EDGE('',*,*,#4949,.T.);
#6835=ORIENTED_EDGE('',*,*,#4951,.F.);
#6836=ORIENTED_EDGE('',*,*,#4952,.F.);
#6837=ORIENTED_EDGE('',*,*,#4953,.T.);
#6838=ORIENTED_EDGE('',*,*,#4952,.T.);
#6839=ORIENTED_EDGE('',*,*,#4954,.F.);
#6840=ORIENTED_EDGE('',*,*,#4955,.F.);
#6841=ORIENTED_EDGE('',*,*,#4956,.T.);
#6842=ORIENTED_EDGE('',*,*,#4955,.T.);
#6843=ORIENTED_EDGE('',*,*,#4957,.F.);
#6844=ORIENTED_EDGE('',*,*,#4958,.F.);
#6845=ORIENTED_EDGE('',*,*,#4959,.T.);
#6846=ORIENTED_EDGE('',*,*,#4958,.T.);
#6847=ORIENTED_EDGE('',*,*,#4960,.F.);
#6848=ORIENTED_EDGE('',*,*,#4961,.F.);
#6849=ORIENTED_EDGE('',*,*,#4962,.T.);
#6850=ORIENTED_EDGE('',*,*,#4961,.T.);
#6851=ORIENTED_EDGE('',*,*,#4963,.F.);
#6852=ORIENTED_EDGE('',*,*,#4964,.F.);
#6853=ORIENTED_EDGE('',*,*,#4965,.T.);
#6854=ORIENTED_EDGE('',*,*,#4964,.T.);
#6855=ORIENTED_EDGE('',*,*,#4966,.F.);
#6856=ORIENTED_EDGE('',*,*,#4908,.F.);
#6857=ORIENTED_EDGE('',*,*,#4965,.F.);
#6858=ORIENTED_EDGE('',*,*,#4907,.F.);
#6859=ORIENTED_EDGE('',*,*,#4911,.F.);
#6860=ORIENTED_EDGE('',*,*,#4914,.F.);
#6861=ORIENTED_EDGE('',*,*,#4917,.F.);
#6862=ORIENTED_EDGE('',*,*,#4920,.F.);
#6863=ORIENTED_EDGE('',*,*,#4923,.F.);
#6864=ORIENTED_EDGE('',*,*,#4926,.F.);
#6865=ORIENTED_EDGE('',*,*,#4929,.F.);
#6866=ORIENTED_EDGE('',*,*,#4932,.F.);
#6867=ORIENTED_EDGE('',*,*,#4935,.F.);
#6868=ORIENTED_EDGE('',*,*,#4938,.F.);
#6869=ORIENTED_EDGE('',*,*,#4941,.F.);
#6870=ORIENTED_EDGE('',*,*,#4944,.F.);
#6871=ORIENTED_EDGE('',*,*,#4947,.F.);
#6872=ORIENTED_EDGE('',*,*,#4950,.F.);
#6873=ORIENTED_EDGE('',*,*,#4953,.F.);
#6874=ORIENTED_EDGE('',*,*,#4956,.F.);
#6875=ORIENTED_EDGE('',*,*,#4959,.F.);
#6876=ORIENTED_EDGE('',*,*,#4962,.F.);
#6877=ORIENTED_EDGE('',*,*,#4966,.T.);
#6878=ORIENTED_EDGE('',*,*,#4963,.T.);
#6879=ORIENTED_EDGE('',*,*,#4960,.T.);
#6880=ORIENTED_EDGE('',*,*,#4957,.T.);
#6881=ORIENTED_EDGE('',*,*,#4954,.T.);
#6882=ORIENTED_EDGE('',*,*,#4951,.T.);
#6883=ORIENTED_EDGE('',*,*,#4948,.T.);
#6884=ORIENTED_EDGE('',*,*,#4945,.T.);
#6885=ORIENTED_EDGE('',*,*,#4942,.T.);
#6886=ORIENTED_EDGE('',*,*,#4939,.T.);
#6887=ORIENTED_EDGE('',*,*,#4936,.T.);
#6888=ORIENTED_EDGE('',*,*,#4933,.T.);
#6889=ORIENTED_EDGE('',*,*,#4930,.T.);
#6890=ORIENTED_EDGE('',*,*,#4927,.T.);
#6891=ORIENTED_EDGE('',*,*,#4924,.T.);
#6892=ORIENTED_EDGE('',*,*,#4921,.T.);
#6893=ORIENTED_EDGE('',*,*,#4918,.T.);
#6894=ORIENTED_EDGE('',*,*,#4915,.T.);
#6895=ORIENTED_EDGE('',*,*,#4912,.T.);
#6896=ORIENTED_EDGE('',*,*,#4909,.T.);
#6897=ORIENTED_EDGE('',*,*,#4967,.T.);
#6898=ORIENTED_EDGE('',*,*,#4968,.T.);
#6899=ORIENTED_EDGE('',*,*,#4969,.F.);
#6900=ORIENTED_EDGE('',*,*,#4970,.F.);
#6901=ORIENTED_EDGE('',*,*,#4971,.T.);
#6902=ORIENTED_EDGE('',*,*,#4970,.T.);
#6903=ORIENTED_EDGE('',*,*,#4972,.F.);
#6904=ORIENTED_EDGE('',*,*,#4973,.F.);
#6905=ORIENTED_EDGE('',*,*,#4974,.T.);
#6906=ORIENTED_EDGE('',*,*,#4973,.T.);
#6907=ORIENTED_EDGE('',*,*,#4975,.F.);
#6908=ORIENTED_EDGE('',*,*,#4976,.F.);
#6909=ORIENTED_EDGE('',*,*,#4977,.T.);
#6910=ORIENTED_EDGE('',*,*,#4976,.T.);
#6911=ORIENTED_EDGE('',*,*,#4978,.F.);
#6912=ORIENTED_EDGE('',*,*,#4979,.F.);
#6913=ORIENTED_EDGE('',*,*,#4980,.T.);
#6914=ORIENTED_EDGE('',*,*,#4979,.T.);
#6915=ORIENTED_EDGE('',*,*,#4981,.F.);
#6916=ORIENTED_EDGE('',*,*,#4982,.F.);
#6917=ORIENTED_EDGE('',*,*,#4983,.T.);
#6918=ORIENTED_EDGE('',*,*,#4982,.T.);
#6919=ORIENTED_EDGE('',*,*,#4984,.F.);
#6920=ORIENTED_EDGE('',*,*,#4985,.F.);
#6921=ORIENTED_EDGE('',*,*,#4986,.T.);
#6922=ORIENTED_EDGE('',*,*,#4985,.T.);
#6923=ORIENTED_EDGE('',*,*,#4987,.F.);
#6924=ORIENTED_EDGE('',*,*,#4988,.F.);
#6925=ORIENTED_EDGE('',*,*,#4989,.T.);
#6926=ORIENTED_EDGE('',*,*,#4988,.T.);
#6927=ORIENTED_EDGE('',*,*,#4990,.F.);
#6928=ORIENTED_EDGE('',*,*,#4968,.F.);
#6929=ORIENTED_EDGE('',*,*,#4989,.F.);
#6930=ORIENTED_EDGE('',*,*,#4967,.F.);
#6931=ORIENTED_EDGE('',*,*,#4971,.F.);
#6932=ORIENTED_EDGE('',*,*,#4974,.F.);
#6933=ORIENTED_EDGE('',*,*,#4977,.F.);
#6934=ORIENTED_EDGE('',*,*,#4980,.F.);
#6935=ORIENTED_EDGE('',*,*,#4983,.F.);
#6936=ORIENTED_EDGE('',*,*,#4986,.F.);
#6937=ORIENTED_EDGE('',*,*,#4990,.T.);
#6938=ORIENTED_EDGE('',*,*,#4987,.T.);
#6939=ORIENTED_EDGE('',*,*,#4984,.T.);
#6940=ORIENTED_EDGE('',*,*,#4981,.T.);
#6941=ORIENTED_EDGE('',*,*,#4978,.T.);
#6942=ORIENTED_EDGE('',*,*,#4975,.T.);
#6943=ORIENTED_EDGE('',*,*,#4972,.T.);
#6944=ORIENTED_EDGE('',*,*,#4969,.T.);
#6945=ORIENTED_EDGE('',*,*,#4991,.T.);
#6946=ORIENTED_EDGE('',*,*,#4992,.T.);
#6947=ORIENTED_EDGE('',*,*,#4993,.F.);
#6948=ORIENTED_EDGE('',*,*,#4994,.F.);
#6949=ORIENTED_EDGE('',*,*,#4995,.T.);
#6950=ORIENTED_EDGE('',*,*,#4994,.T.);
#6951=ORIENTED_EDGE('',*,*,#4996,.F.);
#6952=ORIENTED_EDGE('',*,*,#4997,.F.);
#6953=ORIENTED_EDGE('',*,*,#4998,.T.);
#6954=ORIENTED_EDGE('',*,*,#4997,.T.);
#6955=ORIENTED_EDGE('',*,*,#4999,.F.);
#6956=ORIENTED_EDGE('',*,*,#5000,.F.);
#6957=ORIENTED_EDGE('',*,*,#5001,.T.);
#6958=ORIENTED_EDGE('',*,*,#5000,.T.);
#6959=ORIENTED_EDGE('',*,*,#5002,.F.);
#6960=ORIENTED_EDGE('',*,*,#5003,.F.);
#6961=ORIENTED_EDGE('',*,*,#5004,.T.);
#6962=ORIENTED_EDGE('',*,*,#5003,.T.);
#6963=ORIENTED_EDGE('',*,*,#5005,.F.);
#6964=ORIENTED_EDGE('',*,*,#5006,.F.);
#6965=ORIENTED_EDGE('',*,*,#5007,.T.);
#6966=ORIENTED_EDGE('',*,*,#5006,.T.);
#6967=ORIENTED_EDGE('',*,*,#5008,.F.);
#6968=ORIENTED_EDGE('',*,*,#5009,.F.);
#6969=ORIENTED_EDGE('',*,*,#5010,.T.);
#6970=ORIENTED_EDGE('',*,*,#5009,.T.);
#6971=ORIENTED_EDGE('',*,*,#5011,.F.);
#6972=ORIENTED_EDGE('',*,*,#5012,.F.);
#6973=ORIENTED_EDGE('',*,*,#5013,.T.);
#6974=ORIENTED_EDGE('',*,*,#5012,.T.);
#6975=ORIENTED_EDGE('',*,*,#5014,.F.);
#6976=ORIENTED_EDGE('',*,*,#4992,.F.);
#6977=ORIENTED_EDGE('',*,*,#5013,.F.);
#6978=ORIENTED_EDGE('',*,*,#4991,.F.);
#6979=ORIENTED_EDGE('',*,*,#4995,.F.);
#6980=ORIENTED_EDGE('',*,*,#4998,.F.);
#6981=ORIENTED_EDGE('',*,*,#5001,.F.);
#6982=ORIENTED_EDGE('',*,*,#5004,.F.);
#6983=ORIENTED_EDGE('',*,*,#5007,.F.);
#6984=ORIENTED_EDGE('',*,*,#5010,.F.);
#6985=ORIENTED_EDGE('',*,*,#5014,.T.);
#6986=ORIENTED_EDGE('',*,*,#5011,.T.);
#6987=ORIENTED_EDGE('',*,*,#5008,.T.);
#6988=ORIENTED_EDGE('',*,*,#5005,.T.);
#6989=ORIENTED_EDGE('',*,*,#5002,.T.);
#6990=ORIENTED_EDGE('',*,*,#4999,.T.);
#6991=ORIENTED_EDGE('',*,*,#4996,.T.);
#6992=ORIENTED_EDGE('',*,*,#4993,.T.);
#6993=ORIENTED_EDGE('',*,*,#5015,.T.);
#6994=ORIENTED_EDGE('',*,*,#5016,.T.);
#6995=ORIENTED_EDGE('',*,*,#5017,.F.);
#6996=ORIENTED_EDGE('',*,*,#5018,.F.);
#6997=ORIENTED_EDGE('',*,*,#5019,.T.);
#6998=ORIENTED_EDGE('',*,*,#5018,.T.);
#6999=ORIENTED_EDGE('',*,*,#5020,.F.);
#7000=ORIENTED_EDGE('',*,*,#5021,.F.);
#7001=ORIENTED_EDGE('',*,*,#5022,.T.);
#7002=ORIENTED_EDGE('',*,*,#5021,.T.);
#7003=ORIENTED_EDGE('',*,*,#5023,.F.);
#7004=ORIENTED_EDGE('',*,*,#5024,.F.);
#7005=ORIENTED_EDGE('',*,*,#5025,.T.);
#7006=ORIENTED_EDGE('',*,*,#5024,.T.);
#7007=ORIENTED_EDGE('',*,*,#5026,.F.);
#7008=ORIENTED_EDGE('',*,*,#5027,.F.);
#7009=ORIENTED_EDGE('',*,*,#5028,.T.);
#7010=ORIENTED_EDGE('',*,*,#5027,.T.);
#7011=ORIENTED_EDGE('',*,*,#5029,.F.);
#7012=ORIENTED_EDGE('',*,*,#5030,.F.);
#7013=ORIENTED_EDGE('',*,*,#5031,.T.);
#7014=ORIENTED_EDGE('',*,*,#5030,.T.);
#7015=ORIENTED_EDGE('',*,*,#5032,.F.);
#7016=ORIENTED_EDGE('',*,*,#5033,.F.);
#7017=ORIENTED_EDGE('',*,*,#5034,.T.);
#7018=ORIENTED_EDGE('',*,*,#5033,.T.);
#7019=ORIENTED_EDGE('',*,*,#5035,.F.);
#7020=ORIENTED_EDGE('',*,*,#5036,.F.);
#7021=ORIENTED_EDGE('',*,*,#5037,.T.);
#7022=ORIENTED_EDGE('',*,*,#5036,.T.);
#7023=ORIENTED_EDGE('',*,*,#5038,.F.);
#7024=ORIENTED_EDGE('',*,*,#5039,.F.);
#7025=ORIENTED_EDGE('',*,*,#5040,.T.);
#7026=ORIENTED_EDGE('',*,*,#5039,.T.);
#7027=ORIENTED_EDGE('',*,*,#5041,.F.);
#7028=ORIENTED_EDGE('',*,*,#5042,.F.);
#7029=ORIENTED_EDGE('',*,*,#5043,.T.);
#7030=ORIENTED_EDGE('',*,*,#5042,.T.);
#7031=ORIENTED_EDGE('',*,*,#5044,.F.);
#7032=ORIENTED_EDGE('',*,*,#5045,.F.);
#7033=ORIENTED_EDGE('',*,*,#5046,.T.);
#7034=ORIENTED_EDGE('',*,*,#5045,.T.);
#7035=ORIENTED_EDGE('',*,*,#5047,.F.);
#7036=ORIENTED_EDGE('',*,*,#5048,.F.);
#7037=ORIENTED_EDGE('',*,*,#5049,.T.);
#7038=ORIENTED_EDGE('',*,*,#5048,.T.);
#7039=ORIENTED_EDGE('',*,*,#5050,.F.);
#7040=ORIENTED_EDGE('',*,*,#5051,.F.);
#7041=ORIENTED_EDGE('',*,*,#5052,.T.);
#7042=ORIENTED_EDGE('',*,*,#5051,.T.);
#7043=ORIENTED_EDGE('',*,*,#5053,.F.);
#7044=ORIENTED_EDGE('',*,*,#5054,.F.);
#7045=ORIENTED_EDGE('',*,*,#5055,.T.);
#7046=ORIENTED_EDGE('',*,*,#5054,.T.);
#7047=ORIENTED_EDGE('',*,*,#5056,.F.);
#7048=ORIENTED_EDGE('',*,*,#5057,.F.);
#7049=ORIENTED_EDGE('',*,*,#5058,.T.);
#7050=ORIENTED_EDGE('',*,*,#5057,.T.);
#7051=ORIENTED_EDGE('',*,*,#5059,.F.);
#7052=ORIENTED_EDGE('',*,*,#5060,.F.);
#7053=ORIENTED_EDGE('',*,*,#5061,.T.);
#7054=ORIENTED_EDGE('',*,*,#5060,.T.);
#7055=ORIENTED_EDGE('',*,*,#5062,.F.);
#7056=ORIENTED_EDGE('',*,*,#5063,.F.);
#7057=ORIENTED_EDGE('',*,*,#5064,.T.);
#7058=ORIENTED_EDGE('',*,*,#5063,.T.);
#7059=ORIENTED_EDGE('',*,*,#5065,.F.);
#7060=ORIENTED_EDGE('',*,*,#5066,.F.);
#7061=ORIENTED_EDGE('',*,*,#5067,.T.);
#7062=ORIENTED_EDGE('',*,*,#5066,.T.);
#7063=ORIENTED_EDGE('',*,*,#5068,.F.);
#7064=ORIENTED_EDGE('',*,*,#5069,.F.);
#7065=ORIENTED_EDGE('',*,*,#5070,.T.);
#7066=ORIENTED_EDGE('',*,*,#5069,.T.);
#7067=ORIENTED_EDGE('',*,*,#5071,.F.);
#7068=ORIENTED_EDGE('',*,*,#5072,.F.);
#7069=ORIENTED_EDGE('',*,*,#5073,.T.);
#7070=ORIENTED_EDGE('',*,*,#5072,.T.);
#7071=ORIENTED_EDGE('',*,*,#5074,.F.);
#7072=ORIENTED_EDGE('',*,*,#5016,.F.);
#7073=ORIENTED_EDGE('',*,*,#5073,.F.);
#7074=ORIENTED_EDGE('',*,*,#5015,.F.);
#7075=ORIENTED_EDGE('',*,*,#5019,.F.);
#7076=ORIENTED_EDGE('',*,*,#5022,.F.);
#7077=ORIENTED_EDGE('',*,*,#5025,.F.);
#7078=ORIENTED_EDGE('',*,*,#5028,.F.);
#7079=ORIENTED_EDGE('',*,*,#5031,.F.);
#7080=ORIENTED_EDGE('',*,*,#5034,.F.);
#7081=ORIENTED_EDGE('',*,*,#5037,.F.);
#7082=ORIENTED_EDGE('',*,*,#5040,.F.);
#7083=ORIENTED_EDGE('',*,*,#5043,.F.);
#7084=ORIENTED_EDGE('',*,*,#5046,.F.);
#7085=ORIENTED_EDGE('',*,*,#5049,.F.);
#7086=ORIENTED_EDGE('',*,*,#5052,.F.);
#7087=ORIENTED_EDGE('',*,*,#5055,.F.);
#7088=ORIENTED_EDGE('',*,*,#5058,.F.);
#7089=ORIENTED_EDGE('',*,*,#5061,.F.);
#7090=ORIENTED_EDGE('',*,*,#5064,.F.);
#7091=ORIENTED_EDGE('',*,*,#5067,.F.);
#7092=ORIENTED_EDGE('',*,*,#5070,.F.);
#7093=ORIENTED_EDGE('',*,*,#5074,.T.);
#7094=ORIENTED_EDGE('',*,*,#5071,.T.);
#7095=ORIENTED_EDGE('',*,*,#5068,.T.);
#7096=ORIENTED_EDGE('',*,*,#5065,.T.);
#7097=ORIENTED_EDGE('',*,*,#5062,.T.);
#7098=ORIENTED_EDGE('',*,*,#5059,.T.);
#7099=ORIENTED_EDGE('',*,*,#5056,.T.);
#7100=ORIENTED_EDGE('',*,*,#5053,.T.);
#7101=ORIENTED_EDGE('',*,*,#5050,.T.);
#7102=ORIENTED_EDGE('',*,*,#5047,.T.);
#7103=ORIENTED_EDGE('',*,*,#5044,.T.);
#7104=ORIENTED_EDGE('',*,*,#5041,.T.);
#7105=ORIENTED_EDGE('',*,*,#5038,.T.);
#7106=ORIENTED_EDGE('',*,*,#5035,.T.);
#7107=ORIENTED_EDGE('',*,*,#5032,.T.);
#7108=ORIENTED_EDGE('',*,*,#5029,.T.);
#7109=ORIENTED_EDGE('',*,*,#5026,.T.);
#7110=ORIENTED_EDGE('',*,*,#5023,.T.);
#7111=ORIENTED_EDGE('',*,*,#5020,.T.);
#7112=ORIENTED_EDGE('',*,*,#5017,.T.);
#7113=ORIENTED_EDGE('',*,*,#5075,.T.);
#7114=ORIENTED_EDGE('',*,*,#5076,.T.);
#7115=ORIENTED_EDGE('',*,*,#5077,.F.);
#7116=ORIENTED_EDGE('',*,*,#5078,.F.);
#7117=ORIENTED_EDGE('',*,*,#5079,.T.);
#7118=ORIENTED_EDGE('',*,*,#5078,.T.);
#7119=ORIENTED_EDGE('',*,*,#5080,.F.);
#7120=ORIENTED_EDGE('',*,*,#5081,.F.);
#7121=ORIENTED_EDGE('',*,*,#5082,.T.);
#7122=ORIENTED_EDGE('',*,*,#5081,.T.);
#7123=ORIENTED_EDGE('',*,*,#5083,.F.);
#7124=ORIENTED_EDGE('',*,*,#5084,.F.);
#7125=ORIENTED_EDGE('',*,*,#5085,.T.);
#7126=ORIENTED_EDGE('',*,*,#5084,.T.);
#7127=ORIENTED_EDGE('',*,*,#5086,.F.);
#7128=ORIENTED_EDGE('',*,*,#5087,.F.);
#7129=ORIENTED_EDGE('',*,*,#5088,.T.);
#7130=ORIENTED_EDGE('',*,*,#5087,.T.);
#7131=ORIENTED_EDGE('',*,*,#5089,.F.);
#7132=ORIENTED_EDGE('',*,*,#5090,.F.);
#7133=ORIENTED_EDGE('',*,*,#5091,.T.);
#7134=ORIENTED_EDGE('',*,*,#5090,.T.);
#7135=ORIENTED_EDGE('',*,*,#5092,.F.);
#7136=ORIENTED_EDGE('',*,*,#5093,.F.);
#7137=ORIENTED_EDGE('',*,*,#5094,.T.);
#7138=ORIENTED_EDGE('',*,*,#5093,.T.);
#7139=ORIENTED_EDGE('',*,*,#5095,.F.);
#7140=ORIENTED_EDGE('',*,*,#5096,.F.);
#7141=ORIENTED_EDGE('',*,*,#5097,.T.);
#7142=ORIENTED_EDGE('',*,*,#5096,.T.);
#7143=ORIENTED_EDGE('',*,*,#5098,.F.);
#7144=ORIENTED_EDGE('',*,*,#5099,.F.);
#7145=ORIENTED_EDGE('',*,*,#5100,.T.);
#7146=ORIENTED_EDGE('',*,*,#5099,.T.);
#7147=ORIENTED_EDGE('',*,*,#5101,.F.);
#7148=ORIENTED_EDGE('',*,*,#5102,.F.);
#7149=ORIENTED_EDGE('',*,*,#5103,.T.);
#7150=ORIENTED_EDGE('',*,*,#5102,.T.);
#7151=ORIENTED_EDGE('',*,*,#5104,.F.);
#7152=ORIENTED_EDGE('',*,*,#5105,.F.);
#7153=ORIENTED_EDGE('',*,*,#5106,.T.);
#7154=ORIENTED_EDGE('',*,*,#5105,.T.);
#7155=ORIENTED_EDGE('',*,*,#5107,.F.);
#7156=ORIENTED_EDGE('',*,*,#5108,.F.);
#7157=ORIENTED_EDGE('',*,*,#5109,.T.);
#7158=ORIENTED_EDGE('',*,*,#5108,.T.);
#7159=ORIENTED_EDGE('',*,*,#5110,.F.);
#7160=ORIENTED_EDGE('',*,*,#5111,.F.);
#7161=ORIENTED_EDGE('',*,*,#5112,.T.);
#7162=ORIENTED_EDGE('',*,*,#5111,.T.);
#7163=ORIENTED_EDGE('',*,*,#5113,.F.);
#7164=ORIENTED_EDGE('',*,*,#5114,.F.);
#7165=ORIENTED_EDGE('',*,*,#5115,.T.);
#7166=ORIENTED_EDGE('',*,*,#5114,.T.);
#7167=ORIENTED_EDGE('',*,*,#5116,.F.);
#7168=ORIENTED_EDGE('',*,*,#5117,.F.);
#7169=ORIENTED_EDGE('',*,*,#5118,.T.);
#7170=ORIENTED_EDGE('',*,*,#5117,.T.);
#7171=ORIENTED_EDGE('',*,*,#5119,.F.);
#7172=ORIENTED_EDGE('',*,*,#5120,.F.);
#7173=ORIENTED_EDGE('',*,*,#5121,.T.);
#7174=ORIENTED_EDGE('',*,*,#5120,.T.);
#7175=ORIENTED_EDGE('',*,*,#5122,.F.);
#7176=ORIENTED_EDGE('',*,*,#5123,.F.);
#7177=ORIENTED_EDGE('',*,*,#5124,.T.);
#7178=ORIENTED_EDGE('',*,*,#5123,.T.);
#7179=ORIENTED_EDGE('',*,*,#5125,.F.);
#7180=ORIENTED_EDGE('',*,*,#5126,.F.);
#7181=ORIENTED_EDGE('',*,*,#5127,.T.);
#7182=ORIENTED_EDGE('',*,*,#5126,.T.);
#7183=ORIENTED_EDGE('',*,*,#5128,.F.);
#7184=ORIENTED_EDGE('',*,*,#5129,.F.);
#7185=ORIENTED_EDGE('',*,*,#5130,.T.);
#7186=ORIENTED_EDGE('',*,*,#5129,.T.);
#7187=ORIENTED_EDGE('',*,*,#5131,.F.);
#7188=ORIENTED_EDGE('',*,*,#5132,.F.);
#7189=ORIENTED_EDGE('',*,*,#5133,.T.);
#7190=ORIENTED_EDGE('',*,*,#5132,.T.);
#7191=ORIENTED_EDGE('',*,*,#5134,.F.);
#7192=ORIENTED_EDGE('',*,*,#5076,.F.);
#7193=ORIENTED_EDGE('',*,*,#5133,.F.);
#7194=ORIENTED_EDGE('',*,*,#5075,.F.);
#7195=ORIENTED_EDGE('',*,*,#5079,.F.);
#7196=ORIENTED_EDGE('',*,*,#5082,.F.);
#7197=ORIENTED_EDGE('',*,*,#5085,.F.);
#7198=ORIENTED_EDGE('',*,*,#5088,.F.);
#7199=ORIENTED_EDGE('',*,*,#5091,.F.);
#7200=ORIENTED_EDGE('',*,*,#5094,.F.);
#7201=ORIENTED_EDGE('',*,*,#5097,.F.);
#7202=ORIENTED_EDGE('',*,*,#5100,.F.);
#7203=ORIENTED_EDGE('',*,*,#5103,.F.);
#7204=ORIENTED_EDGE('',*,*,#5106,.F.);
#7205=ORIENTED_EDGE('',*,*,#5109,.F.);
#7206=ORIENTED_EDGE('',*,*,#5112,.F.);
#7207=ORIENTED_EDGE('',*,*,#5115,.F.);
#7208=ORIENTED_EDGE('',*,*,#5118,.F.);
#7209=ORIENTED_EDGE('',*,*,#5121,.F.);
#7210=ORIENTED_EDGE('',*,*,#5124,.F.);
#7211=ORIENTED_EDGE('',*,*,#5127,.F.);
#7212=ORIENTED_EDGE('',*,*,#5130,.F.);
#7213=ORIENTED_EDGE('',*,*,#5134,.T.);
#7214=ORIENTED_EDGE('',*,*,#5131,.T.);
#7215=ORIENTED_EDGE('',*,*,#5128,.T.);
#7216=ORIENTED_EDGE('',*,*,#5125,.T.);
#7217=ORIENTED_EDGE('',*,*,#5122,.T.);
#7218=ORIENTED_EDGE('',*,*,#5119,.T.);
#7219=ORIENTED_EDGE('',*,*,#5116,.T.);
#7220=ORIENTED_EDGE('',*,*,#5113,.T.);
#7221=ORIENTED_EDGE('',*,*,#5110,.T.);
#7222=ORIENTED_EDGE('',*,*,#5107,.T.);
#7223=ORIENTED_EDGE('',*,*,#5104,.T.);
#7224=ORIENTED_EDGE('',*,*,#5101,.T.);
#7225=ORIENTED_EDGE('',*,*,#5098,.T.);
#7226=ORIENTED_EDGE('',*,*,#5095,.T.);
#7227=ORIENTED_EDGE('',*,*,#5092,.T.);
#7228=ORIENTED_EDGE('',*,*,#5089,.T.);
#7229=ORIENTED_EDGE('',*,*,#5086,.T.);
#7230=ORIENTED_EDGE('',*,*,#5083,.T.);
#7231=ORIENTED_EDGE('',*,*,#5080,.T.);
#7232=ORIENTED_EDGE('',*,*,#5077,.T.);
#7233=ORIENTED_EDGE('',*,*,#5135,.T.);
#7234=ORIENTED_EDGE('',*,*,#5136,.T.);
#7235=ORIENTED_EDGE('',*,*,#5137,.F.);
#7236=ORIENTED_EDGE('',*,*,#5138,.F.);
#7237=ORIENTED_EDGE('',*,*,#5139,.T.);
#7238=ORIENTED_EDGE('',*,*,#5138,.T.);
#7239=ORIENTED_EDGE('',*,*,#5140,.F.);
#7240=ORIENTED_EDGE('',*,*,#5141,.F.);
#7241=ORIENTED_EDGE('',*,*,#5142,.T.);
#7242=ORIENTED_EDGE('',*,*,#5141,.T.);
#7243=ORIENTED_EDGE('',*,*,#5143,.F.);
#7244=ORIENTED_EDGE('',*,*,#5144,.F.);
#7245=ORIENTED_EDGE('',*,*,#5145,.T.);
#7246=ORIENTED_EDGE('',*,*,#5144,.T.);
#7247=ORIENTED_EDGE('',*,*,#5146,.F.);
#7248=ORIENTED_EDGE('',*,*,#5147,.F.);
#7249=ORIENTED_EDGE('',*,*,#5148,.T.);
#7250=ORIENTED_EDGE('',*,*,#5147,.T.);
#7251=ORIENTED_EDGE('',*,*,#5149,.F.);
#7252=ORIENTED_EDGE('',*,*,#5150,.F.);
#7253=ORIENTED_EDGE('',*,*,#5151,.T.);
#7254=ORIENTED_EDGE('',*,*,#5150,.T.);
#7255=ORIENTED_EDGE('',*,*,#5152,.F.);
#7256=ORIENTED_EDGE('',*,*,#5153,.F.);
#7257=ORIENTED_EDGE('',*,*,#5154,.T.);
#7258=ORIENTED_EDGE('',*,*,#5153,.T.);
#7259=ORIENTED_EDGE('',*,*,#5155,.F.);
#7260=ORIENTED_EDGE('',*,*,#5156,.F.);
#7261=ORIENTED_EDGE('',*,*,#5157,.T.);
#7262=ORIENTED_EDGE('',*,*,#5156,.T.);
#7263=ORIENTED_EDGE('',*,*,#5158,.F.);
#7264=ORIENTED_EDGE('',*,*,#5136,.F.);
#7265=ORIENTED_EDGE('',*,*,#5157,.F.);
#7266=ORIENTED_EDGE('',*,*,#5135,.F.);
#7267=ORIENTED_EDGE('',*,*,#5139,.F.);
#7268=ORIENTED_EDGE('',*,*,#5142,.F.);
#7269=ORIENTED_EDGE('',*,*,#5145,.F.);
#7270=ORIENTED_EDGE('',*,*,#5148,.F.);
#7271=ORIENTED_EDGE('',*,*,#5151,.F.);
#7272=ORIENTED_EDGE('',*,*,#5154,.F.);
#7273=ORIENTED_EDGE('',*,*,#5158,.T.);
#7274=ORIENTED_EDGE('',*,*,#5155,.T.);
#7275=ORIENTED_EDGE('',*,*,#5152,.T.);
#7276=ORIENTED_EDGE('',*,*,#5149,.T.);
#7277=ORIENTED_EDGE('',*,*,#5146,.T.);
#7278=ORIENTED_EDGE('',*,*,#5143,.T.);
#7279=ORIENTED_EDGE('',*,*,#5140,.T.);
#7280=ORIENTED_EDGE('',*,*,#5137,.T.);
#7281=ORIENTED_EDGE('',*,*,#5159,.T.);
#7282=ORIENTED_EDGE('',*,*,#5160,.T.);
#7283=ORIENTED_EDGE('',*,*,#5161,.F.);
#7284=ORIENTED_EDGE('',*,*,#5162,.F.);
#7285=ORIENTED_EDGE('',*,*,#5163,.T.);
#7286=ORIENTED_EDGE('',*,*,#5162,.T.);
#7287=ORIENTED_EDGE('',*,*,#5164,.F.);
#7288=ORIENTED_EDGE('',*,*,#5165,.F.);
#7289=ORIENTED_EDGE('',*,*,#5166,.T.);
#7290=ORIENTED_EDGE('',*,*,#5165,.T.);
#7291=ORIENTED_EDGE('',*,*,#5167,.F.);
#7292=ORIENTED_EDGE('',*,*,#5168,.F.);
#7293=ORIENTED_EDGE('',*,*,#5169,.T.);
#7294=ORIENTED_EDGE('',*,*,#5168,.T.);
#7295=ORIENTED_EDGE('',*,*,#5170,.F.);
#7296=ORIENTED_EDGE('',*,*,#5171,.F.);
#7297=ORIENTED_EDGE('',*,*,#5172,.T.);
#7298=ORIENTED_EDGE('',*,*,#5171,.T.);
#7299=ORIENTED_EDGE('',*,*,#5173,.F.);
#7300=ORIENTED_EDGE('',*,*,#5174,.F.);
#7301=ORIENTED_EDGE('',*,*,#5175,.T.);
#7302=ORIENTED_EDGE('',*,*,#5174,.T.);
#7303=ORIENTED_EDGE('',*,*,#5176,.F.);
#7304=ORIENTED_EDGE('',*,*,#5160,.F.);
#7305=ORIENTED_EDGE('',*,*,#5175,.F.);
#7306=ORIENTED_EDGE('',*,*,#5159,.F.);
#7307=ORIENTED_EDGE('',*,*,#5163,.F.);
#7308=ORIENTED_EDGE('',*,*,#5166,.F.);
#7309=ORIENTED_EDGE('',*,*,#5169,.F.);
#7310=ORIENTED_EDGE('',*,*,#5172,.F.);
#7311=ORIENTED_EDGE('',*,*,#5176,.T.);
#7312=ORIENTED_EDGE('',*,*,#5173,.T.);
#7313=ORIENTED_EDGE('',*,*,#5170,.T.);
#7314=ORIENTED_EDGE('',*,*,#5167,.T.);
#7315=ORIENTED_EDGE('',*,*,#5164,.T.);
#7316=ORIENTED_EDGE('',*,*,#5161,.T.);
#7317=ORIENTED_EDGE('',*,*,#5177,.T.);
#7318=ORIENTED_EDGE('',*,*,#5178,.T.);
#7319=ORIENTED_EDGE('',*,*,#5179,.F.);
#7320=ORIENTED_EDGE('',*,*,#5180,.F.);
#7321=ORIENTED_EDGE('',*,*,#5181,.T.);
#7322=ORIENTED_EDGE('',*,*,#5180,.T.);
#7323=ORIENTED_EDGE('',*,*,#5182,.F.);
#7324=ORIENTED_EDGE('',*,*,#5183,.F.);
#7325=ORIENTED_EDGE('',*,*,#5184,.T.);
#7326=ORIENTED_EDGE('',*,*,#5183,.T.);
#7327=ORIENTED_EDGE('',*,*,#5185,.F.);
#7328=ORIENTED_EDGE('',*,*,#5186,.F.);
#7329=ORIENTED_EDGE('',*,*,#5187,.T.);
#7330=ORIENTED_EDGE('',*,*,#5186,.T.);
#7331=ORIENTED_EDGE('',*,*,#5188,.F.);
#7332=ORIENTED_EDGE('',*,*,#5189,.F.);
#7333=ORIENTED_EDGE('',*,*,#5190,.T.);
#7334=ORIENTED_EDGE('',*,*,#5189,.T.);
#7335=ORIENTED_EDGE('',*,*,#5191,.F.);
#7336=ORIENTED_EDGE('',*,*,#5192,.F.);
#7337=ORIENTED_EDGE('',*,*,#5193,.T.);
#7338=ORIENTED_EDGE('',*,*,#5192,.T.);
#7339=ORIENTED_EDGE('',*,*,#5194,.F.);
#7340=ORIENTED_EDGE('',*,*,#5195,.F.);
#7341=ORIENTED_EDGE('',*,*,#5196,.T.);
#7342=ORIENTED_EDGE('',*,*,#5195,.T.);
#7343=ORIENTED_EDGE('',*,*,#5197,.F.);
#7344=ORIENTED_EDGE('',*,*,#5198,.F.);
#7345=ORIENTED_EDGE('',*,*,#5199,.T.);
#7346=ORIENTED_EDGE('',*,*,#5198,.T.);
#7347=ORIENTED_EDGE('',*,*,#5200,.F.);
#7348=ORIENTED_EDGE('',*,*,#5201,.F.);
#7349=ORIENTED_EDGE('',*,*,#5202,.T.);
#7350=ORIENTED_EDGE('',*,*,#5201,.T.);
#7351=ORIENTED_EDGE('',*,*,#5203,.F.);
#7352=ORIENTED_EDGE('',*,*,#5204,.F.);
#7353=ORIENTED_EDGE('',*,*,#5205,.T.);
#7354=ORIENTED_EDGE('',*,*,#5204,.T.);
#7355=ORIENTED_EDGE('',*,*,#5206,.F.);
#7356=ORIENTED_EDGE('',*,*,#5207,.F.);
#7357=ORIENTED_EDGE('',*,*,#5208,.T.);
#7358=ORIENTED_EDGE('',*,*,#5207,.T.);
#7359=ORIENTED_EDGE('',*,*,#5209,.F.);
#7360=ORIENTED_EDGE('',*,*,#5210,.F.);
#7361=ORIENTED_EDGE('',*,*,#5211,.T.);
#7362=ORIENTED_EDGE('',*,*,#5210,.T.);
#7363=ORIENTED_EDGE('',*,*,#5212,.F.);
#7364=ORIENTED_EDGE('',*,*,#5178,.F.);
#7365=ORIENTED_EDGE('',*,*,#5211,.F.);
#7366=ORIENTED_EDGE('',*,*,#5177,.F.);
#7367=ORIENTED_EDGE('',*,*,#5181,.F.);
#7368=ORIENTED_EDGE('',*,*,#5184,.F.);
#7369=ORIENTED_EDGE('',*,*,#5187,.F.);
#7370=ORIENTED_EDGE('',*,*,#5190,.F.);
#7371=ORIENTED_EDGE('',*,*,#5193,.F.);
#7372=ORIENTED_EDGE('',*,*,#5196,.F.);
#7373=ORIENTED_EDGE('',*,*,#5199,.F.);
#7374=ORIENTED_EDGE('',*,*,#5202,.F.);
#7375=ORIENTED_EDGE('',*,*,#5205,.F.);
#7376=ORIENTED_EDGE('',*,*,#5208,.F.);
#7377=ORIENTED_EDGE('',*,*,#5212,.T.);
#7378=ORIENTED_EDGE('',*,*,#5209,.T.);
#7379=ORIENTED_EDGE('',*,*,#5206,.T.);
#7380=ORIENTED_EDGE('',*,*,#5203,.T.);
#7381=ORIENTED_EDGE('',*,*,#5200,.T.);
#7382=ORIENTED_EDGE('',*,*,#5197,.T.);
#7383=ORIENTED_EDGE('',*,*,#5194,.T.);
#7384=ORIENTED_EDGE('',*,*,#5191,.T.);
#7385=ORIENTED_EDGE('',*,*,#5188,.T.);
#7386=ORIENTED_EDGE('',*,*,#5185,.T.);
#7387=ORIENTED_EDGE('',*,*,#5182,.T.);
#7388=ORIENTED_EDGE('',*,*,#5179,.T.);
#7389=CYLINDRICAL_SURFACE('',#7912,2.00000000000001);
#7390=CYLINDRICAL_SURFACE('',#7919,14.);
#7391=CYLINDRICAL_SURFACE('',#7922,2.00000000000001);
#7392=CYLINDRICAL_SURFACE('',#7925,1.99999999999999);
#7393=CYLINDRICAL_SURFACE('',#7932,14.);
#7394=CYLINDRICAL_SURFACE('',#7939,1.99999999999999);
#7395=CYLINDRICAL_SURFACE('',#7942,3.125);
#7396=CYLINDRICAL_SURFACE('',#7947,3.125);
#7397=CYLINDRICAL_SURFACE('',#7952,3.125);
#7398=CYLINDRICAL_SURFACE('',#7959,3.125);
#7399=CYLINDRICAL_SURFACE('',#7965,3.125);
#7400=CYLINDRICAL_SURFACE('',#7977,3.125);
#7401=CYLINDRICAL_SURFACE('',#7982,3.125);
#7402=CYLINDRICAL_SURFACE('',#7987,3.125);
#7403=CYLINDRICAL_SURFACE('',#7994,3.125);
#7404=CYLINDRICAL_SURFACE('',#8000,3.125);
#7405=CYLINDRICAL_SURFACE('',#8012,1.74999999999999);
#7406=CYLINDRICAL_SURFACE('',#8015,1.74999999999999);
#7407=CYLINDRICAL_SURFACE('',#8019,1.74999999999997);
#7408=CYLINDRICAL_SURFACE('',#8022,1.74999999999997);
#7409=CYLINDRICAL_SURFACE('',#8026,1.74999999999999);
#7410=CYLINDRICAL_SURFACE('',#8029,1.74999999999999);
#7411=CYLINDRICAL_SURFACE('',#8033,1.74999999999997);
#7412=CYLINDRICAL_SURFACE('',#8036,1.74999999999997);
#7413=CYLINDRICAL_SURFACE('',#8040,8.5);
#7414=CYLINDRICAL_SURFACE('',#8045,8.5);
#7415=CYLINDRICAL_SURFACE('',#8049,8.5);
#7416=CYLINDRICAL_SURFACE('',#8053,8.5);
#7417=CYLINDRICAL_SURFACE('',#8058,8.5);
#7418=CYLINDRICAL_SURFACE('',#8063,8.5);
#7419=CYLINDRICAL_SURFACE('',#8085,1.29999999999999);
#7420=CYLINDRICAL_SURFACE('',#8093,1.29999999999999);
#7421=CYLINDRICAL_SURFACE('',#8101,1.29999999999999);
#7422=CYLINDRICAL_SURFACE('',#8109,1.29999999999999);
#7423=CYLINDRICAL_SURFACE('',#8113,1.);
#7424=CYLINDRICAL_SURFACE('',#8116,1.);
#7425=CYLINDRICAL_SURFACE('',#8118,1.);
#7426=CYLINDRICAL_SURFACE('',#8120,1.);
#7427=CYLINDRICAL_SURFACE('',#8122,1.);
#7428=CYLINDRICAL_SURFACE('',#8135,1.99999999999999);
#7429=CYLINDRICAL_SURFACE('',#8136,1.99999999999999);
#7430=CYLINDRICAL_SURFACE('',#8138,2.00000000000001);
#7431=CYLINDRICAL_SURFACE('',#8140,1.99999999999999);
#7432=CYLINDRICAL_SURFACE('',#8143,19.25);
#7433=CYLINDRICAL_SURFACE('',#8146,19.25);
#7434=CYLINDRICAL_SURFACE('',#8148,19.25);
#7435=CYLINDRICAL_SURFACE('',#8151,19.25);
#7436=CYLINDRICAL_SURFACE('',#8153,3.125);
#7437=CYLINDRICAL_SURFACE('',#8172,3.125);
#7438=CYLINDRICAL_SURFACE('',#8175,1.75);
#7439=CYLINDRICAL_SURFACE('',#8177,1.75);
#7440=CYLINDRICAL_SURFACE('',#8178,1.75000000000001);
#7441=CYLINDRICAL_SURFACE('',#8180,1.75000000000001);
#7442=CYLINDRICAL_SURFACE('',#8181,1.75000000000001);
#7443=CYLINDRICAL_SURFACE('',#8183,1.75000000000001);
#7444=CYLINDRICAL_SURFACE('',#8184,1.75000000000001);
#7445=CYLINDRICAL_SURFACE('',#8186,1.75000000000001);
#7446=CYLINDRICAL_SURFACE('',#8187,1.75);
#7447=CYLINDRICAL_SURFACE('',#8189,1.75);
#7448=CYLINDRICAL_SURFACE('',#8190,1.75);
#7449=CYLINDRICAL_SURFACE('',#8192,1.75);
#7450=CYLINDRICAL_SURFACE('',#8193,1.75000000000001);
#7451=CYLINDRICAL_SURFACE('',#8195,1.75000000000001);
#7452=CYLINDRICAL_SURFACE('',#8196,1.75);
#7453=CYLINDRICAL_SURFACE('',#8198,1.75);
#7454=CYLINDRICAL_SURFACE('',#8199,1.75000000000001);
#7455=CYLINDRICAL_SURFACE('',#8201,1.75000000000001);
#7456=CYLINDRICAL_SURFACE('',#8204,6.25);
#7457=CYLINDRICAL_SURFACE('',#8207,6.25);
#7458=CYLINDRICAL_SURFACE('',#8210,6.25);
#7459=CYLINDRICAL_SURFACE('',#8219,12.);
#7460=ADVANCED_FACE('',(#497),#7389,.F.);
#7461=ADVANCED_FACE('',(#498),#157,.F.);
#7462=ADVANCED_FACE('',(#499),#158,.F.);
#7463=ADVANCED_FACE('',(#500),#159,.F.);
#7464=ADVANCED_FACE('',(#501),#160,.F.);
#7465=ADVANCED_FACE('',(#502),#7390,.F.);
#7466=ADVANCED_FACE('',(#503),#7391,.F.);
#7467=ADVANCED_FACE('',(#504),#7392,.F.);
#7468=ADVANCED_FACE('',(#505),#161,.F.);
#7469=ADVANCED_FACE('',(#506),#162,.F.);
#7470=ADVANCED_FACE('',(#507),#163,.F.);
#7471=ADVANCED_FACE('',(#508),#164,.F.);
#7472=ADVANCED_FACE('',(#509),#7393,.F.);
#7473=ADVANCED_FACE('',(#510),#165,.F.);
#7474=ADVANCED_FACE('',(#511),#166,.F.);
#7475=ADVANCED_FACE('',(#512),#167,.F.);
#7476=ADVANCED_FACE('',(#513),#168,.F.);
#7477=ADVANCED_FACE('',(#514),#7394,.F.);
#7478=ADVANCED_FACE('',(#515),#7395,.T.);
#7479=ADVANCED_FACE('',(#516),#169,.F.);
#7480=ADVANCED_FACE('',(#517),#170,.T.);
#7481=ADVANCED_FACE('',(#518),#7396,.T.);
#7482=ADVANCED_FACE('',(#519),#171,.F.);
#7483=ADVANCED_FACE('',(#520),#172,.T.);
#7484=ADVANCED_FACE('',(#521),#7397,.T.);
#7485=ADVANCED_FACE('',(#522),#134,.T.);
#7486=ADVANCED_FACE('',(#523),#7398,.T.);
#7487=ADVANCED_FACE('',(#524),#135,.T.);
#7488=ADVANCED_FACE('',(#525),#7399,.T.);
#7489=ADVANCED_FACE('',(#526,#55,#56,#57,#58,#59,#60,#61,#62,#63),#173,
 .T.);
#7490=ADVANCED_FACE('',(#527),#7400,.T.);
#7491=ADVANCED_FACE('',(#528),#174,.F.);
#7492=ADVANCED_FACE('',(#529),#175,.T.);
#7493=ADVANCED_FACE('',(#530),#7401,.T.);
#7494=ADVANCED_FACE('',(#531),#176,.F.);
#7495=ADVANCED_FACE('',(#532),#177,.T.);
#7496=ADVANCED_FACE('',(#533),#7402,.T.);
#7497=ADVANCED_FACE('',(#534),#136,.T.);
#7498=ADVANCED_FACE('',(#535),#7403,.T.);
#7499=ADVANCED_FACE('',(#536),#137,.T.);
#7500=ADVANCED_FACE('',(#537),#7404,.T.);
#7501=ADVANCED_FACE('',(#538,#64,#65,#66,#67,#68,#69,#70,#71,#72),#178,
 .T.);
#7502=ADVANCED_FACE('',(#539),#7405,.F.);
#7503=ADVANCED_FACE('',(#540),#7406,.F.);
#7504=ADVANCED_FACE('',(#541),#179,.F.);
#7505=ADVANCED_FACE('',(#542),#7407,.F.);
#7506=ADVANCED_FACE('',(#543),#7408,.F.);
#7507=ADVANCED_FACE('',(#544),#180,.F.);
#7508=ADVANCED_FACE('',(#545),#7409,.F.);
#7509=ADVANCED_FACE('',(#546),#7410,.F.);
#7510=ADVANCED_FACE('',(#547),#181,.F.);
#7511=ADVANCED_FACE('',(#548),#7411,.F.);
#7512=ADVANCED_FACE('',(#549),#7412,.F.);
#7513=ADVANCED_FACE('',(#550),#182,.F.);
#7514=ADVANCED_FACE('',(#551),#7413,.T.);
#7515=ADVANCED_FACE('',(#552),#183,.T.);
#7516=ADVANCED_FACE('',(#553),#184,.T.);
#7517=ADVANCED_FACE('',(#554),#7414,.T.);
#7518=ADVANCED_FACE('',(#555),#185,.T.);
#7519=ADVANCED_FACE('',(#556),#7415,.T.);
#7520=ADVANCED_FACE('',(#557),#186,.T.);
#7521=ADVANCED_FACE('',(#558),#7416,.T.);
#7522=ADVANCED_FACE('',(#559),#187,.T.);
#7523=ADVANCED_FACE('',(#560),#188,.T.);
#7524=ADVANCED_FACE('',(#561),#7417,.T.);
#7525=ADVANCED_FACE('',(#562),#189,.T.);
#7526=ADVANCED_FACE('',(#563),#190,.T.);
#7527=ADVANCED_FACE('',(#564),#7418,.T.);
#7528=ADVANCED_FACE('',(#565),#191,.T.);
#7529=ADVANCED_FACE('',(#566),#192,.T.);
#7530=ADVANCED_FACE('',(#567),#193,.T.);
#7531=ADVANCED_FACE('',(#568,#73),#194,.T.);
#7532=ADVANCED_FACE('',(#569),#195,.T.);
#7533=ADVANCED_FACE('',(#570),#196,.T.);
#7534=ADVANCED_FACE('',(#571,#74,#75),#197,.F.);
#7535=ADVANCED_FACE('',(#572),#198,.T.);
#7536=ADVANCED_FACE('',(#573),#199,.T.);
#7537=ADVANCED_FACE('',(#574),#200,.T.);
#7538=ADVANCED_FACE('',(#575,#76),#201,.F.);
#7539=ADVANCED_FACE('',(#576),#202,.T.);
#7540=ADVANCED_FACE('',(#577),#203,.T.);
#7541=ADVANCED_FACE('',(#578,#77),#204,.F.);
#7542=ADVANCED_FACE('',(#579),#138,.T.);
#7543=ADVANCED_FACE('',(#580),#7419,.F.);
#7544=ADVANCED_FACE('',(#581,#78),#205,.T.);
#7545=ADVANCED_FACE('',(#582),#139,.T.);
#7546=ADVANCED_FACE('',(#583),#7420,.F.);
#7547=ADVANCED_FACE('',(#584,#79),#206,.T.);
#7548=ADVANCED_FACE('',(#585),#140,.T.);
#7549=ADVANCED_FACE('',(#586),#7421,.F.);
#7550=ADVANCED_FACE('',(#587,#80),#207,.T.);
#7551=ADVANCED_FACE('',(#588),#141,.T.);
#7552=ADVANCED_FACE('',(#589),#7422,.F.);
#7553=ADVANCED_FACE('',(#590,#81),#208,.T.);
#7554=ADVANCED_FACE('',(#591),#7423,.T.);
#7555=ADVANCED_FACE('',(#592),#7424,.T.);
#7556=ADVANCED_FACE('',(#593),#7425,.T.);
#7557=ADVANCED_FACE('',(#594),#7426,.T.);
#7558=ADVANCED_FACE('',(#595),#7427,.T.);
#7559=ADVANCED_FACE('',(#596),#45,.F.);
#7560=ADVANCED_FACE('',(#597),#46,.F.);
#7561=ADVANCED_FACE('',(#598),#209,.T.);
#7562=ADVANCED_FACE('',(#599),#210,.T.);
#7563=ADVANCED_FACE('',(#600),#7428,.T.);
#7564=ADVANCED_FACE('',(#601),#7429,.T.);
#7565=ADVANCED_FACE('',(#602),#211,.T.);
#7566=ADVANCED_FACE('',(#603),#7430,.T.);
#7567=ADVANCED_FACE('',(#604),#212,.T.);
#7568=ADVANCED_FACE('',(#605),#7431,.T.);
#7569=ADVANCED_FACE('',(#606),#213,.T.);
#7570=ADVANCED_FACE('',(#607),#214,.T.);
#7571=ADVANCED_FACE('',(#608),#7432,.F.);
#7572=ADVANCED_FACE('',(#609),#215,.T.);
#7573=ADVANCED_FACE('',(#610),#7433,.F.);
#7574=ADVANCED_FACE('',(#611),#7434,.F.);
#7575=ADVANCED_FACE('',(#612),#216,.T.);
#7576=ADVANCED_FACE('',(#613),#7435,.F.);
#7577=ADVANCED_FACE('',(#614),#7436,.T.);
#7578=ADVANCED_FACE('',(#615),#217,.T.);
#7579=ADVANCED_FACE('',(#616,#82,#83,#84,#85,#86,#87,#88,#89,#90),#218,
 .T.);
#7580=ADVANCED_FACE('',(#617),#7437,.T.);
#7581=ADVANCED_FACE('',(#618),#219,.T.);
#7582=ADVANCED_FACE('',(#619),#7438,.F.);
#7583=ADVANCED_FACE('',(#620),#7439,.F.);
#7584=ADVANCED_FACE('',(#621),#7440,.F.);
#7585=ADVANCED_FACE('',(#622),#7441,.F.);
#7586=ADVANCED_FACE('',(#623),#7442,.F.);
#7587=ADVANCED_FACE('',(#624),#7443,.F.);
#7588=ADVANCED_FACE('',(#625),#7444,.F.);
#7589=ADVANCED_FACE('',(#626),#7445,.F.);
#7590=ADVANCED_FACE('',(#627),#7446,.F.);
#7591=ADVANCED_FACE('',(#628),#7447,.F.);
#7592=ADVANCED_FACE('',(#629),#7448,.F.);
#7593=ADVANCED_FACE('',(#630),#7449,.F.);
#7594=ADVANCED_FACE('',(#631),#7450,.F.);
#7595=ADVANCED_FACE('',(#632),#7451,.F.);
#7596=ADVANCED_FACE('',(#633),#7452,.F.);
#7597=ADVANCED_FACE('',(#634),#7453,.F.);
#7598=ADVANCED_FACE('',(#635),#7454,.F.);
#7599=ADVANCED_FACE('',(#636),#7455,.F.);
#7600=ADVANCED_FACE('',(#637,#91,#92,#93,#94,#95,#96,#97,#98,#99,#100),
#220,.T.);
#7601=ADVANCED_FACE('',(#638),#221,.T.);
#7602=ADVANCED_FACE('',(#639),#7456,.T.);
#7603=ADVANCED_FACE('',(#640),#222,.T.);
#7604=ADVANCED_FACE('',(#641),#7457,.T.);
#7605=ADVANCED_FACE('',(#642),#47,.F.);
#7606=ADVANCED_FACE('',(#643),#7458,.T.);
#7607=ADVANCED_FACE('',(#644),#142,.F.);
#7608=ADVANCED_FACE('',(#645),#223,.F.);
#7609=ADVANCED_FACE('',(#646,#101,#102,#103,#104,#105,#106,#107,#108,#109),
#224,.T.);
#7610=ADVANCED_FACE('',(#647,#110),#225,.T.);
#7611=ADVANCED_FACE('',(#648),#7459,.F.);
#7612=ADVANCED_FACE('',(#649,#111,#112,#113,#114,#115,#116,#117,#118,#119),
#226,.T.);
#7613=ADVANCED_FACE('',(#650),#227,.F.);
#7614=ADVANCED_FACE('',(#651),#228,.F.);
#7615=ADVANCED_FACE('',(#652),#229,.F.);
#7616=ADVANCED_FACE('',(#653),#230,.F.);
#7617=ADVANCED_FACE('',(#654),#231,.F.);
#7618=ADVANCED_FACE('',(#655),#232,.F.);
#7619=ADVANCED_FACE('',(#656,#120),#233,.T.);
#7620=ADVANCED_FACE('',(#657,#121),#234,.F.);
#7621=ADVANCED_FACE('',(#658),#235,.F.);
#7622=ADVANCED_FACE('',(#659),#236,.F.);
#7623=ADVANCED_FACE('',(#660),#237,.F.);
#7624=ADVANCED_FACE('',(#661),#238,.F.);
#7625=ADVANCED_FACE('',(#662),#239,.F.);
#7626=ADVANCED_FACE('',(#663),#240,.F.);
#7627=ADVANCED_FACE('',(#664,#122),#241,.T.);
#7628=ADVANCED_FACE('',(#665,#123),#242,.F.);
#7629=ADVANCED_FACE('',(#666),#243,.F.);
#7630=ADVANCED_FACE('',(#667),#244,.F.);
#7631=ADVANCED_FACE('',(#668),#245,.F.);
#7632=ADVANCED_FACE('',(#669),#246,.F.);
#7633=ADVANCED_FACE('',(#670),#247,.F.);
#7634=ADVANCED_FACE('',(#671),#248,.F.);
#7635=ADVANCED_FACE('',(#672,#124),#249,.T.);
#7636=ADVANCED_FACE('',(#673,#125),#250,.F.);
#7637=ADVANCED_FACE('',(#674),#251,.F.);
#7638=ADVANCED_FACE('',(#675),#252,.F.);
#7639=ADVANCED_FACE('',(#676),#253,.F.);
#7640=ADVANCED_FACE('',(#677),#254,.F.);
#7641=ADVANCED_FACE('',(#678),#255,.F.);
#7642=ADVANCED_FACE('',(#679),#256,.F.);
#7643=ADVANCED_FACE('',(#680,#126),#257,.T.);
#7644=ADVANCED_FACE('',(#681,#127),#258,.F.);
#7645=ADVANCED_FACE('',(#682),#259,.T.);
#7646=ADVANCED_FACE('',(#683),#260,.T.);
#7647=ADVANCED_FACE('',(#684),#261,.T.);
#7648=ADVANCED_FACE('',(#685),#262,.T.);
#7649=ADVANCED_FACE('',(#686),#263,.T.);
#7650=ADVANCED_FACE('',(#687),#264,.T.);
#7651=ADVANCED_FACE('',(#688),#265,.T.);
#7652=ADVANCED_FACE('',(#689),#266,.T.);
#7653=ADVANCED_FACE('',(#690),#267,.T.);
#7654=ADVANCED_FACE('',(#691),#268,.T.);
#7655=ADVANCED_FACE('',(#692),#269,.T.);
#7656=ADVANCED_FACE('',(#693),#270,.T.);
#7657=ADVANCED_FACE('',(#694),#271,.T.);
#7658=ADVANCED_FACE('',(#695),#272,.T.);
#7659=ADVANCED_FACE('',(#696),#273,.T.);
#7660=ADVANCED_FACE('',(#697),#274,.T.);
#7661=ADVANCED_FACE('',(#698),#275,.T.);
#7662=ADVANCED_FACE('',(#699),#276,.T.);
#7663=ADVANCED_FACE('',(#700),#277,.T.);
#7664=ADVANCED_FACE('',(#701),#278,.T.);
#7665=ADVANCED_FACE('',(#702),#279,.T.);
#7666=ADVANCED_FACE('',(#703),#280,.T.);
#7667=ADVANCED_FACE('',(#704),#281,.T.);
#7668=ADVANCED_FACE('',(#705),#282,.T.);
#7669=ADVANCED_FACE('',(#706),#283,.T.);
#7670=ADVANCED_FACE('',(#707),#284,.T.);
#7671=ADVANCED_FACE('',(#708),#285,.T.);
#7672=ADVANCED_FACE('',(#709),#286,.T.);
#7673=ADVANCED_FACE('',(#710),#287,.T.);
#7674=ADVANCED_FACE('',(#711),#288,.T.);
#7675=ADVANCED_FACE('',(#712),#289,.T.);
#7676=ADVANCED_FACE('',(#713),#290,.T.);
#7677=ADVANCED_FACE('',(#714),#291,.T.);
#7678=ADVANCED_FACE('',(#715),#292,.T.);
#7679=ADVANCED_FACE('',(#716),#293,.T.);
#7680=ADVANCED_FACE('',(#717),#294,.T.);
#7681=ADVANCED_FACE('',(#718),#295,.T.);
#7682=ADVANCED_FACE('',(#719),#296,.T.);
#7683=ADVANCED_FACE('',(#720),#297,.T.);
#7684=ADVANCED_FACE('',(#721),#298,.T.);
#7685=ADVANCED_FACE('',(#722),#299,.T.);
#7686=ADVANCED_FACE('',(#723),#300,.T.);
#7687=ADVANCED_FACE('',(#724),#301,.T.);
#7688=ADVANCED_FACE('',(#725),#302,.T.);
#7689=ADVANCED_FACE('',(#726),#303,.T.);
#7690=ADVANCED_FACE('',(#727),#304,.T.);
#7691=ADVANCED_FACE('',(#728,#128),#305,.T.);
#7692=ADVANCED_FACE('',(#729,#129),#306,.T.);
#7693=ADVANCED_FACE('',(#730),#307,.T.);
#7694=ADVANCED_FACE('',(#731),#308,.T.);
#7695=ADVANCED_FACE('',(#732),#309,.T.);
#7696=ADVANCED_FACE('',(#733),#310,.T.);
#7697=ADVANCED_FACE('',(#734),#311,.T.);
#7698=ADVANCED_FACE('',(#735),#312,.T.);
#7699=ADVANCED_FACE('',(#736),#313,.T.);
#7700=ADVANCED_FACE('',(#737),#314,.T.);
#7701=ADVANCED_FACE('',(#738),#315,.T.);
#7702=ADVANCED_FACE('',(#739),#316,.T.);
#7703=ADVANCED_FACE('',(#740),#317,.T.);
#7704=ADVANCED_FACE('',(#741),#318,.T.);
#7705=ADVANCED_FACE('',(#742),#319,.T.);
#7706=ADVANCED_FACE('',(#743),#320,.T.);
#7707=ADVANCED_FACE('',(#744),#321,.T.);
#7708=ADVANCED_FACE('',(#745),#322,.T.);
#7709=ADVANCED_FACE('',(#746,#130),#323,.T.);
#7710=ADVANCED_FACE('',(#747,#131),#324,.T.);
#7711=ADVANCED_FACE('',(#748),#325,.T.);
#7712=ADVANCED_FACE('',(#749),#326,.T.);
#7713=ADVANCED_FACE('',(#750),#327,.T.);
#7714=ADVANCED_FACE('',(#751),#328,.T.);
#7715=ADVANCED_FACE('',(#752),#329,.T.);
#7716=ADVANCED_FACE('',(#753),#330,.T.);
#7717=ADVANCED_FACE('',(#754),#331,.T.);
#7718=ADVANCED_FACE('',(#755),#332,.T.);
#7719=ADVANCED_FACE('',(#756),#333,.T.);
#7720=ADVANCED_FACE('',(#757),#334,.T.);
#7721=ADVANCED_FACE('',(#758),#335,.T.);
#7722=ADVANCED_FACE('',(#759),#336,.T.);
#7723=ADVANCED_FACE('',(#760),#337,.T.);
#7724=ADVANCED_FACE('',(#761),#338,.T.);
#7725=ADVANCED_FACE('',(#762),#339,.T.);
#7726=ADVANCED_FACE('',(#763),#340,.T.);
#7727=ADVANCED_FACE('',(#764),#341,.T.);
#7728=ADVANCED_FACE('',(#765),#342,.T.);
#7729=ADVANCED_FACE('',(#766),#343,.T.);
#7730=ADVANCED_FACE('',(#767),#344,.T.);
#7731=ADVANCED_FACE('',(#768),#345,.T.);
#7732=ADVANCED_FACE('',(#769),#346,.T.);
#7733=ADVANCED_FACE('',(#770),#347,.T.);
#7734=ADVANCED_FACE('',(#771),#348,.T.);
#7735=ADVANCED_FACE('',(#772),#349,.T.);
#7736=ADVANCED_FACE('',(#773),#350,.T.);
#7737=ADVANCED_FACE('',(#774),#351,.T.);
#7738=ADVANCED_FACE('',(#775),#352,.T.);
#7739=ADVANCED_FACE('',(#776),#353,.T.);
#7740=ADVANCED_FACE('',(#777),#354,.T.);
#7741=ADVANCED_FACE('',(#778,#132),#355,.T.);
#7742=ADVANCED_FACE('',(#779,#133),#356,.T.);
#7743=ADVANCED_FACE('',(#780),#357,.T.);
#7744=ADVANCED_FACE('',(#781),#358,.T.);
#7745=ADVANCED_FACE('',(#782),#359,.T.);
#7746=ADVANCED_FACE('',(#783),#360,.T.);
#7747=ADVANCED_FACE('',(#784),#361,.T.);
#7748=ADVANCED_FACE('',(#785),#362,.T.);
#7749=ADVANCED_FACE('',(#786),#363,.T.);
#7750=ADVANCED_FACE('',(#787),#364,.T.);
#7751=ADVANCED_FACE('',(#788),#365,.T.);
#7752=ADVANCED_FACE('',(#789),#366,.T.);
#7753=ADVANCED_FACE('',(#790),#367,.T.);
#7754=ADVANCED_FACE('',(#791),#368,.T.);
#7755=ADVANCED_FACE('',(#792),#369,.T.);
#7756=ADVANCED_FACE('',(#793),#370,.T.);
#7757=ADVANCED_FACE('',(#794),#371,.T.);
#7758=ADVANCED_FACE('',(#795),#372,.T.);
#7759=ADVANCED_FACE('',(#796),#373,.T.);
#7760=ADVANCED_FACE('',(#797),#374,.T.);
#7761=ADVANCED_FACE('',(#798),#375,.T.);
#7762=ADVANCED_FACE('',(#799),#376,.T.);
#7763=ADVANCED_FACE('',(#800),#377,.T.);
#7764=ADVANCED_FACE('',(#801),#378,.T.);
#7765=ADVANCED_FACE('',(#802),#379,.T.);
#7766=ADVANCED_FACE('',(#803),#380,.T.);
#7767=ADVANCED_FACE('',(#804),#381,.T.);
#7768=ADVANCED_FACE('',(#805),#382,.T.);
#7769=ADVANCED_FACE('',(#806),#383,.T.);
#7770=ADVANCED_FACE('',(#807),#384,.T.);
#7771=ADVANCED_FACE('',(#808),#385,.T.);
#7772=ADVANCED_FACE('',(#809),#386,.T.);
#7773=ADVANCED_FACE('',(#810),#387,.T.);
#7774=ADVANCED_FACE('',(#811),#388,.T.);
#7775=ADVANCED_FACE('',(#812),#389,.T.);
#7776=ADVANCED_FACE('',(#813),#390,.T.);
#7777=ADVANCED_FACE('',(#814),#391,.T.);
#7778=ADVANCED_FACE('',(#815),#392,.T.);
#7779=ADVANCED_FACE('',(#816),#393,.T.);
#7780=ADVANCED_FACE('',(#817),#394,.T.);
#7781=ADVANCED_FACE('',(#818),#395,.T.);
#7782=ADVANCED_FACE('',(#819),#396,.T.);
#7783=ADVANCED_FACE('',(#820),#397,.T.);
#7784=ADVANCED_FACE('',(#821),#398,.T.);
#7785=ADVANCED_FACE('',(#822),#399,.T.);
#7786=ADVANCED_FACE('',(#823),#400,.T.);
#7787=ADVANCED_FACE('',(#824),#401,.T.);
#7788=ADVANCED_FACE('',(#825),#402,.T.);
#7789=ADVANCED_FACE('',(#826),#403,.T.);
#7790=ADVANCED_FACE('',(#827),#404,.T.);
#7791=ADVANCED_FACE('',(#828),#405,.T.);
#7792=ADVANCED_FACE('',(#829),#406,.T.);
#7793=ADVANCED_FACE('',(#830),#407,.T.);
#7794=ADVANCED_FACE('',(#831),#408,.T.);
#7795=ADVANCED_FACE('',(#832),#409,.T.);
#7796=ADVANCED_FACE('',(#833),#410,.T.);
#7797=ADVANCED_FACE('',(#834),#411,.T.);
#7798=ADVANCED_FACE('',(#835),#412,.T.);
#7799=ADVANCED_FACE('',(#836),#413,.T.);
#7800=ADVANCED_FACE('',(#837),#414,.T.);
#7801=ADVANCED_FACE('',(#838),#415,.T.);
#7802=ADVANCED_FACE('',(#839),#416,.T.);
#7803=ADVANCED_FACE('',(#840),#417,.T.);
#7804=ADVANCED_FACE('',(#841),#418,.T.);
#7805=ADVANCED_FACE('',(#842),#419,.T.);
#7806=ADVANCED_FACE('',(#843),#420,.T.);
#7807=ADVANCED_FACE('',(#844),#421,.T.);
#7808=ADVANCED_FACE('',(#845),#422,.T.);
#7809=ADVANCED_FACE('',(#846),#423,.T.);
#7810=ADVANCED_FACE('',(#847),#424,.T.);
#7811=ADVANCED_FACE('',(#848),#425,.T.);
#7812=ADVANCED_FACE('',(#849),#426,.T.);
#7813=ADVANCED_FACE('',(#850),#427,.T.);
#7814=ADVANCED_FACE('',(#851),#428,.T.);
#7815=ADVANCED_FACE('',(#852),#429,.T.);
#7816=ADVANCED_FACE('',(#853),#430,.T.);
#7817=ADVANCED_FACE('',(#854),#431,.T.);
#7818=ADVANCED_FACE('',(#855),#432,.T.);
#7819=ADVANCED_FACE('',(#856),#433,.T.);
#7820=ADVANCED_FACE('',(#857),#434,.T.);
#7821=ADVANCED_FACE('',(#858),#435,.T.);
#7822=ADVANCED_FACE('',(#859),#436,.T.);
#7823=ADVANCED_FACE('',(#860),#437,.T.);
#7824=ADVANCED_FACE('',(#861),#438,.T.);
#7825=ADVANCED_FACE('',(#862),#439,.T.);
#7826=ADVANCED_FACE('',(#863),#440,.T.);
#7827=ADVANCED_FACE('',(#864),#441,.T.);
#7828=ADVANCED_FACE('',(#865),#442,.T.);
#7829=ADVANCED_FACE('',(#866),#443,.T.);
#7830=ADVANCED_FACE('',(#867),#444,.T.);
#7831=ADVANCED_FACE('',(#868),#445,.T.);
#7832=ADVANCED_FACE('',(#869),#446,.T.);
#7833=ADVANCED_FACE('',(#870),#447,.T.);
#7834=ADVANCED_FACE('',(#871),#448,.T.);
#7835=ADVANCED_FACE('',(#872),#449,.T.);
#7836=ADVANCED_FACE('',(#873),#450,.T.);
#7837=ADVANCED_FACE('',(#874),#451,.T.);
#7838=ADVANCED_FACE('',(#875),#452,.T.);
#7839=ADVANCED_FACE('',(#876),#453,.T.);
#7840=ADVANCED_FACE('',(#877),#454,.T.);
#7841=ADVANCED_FACE('',(#878),#455,.T.);
#7842=ADVANCED_FACE('',(#879),#456,.T.);
#7843=ADVANCED_FACE('',(#880),#457,.T.);
#7844=ADVANCED_FACE('',(#881),#458,.T.);
#7845=ADVANCED_FACE('',(#882),#459,.T.);
#7846=ADVANCED_FACE('',(#883),#460,.T.);
#7847=ADVANCED_FACE('',(#884),#461,.T.);
#7848=ADVANCED_FACE('',(#885),#462,.T.);
#7849=ADVANCED_FACE('',(#886),#463,.T.);
#7850=ADVANCED_FACE('',(#887),#464,.T.);
#7851=ADVANCED_FACE('',(#888),#465,.T.);
#7852=ADVANCED_FACE('',(#889),#466,.T.);
#7853=ADVANCED_FACE('',(#890),#467,.T.);
#7854=ADVANCED_FACE('',(#891),#468,.T.);
#7855=ADVANCED_FACE('',(#892),#469,.T.);
#7856=ADVANCED_FACE('',(#893),#470,.T.);
#7857=ADVANCED_FACE('',(#894),#471,.T.);
#7858=ADVANCED_FACE('',(#895),#472,.T.);
#7859=ADVANCED_FACE('',(#896),#473,.T.);
#7860=ADVANCED_FACE('',(#897),#474,.T.);
#7861=ADVANCED_FACE('',(#898),#475,.T.);
#7862=ADVANCED_FACE('',(#899),#476,.T.);
#7863=ADVANCED_FACE('',(#900),#477,.T.);
#7864=ADVANCED_FACE('',(#901),#478,.T.);
#7865=ADVANCED_FACE('',(#902),#479,.T.);
#7866=ADVANCED_FACE('',(#903),#480,.T.);
#7867=ADVANCED_FACE('',(#904),#481,.T.);
#7868=ADVANCED_FACE('',(#905),#482,.T.);
#7869=ADVANCED_FACE('',(#906),#483,.T.);
#7870=ADVANCED_FACE('',(#907),#484,.T.);
#7871=ADVANCED_FACE('',(#908),#485,.T.);
#7872=ADVANCED_FACE('',(#909),#486,.T.);
#7873=ADVANCED_FACE('',(#910),#487,.T.);
#7874=ADVANCED_FACE('',(#911),#488,.T.);
#7875=ADVANCED_FACE('',(#912),#489,.T.);
#7876=ADVANCED_FACE('',(#913),#490,.T.);
#7877=ADVANCED_FACE('',(#914),#491,.T.);
#7878=ADVANCED_FACE('',(#915),#492,.T.);
#7879=ADVANCED_FACE('',(#916),#493,.T.);
#7880=ADVANCED_FACE('',(#917),#494,.T.);
#7881=ADVANCED_FACE('',(#918),#495,.T.);
#7882=ADVANCED_FACE('',(#919),#496,.T.);
#7883=CLOSED_SHELL('',(#7460,#7461,#7462,#7463,#7464,#7465,#7466,#7467,
#7468,#7469,#7470,#7471,#7472,#7473,#7474,#7475,#7476,#7477,#7478,#7479,
#7480,#7481,#7482,#7483,#7484,#7485,#7486,#7487,#7488,#7489,#7490,#7491,
#7492,#7493,#7494,#7495,#7496,#7497,#7498,#7499,#7500,#7501,#7502,#7503,
#7504,#7505,#7506,#7507,#7508,#7509,#7510,#7511,#7512,#7513,#7514,#7515,
#7516,#7517,#7518,#7519,#7520,#7521,#7522,#7523,#7524,#7525,#7526,#7527,
#7528,#7529,#7530,#7531,#7532,#7533,#7534,#7535,#7536,#7537,#7538,#7539,
#7540,#7541,#7542,#7543,#7544,#7545,#7546,#7547,#7548,#7549,#7550,#7551,
#7552,#7553,#7554,#7555,#7556,#7557,#7558,#7559,#7560,#7561,#7562,#7563,
#7564,#7565,#7566,#7567,#7568,#7569,#7570,#7571,#7572,#7573,#7574,#7575,
#7576,#7577,#7578,#7579,#7580,#7581,#7582,#7583,#7584,#7585,#7586,#7587,
#7588,#7589,#7590,#7591,#7592,#7593,#7594,#7595,#7596,#7597,#7598,#7599,
#7600,#7601,#7602,#7603,#7604,#7605,#7606,#7607,#7608,#7609,#7610,#7611,
#7612,#7613,#7614,#7615,#7616,#7617,#7618,#7619,#7620,#7621,#7622,#7623,
#7624,#7625,#7626,#7627,#7628,#7629,#7630,#7631,#7632,#7633,#7634,#7635,
#7636,#7637,#7638,#7639,#7640,#7641,#7642,#7643,#7644));
#7884=CLOSED_SHELL('',(#7645,#7646,#7647,#7648,#7649,#7650,#7651,#7652,
#7653,#7654,#7655,#7656,#7657,#7658));
#7885=CLOSED_SHELL('',(#7659,#7660,#7661,#7662,#7663,#7664,#7665,#7666,
#7667,#7668,#7669,#7670,#7671,#7672));
#7886=CLOSED_SHELL('',(#7673,#7674,#7675,#7676,#7677,#7678,#7679,#7680,
#7681,#7682,#7683,#7684,#7685,#7686,#7687,#7688,#7689,#7690,#7691,#7692));
#7887=CLOSED_SHELL('',(#7693,#7694,#7695,#7696,#7697,#7698,#7699,#7700,
#7701,#7702,#7703,#7704,#7705,#7706,#7707,#7708,#7709,#7710));
#7888=CLOSED_SHELL('',(#7711,#7712,#7713,#7714,#7715,#7716,#7717,#7718,
#7719,#7720,#7721,#7722,#7723,#7724));
#7889=CLOSED_SHELL('',(#7725,#7726,#7727,#7728,#7729,#7730,#7731,#7732,
#7733,#7734,#7735,#7736,#7737,#7738,#7739,#7740,#7741,#7742));
#7890=CLOSED_SHELL('',(#7743,#7744,#7745,#7746,#7747,#7748,#7749,#7750,
#7751,#7752,#7753,#7754,#7755,#7756,#7757,#7758,#7759,#7760,#7761,#7762,
#7763,#7764));
#7891=CLOSED_SHELL('',(#7765,#7766,#7767,#7768,#7769,#7770,#7771,#7772,
#7773,#7774,#7775,#7776,#7777,#7778,#7779,#7780,#7781,#7782,#7783,#7784,
#7785,#7786));
#7892=CLOSED_SHELL('',(#7787,#7788,#7789,#7790,#7791,#7792,#7793,#7794,
#7795,#7796));
#7893=CLOSED_SHELL('',(#7797,#7798,#7799,#7800,#7801,#7802,#7803,#7804,
#7805,#7806));
#7894=CLOSED_SHELL('',(#7807,#7808,#7809,#7810,#7811,#7812,#7813,#7814,
#7815,#7816,#7817,#7818,#7819,#7820,#7821,#7822,#7823,#7824,#7825,#7826,
#7827,#7828));
#7895=CLOSED_SHELL('',(#7829,#7830,#7831,#7832,#7833,#7834,#7835,#7836,
#7837,#7838,#7839,#7840,#7841,#7842,#7843,#7844,#7845,#7846,#7847,#7848,
#7849,#7850));
#7896=CLOSED_SHELL('',(#7851,#7852,#7853,#7854,#7855,#7856,#7857,#7858,
#7859,#7860));
#7897=CLOSED_SHELL('',(#7861,#7862,#7863,#7864,#7865,#7866,#7867,#7868));
#7898=CLOSED_SHELL('',(#7869,#7870,#7871,#7872,#7873,#7874,#7875,#7876,
#7877,#7878,#7879,#7880,#7881,#7882));
#7899=DERIVED_UNIT_ELEMENT(#7901,1.);
#7900=DERIVED_UNIT_ELEMENT(#13002,-3.);
#7901=(
MASS_UNIT()
NAMED_UNIT(*)
SI_UNIT(.KILO.,.GRAM.)
);
#7902=DERIVED_UNIT((#7899,#7900));
#7903=MEASURE_REPRESENTATION_ITEM('density measure',
POSITIVE_RATIO_MEASURE(7850.),#7902);
#7904=PROPERTY_DEFINITION_REPRESENTATION(#7909,#7906);
#7905=PROPERTY_DEFINITION_REPRESENTATION(#7910,#7907);
#7906=REPRESENTATION('material name',(#7908),#12999);
#7907=REPRESENTATION('density',(#7903),#12999);
#7908=DESCRIPTIVE_REPRESENTATION_ITEM('Steel','Steel');
#7909=PROPERTY_DEFINITION('material property','material name',#13009);
#7910=PROPERTY_DEFINITION('material property','density of part',#13009);
#7911=AXIS2_PLACEMENT_3D('',#10573,#8491,#8492);
#7912=AXIS2_PLACEMENT_3D('',#10574,#8493,#8494);
#7913=AXIS2_PLACEMENT_3D('',#10576,#8495,#8496);
#7914=AXIS2_PLACEMENT_3D('',#10579,#8498,#8499);
#7915=AXIS2_PLACEMENT_3D('',#10580,#8500,#8501);
#7916=AXIS2_PLACEMENT_3D('',#10589,#8506,#8507);
#7917=AXIS2_PLACEMENT_3D('',#10595,#8511,#8512);
#7918=AXIS2_PLACEMENT_3D('',#10601,#8516,#8517);
#7919=AXIS2_PLACEMENT_3D('',#10604,#8520,#8521);
#7920=AXIS2_PLACEMENT_3D('',#10606,#8522,#8523);
#7921=AXIS2_PLACEMENT_3D('',#10609,#8525,#8526);
#7922=AXIS2_PLACEMENT_3D('',#10610,#8527,#8528);
#7923=AXIS2_PLACEMENT_3D('',#10612,#8529,#8530);
#7924=AXIS2_PLACEMENT_3D('',#10615,#8532,#8533);
#7925=AXIS2_PLACEMENT_3D('',#10616,#8534,#8535);
#7926=AXIS2_PLACEMENT_3D('',#10618,#8536,#8537);
#7927=AXIS2_PLACEMENT_3D('',#10621,#8539,#8540);
#7928=AXIS2_PLACEMENT_3D('',#10622,#8541,#8542);
#7929=AXIS2_PLACEMENT_3D('',#10631,#8547,#8548);
#7930=AXIS2_PLACEMENT_3D('',#10637,#8552,#8553);
#7931=AXIS2_PLACEMENT_3D('',#10643,#8557,#8558);
#7932=AXIS2_PLACEMENT_3D('',#10646,#8561,#8562);
#7933=AXIS2_PLACEMENT_3D('',#10648,#8563,#8564);
#7934=AXIS2_PLACEMENT_3D('',#10651,#8566,#8567);
#7935=AXIS2_PLACEMENT_3D('',#10652,#8568,#8569);
#7936=AXIS2_PLACEMENT_3D('',#10661,#8574,#8575);
#7937=AXIS2_PLACEMENT_3D('',#10667,#8579,#8580);
#7938=AXIS2_PLACEMENT_3D('',#10673,#8584,#8585);
#7939=AXIS2_PLACEMENT_3D('',#10676,#8588,#8589);
#7940=AXIS2_PLACEMENT_3D('',#10678,#8590,#8591);
#7941=AXIS2_PLACEMENT_3D('',#10681,#8593,#8594);
#7942=AXIS2_PLACEMENT_3D('',#10682,#8595,#8596);
#7943=AXIS2_PLACEMENT_3D('',#10685,#8597,#8598);
#7944=AXIS2_PLACEMENT_3D('',#10689,#8600,#8601);
#7945=AXIS2_PLACEMENT_3D('',#10691,#8603,#8604);
#7946=AXIS2_PLACEMENT_3D('',#10699,#8609,#8610);
#7947=AXIS2_PLACEMENT_3D('',#10703,#8613,#8614);
#7948=AXIS2_PLACEMENT_3D('',#10706,#8615,#8616);
#7949=AXIS2_PLACEMENT_3D('',#10710,#8618,#8619);
#7950=AXIS2_PLACEMENT_3D('',#10712,#8621,#8622);
#7951=AXIS2_PLACEMENT_3D('',#10720,#8627,#8628);
#7952=AXIS2_PLACEMENT_3D('',#10732,#8635,#8636);
#7953=AXIS2_PLACEMENT_3D('',#10734,#8637,#8638);
#7954=AXIS2_PLACEMENT_3D('',#10737,#8640,#8641);
#7955=AXIS2_PLACEMENT_3D('',#10738,#8642,#8643);
#7956=AXIS2_PLACEMENT_3D('',#10741,#8644,#8645);
#7957=AXIS2_PLACEMENT_3D('',#10742,#8646,#8647);
#7958=AXIS2_PLACEMENT_3D('',#10743,#8648,#8649);
#7959=AXIS2_PLACEMENT_3D('',#10744,#8650,#8651);
#7960=AXIS2_PLACEMENT_3D('',#10747,#8652,#8653);
#7961=AXIS2_PLACEMENT_3D('',#10750,#8656,#8657);
#7962=AXIS2_PLACEMENT_3D('',#10753,#8658,#8659);
#7963=AXIS2_PLACEMENT_3D('',#10754,#8660,#8661);
#7964=AXIS2_PLACEMENT_3D('',#10755,#8662,#8663);
#7965=AXIS2_PLACEMENT_3D('',#10756,#8664,#8665);
#7966=AXIS2_PLACEMENT_3D('',#10759,#8666,#8667);
#7967=AXIS2_PLACEMENT_3D('',#10762,#8670,#8671);
#7968=AXIS2_PLACEMENT_3D('',#10773,#8677,#8678);
#7969=AXIS2_PLACEMENT_3D('',#10775,#8679,#8680);
#7970=AXIS2_PLACEMENT_3D('',#10777,#8681,#8682);
#7971=AXIS2_PLACEMENT_3D('',#10779,#8683,#8684);
#7972=AXIS2_PLACEMENT_3D('',#10781,#8685,#8686);
#7973=AXIS2_PLACEMENT_3D('',#10783,#8687,#8688);
#7974=AXIS2_PLACEMENT_3D('',#10785,#8689,#8690);
#7975=AXIS2_PLACEMENT_3D('',#10787,#8691,#8692);
#7976=AXIS2_PLACEMENT_3D('',#10789,#8693,#8694);
#7977=AXIS2_PLACEMENT_3D('',#10790,#8695,#8696);
#7978=AXIS2_PLACEMENT_3D('',#10793,#8697,#8698);
#7979=AXIS2_PLACEMENT_3D('',#10797,#8700,#8701);
#7980=AXIS2_PLACEMENT_3D('',#10799,#8703,#8704);
#7981=AXIS2_PLACEMENT_3D('',#10807,#8709,#8710);
#7982=AXIS2_PLACEMENT_3D('',#10811,#8713,#8714);
#7983=AXIS2_PLACEMENT_3D('',#10814,#8715,#8716);
#7984=AXIS2_PLACEMENT_3D('',#10818,#8718,#8719);
#7985=AXIS2_PLACEMENT_3D('',#10820,#8721,#8722);
#7986=AXIS2_PLACEMENT_3D('',#10828,#8727,#8728);
#7987=AXIS2_PLACEMENT_3D('',#10840,#8735,#8736);
#7988=AXIS2_PLACEMENT_3D('',#10842,#8737,#8738);
#7989=AXIS2_PLACEMENT_3D('',#10845,#8740,#8741);
#7990=AXIS2_PLACEMENT_3D('',#10846,#8742,#8743);
#7991=AXIS2_PLACEMENT_3D('',#10849,#8744,#8745);
#7992=AXIS2_PLACEMENT_3D('',#10850,#8746,#8747);
#7993=AXIS2_PLACEMENT_3D('',#10851,#8748,#8749);
#7994=AXIS2_PLACEMENT_3D('',#10852,#8750,#8751);
#7995=AXIS2_PLACEMENT_3D('',#10855,#8752,#8753);
#7996=AXIS2_PLACEMENT_3D('',#10858,#8756,#8757);
#7997=AXIS2_PLACEMENT_3D('',#10861,#8758,#8759);
#7998=AXIS2_PLACEMENT_3D('',#10862,#8760,#8761);
#7999=AXIS2_PLACEMENT_3D('',#10863,#8762,#8763);
#8000=AXIS2_PLACEMENT_3D('',#10864,#8764,#8765);
#8001=AXIS2_PLACEMENT_3D('',#10867,#8766,#8767);
#8002=AXIS2_PLACEMENT_3D('',#10870,#8770,#8771);
#8003=AXIS2_PLACEMENT_3D('',#10881,#8777,#8778);
#8004=AXIS2_PLACEMENT_3D('',#10883,#8779,#8780);
#8005=AXIS2_PLACEMENT_3D('',#10885,#8781,#8782);
#8006=AXIS2_PLACEMENT_3D('',#10887,#8783,#8784);
#8007=AXIS2_PLACEMENT_3D('',#10889,#8785,#8786);
#8008=AXIS2_PLACEMENT_3D('',#10891,#8787,#8788);
#8009=AXIS2_PLACEMENT_3D('',#10893,#8789,#8790);
#8010=AXIS2_PLACEMENT_3D('',#10895,#8791,#8792);
#8011=AXIS2_PLACEMENT_3D('',#10897,#8793,#8794);
#8012=AXIS2_PLACEMENT_3D('',#10898,#8795,#8796);
#8013=AXIS2_PLACEMENT_3D('',#10900,#8797,#8798);
#8014=AXIS2_PLACEMENT_3D('',#10903,#8800,#8801);
#8015=AXIS2_PLACEMENT_3D('',#10904,#8802,#8803);
#8016=AXIS2_PLACEMENT_3D('',#10906,#8804,#8805);
#8017=AXIS2_PLACEMENT_3D('',#10909,#8807,#8808);
#8018=AXIS2_PLACEMENT_3D('',#10910,#8809,#8810);
#8019=AXIS2_PLACEMENT_3D('',#10911,#8811,#8812);
#8020=AXIS2_PLACEMENT_3D('',#10913,#8813,#8814);
#8021=AXIS2_PLACEMENT_3D('',#10916,#8816,#8817);
#8022=AXIS2_PLACEMENT_3D('',#10917,#8818,#8819);
#8023=AXIS2_PLACEMENT_3D('',#10919,#8820,#8821);
#8024=AXIS2_PLACEMENT_3D('',#10922,#8823,#8824);
#8025=AXIS2_PLACEMENT_3D('',#10923,#8825,#8826);
#8026=AXIS2_PLACEMENT_3D('',#10924,#8827,#8828);
#8027=AXIS2_PLACEMENT_3D('',#10926,#8829,#8830);
#8028=AXIS2_PLACEMENT_3D('',#10929,#8832,#8833);
#8029=AXIS2_PLACEMENT_3D('',#10930,#8834,#8835);
#8030=AXIS2_PLACEMENT_3D('',#10932,#8836,#8837);
#8031=AXIS2_PLACEMENT_3D('',#10935,#8839,#8840);
#8032=AXIS2_PLACEMENT_3D('',#10936,#8841,#8842);
#8033=AXIS2_PLACEMENT_3D('',#10937,#8843,#8844);
#8034=AXIS2_PLACEMENT_3D('',#10939,#8845,#8846);
#8035=AXIS2_PLACEMENT_3D('',#10942,#8848,#8849);
#8036=AXIS2_PLACEMENT_3D('',#10943,#8850,#8851);
#8037=AXIS2_PLACEMENT_3D('',#10945,#8852,#8853);
#8038=AXIS2_PLACEMENT_3D('',#10948,#8855,#8856);
#8039=AXIS2_PLACEMENT_3D('',#10949,#8857,#8858);
#8040=AXIS2_PLACEMENT_3D('',#10950,#8859,#8860);
#8041=AXIS2_PLACEMENT_3D('',#10953,#8861,#8862);
#8042=AXIS2_PLACEMENT_3D('',#10957,#8864,#8865);
#8043=AXIS2_PLACEMENT_3D('',#10959,#8867,#8868);
#8044=AXIS2_PLACEMENT_3D('',#10965,#8872,#8873);
#8045=AXIS2_PLACEMENT_3D('',#10968,#8876,#8877);
#8046=AXIS2_PLACEMENT_3D('',#10971,#8878,#8879);
#8047=AXIS2_PLACEMENT_3D('',#10975,#8881,#8882);
#8048=AXIS2_PLACEMENT_3D('',#10977,#8884,#8885);
#8049=AXIS2_PLACEMENT_3D('',#10982,#8889,#8890);
#8050=AXIS2_PLACEMENT_3D('',#10984,#8891,#8892);
#8051=AXIS2_PLACEMENT_3D('',#10986,#8893,#8894);
#8052=AXIS2_PLACEMENT_3D('',#10988,#8896,#8897);
#8053=AXIS2_PLACEMENT_3D('',#10992,#8900,#8901);
#8054=AXIS2_PLACEMENT_3D('',#10995,#8902,#8903);
#8055=AXIS2_PLACEMENT_3D('',#10999,#8905,#8906);
#8056=AXIS2_PLACEMENT_3D('',#11001,#8908,#8909);
#8057=AXIS2_PLACEMENT_3D('',#11006,#8913,#8914);
#8058=AXIS2_PLACEMENT_3D('',#11008,#8916,#8917);
#8059=AXIS2_PLACEMENT_3D('',#11011,#8918,#8919);
#8060=AXIS2_PLACEMENT_3D('',#11015,#8921,#8922);
#8061=AXIS2_PLACEMENT_3D('',#11017,#8924,#8925);
#8062=AXIS2_PLACEMENT_3D('',#11023,#8929,#8930);
#8063=AXIS2_PLACEMENT_3D('',#11026,#8933,#8934);
#8064=AXIS2_PLACEMENT_3D('',#11028,#8935,#8936);
#8065=AXIS2_PLACEMENT_3D('',#11030,#8937,#8938);
#8066=AXIS2_PLACEMENT_3D('',#11032,#8940,#8941);
#8067=AXIS2_PLACEMENT_3D('',#11034,#8943,#8944);
#8068=AXIS2_PLACEMENT_3D('',#11037,#8947,#8948);
#8069=AXIS2_PLACEMENT_3D('',#11039,#8950,#8951);
#8070=AXIS2_PLACEMENT_3D('',#11051,#8959,#8960);
#8071=AXIS2_PLACEMENT_3D('',#11052,#8961,#8962);
#8072=AXIS2_PLACEMENT_3D('',#11056,#8965,#8966);
#8073=AXIS2_PLACEMENT_3D('',#11058,#8968,#8969);
#8074=AXIS2_PLACEMENT_3D('',#11063,#8973,#8974);
#8075=AXIS2_PLACEMENT_3D('',#11066,#8977,#8978);
#8076=AXIS2_PLACEMENT_3D('',#11067,#8979,#8980);
#8077=AXIS2_PLACEMENT_3D('',#11069,#8982,#8983);
#8078=AXIS2_PLACEMENT_3D('',#11071,#8985,#8986);
#8079=AXIS2_PLACEMENT_3D('',#11072,#8987,#8988);
#8080=AXIS2_PLACEMENT_3D('',#11074,#8990,#8991);
#8081=AXIS2_PLACEMENT_3D('',#11076,#8993,#8994);
#8082=AXIS2_PLACEMENT_3D('',#11078,#8995,#8996);
#8083=AXIS2_PLACEMENT_3D('',#11080,#8997,#8998);
#8084=AXIS2_PLACEMENT_3D('',#11081,#8999,#9000);
#8085=AXIS2_PLACEMENT_3D('',#11082,#9001,#9002);
#8086=AXIS2_PLACEMENT_3D('',#11085,#9004,#9005);
#8087=AXIS2_PLACEMENT_3D('',#11086,#9006,#9007);
#8088=AXIS2_PLACEMENT_3D('',#11088,#9008,#9009);
#8089=AXIS2_PLACEMENT_3D('',#11089,#9010,#9011);
#8090=AXIS2_PLACEMENT_3D('',#11091,#9012,#9013);
#8091=AXIS2_PLACEMENT_3D('',#11093,#9014,#9015);
#8092=AXIS2_PLACEMENT_3D('',#11094,#9016,#9017);
#8093=AXIS2_PLACEMENT_3D('',#11095,#9018,#9019);
#8094=AXIS2_PLACEMENT_3D('',#11098,#9021,#9022);
#8095=AXIS2_PLACEMENT_3D('',#11099,#9023,#9024);
#8096=AXIS2_PLACEMENT_3D('',#11101,#9025,#9026);
#8097=AXIS2_PLACEMENT_3D('',#11102,#9027,#9028);
#8098=AXIS2_PLACEMENT_3D('',#11104,#9029,#9030);
#8099=AXIS2_PLACEMENT_3D('',#11106,#9031,#9032);
#8100=AXIS2_PLACEMENT_3D('',#11107,#9033,#9034);
#8101=AXIS2_PLACEMENT_3D('',#11108,#9035,#9036);
#8102=AXIS2_PLACEMENT_3D('',#11111,#9038,#9039);
#8103=AXIS2_PLACEMENT_3D('',#11112,#9040,#9041);
#8104=AXIS2_PLACEMENT_3D('',#11114,#9042,#9043);
#8105=AXIS2_PLACEMENT_3D('',#11115,#9044,#9045);
#8106=AXIS2_PLACEMENT_3D('',#11117,#9046,#9047);
#8107=AXIS2_PLACEMENT_3D('',#11119,#9048,#9049);
#8108=AXIS2_PLACEMENT_3D('',#11120,#9050,#9051);
#8109=AXIS2_PLACEMENT_3D('',#11121,#9052,#9053);
#8110=AXIS2_PLACEMENT_3D('',#11124,#9055,#9056);
#8111=AXIS2_PLACEMENT_3D('',#11125,#9057,#9058);
#8112=AXIS2_PLACEMENT_3D('',#11127,#9059,#9060);
#8113=AXIS2_PLACEMENT_3D('',#11128,#9061,#9062);
#8114=AXIS2_PLACEMENT_3D('',#11133,#9064,#9065);
#8115=AXIS2_PLACEMENT_3D('',#11136,#9067,#9068);
#8116=AXIS2_PLACEMENT_3D('',#11137,#9069,#9070);
#8117=AXIS2_PLACEMENT_3D('',#11141,#9072,#9073);
#8118=AXIS2_PLACEMENT_3D('',#11143,#9075,#9076);
#8119=AXIS2_PLACEMENT_3D('',#11159,#9078,#9079);
#8120=AXIS2_PLACEMENT_3D('',#11162,#9082,#9083);
#8121=AXIS2_PLACEMENT_3D('',#11178,#9086,#9087);
#8122=AXIS2_PLACEMENT_3D('',#11188,#9090,#9091);
#8123=AXIS2_PLACEMENT_3D('',#11192,#9093,#9094);
#8124=AXIS2_PLACEMENT_3D('',#11243,#9096,#9097);
#8125=AXIS2_PLACEMENT_3D('',#11284,#9098,#9099);
#8126=AXIS2_PLACEMENT_3D('',#11293,#9100,#9101);
#8127=AXIS2_PLACEMENT_3D('',#11295,#9103,#9104);
#8128=AXIS2_PLACEMENT_3D('',#11297,#9105,#9106);
#8129=AXIS2_PLACEMENT_3D('',#11298,#9107,#9108);
#8130=AXIS2_PLACEMENT_3D('',#11300,#9109,#9110);
#8131=AXIS2_PLACEMENT_3D('',#11301,#9111,#9112);
#8132=AXIS2_PLACEMENT_3D('',#11302,#9113,#9114);
#8133=AXIS2_PLACEMENT_3D('',#11304,#9115,#9116);
#8134=AXIS2_PLACEMENT_3D('',#11305,#9117,#9118);
#8135=AXIS2_PLACEMENT_3D('',#11306,#9119,#9120);
#8136=AXIS2_PLACEMENT_3D('',#11308,#9122,#9123);
#8137=AXIS2_PLACEMENT_3D('',#11310,#9125,#9126);
#8138=AXIS2_PLACEMENT_3D('',#11311,#9127,#9128);
#8139=AXIS2_PLACEMENT_3D('',#11313,#9130,#9131);
#8140=AXIS2_PLACEMENT_3D('',#11314,#9132,#9133);
#8141=AXIS2_PLACEMENT_3D('',#11316,#9135,#9136);
#8142=AXIS2_PLACEMENT_3D('',#11317,#9137,#9138);
#8143=AXIS2_PLACEMENT_3D('',#11318,#9139,#9140);
#8144=AXIS2_PLACEMENT_3D('',#11321,#9142,#9143);
#8145=AXIS2_PLACEMENT_3D('',#11322,#9144,#9145);
#8146=AXIS2_PLACEMENT_3D('',#11326,#9148,#9149);
#8147=AXIS2_PLACEMENT_3D('',#11329,#9151,#9152);
#8148=AXIS2_PLACEMENT_3D('',#11330,#9153,#9154);
#8149=AXIS2_PLACEMENT_3D('',#11334,#9156,#9157);
#8150=AXIS2_PLACEMENT_3D('',#11336,#9159,#9160);
#8151=AXIS2_PLACEMENT_3D('',#11340,#9163,#9164);
#8152=AXIS2_PLACEMENT_3D('',#11341,#9165,#9166);
#8153=AXIS2_PLACEMENT_3D('',#11342,#9167,#9168);
#8154=AXIS2_PLACEMENT_3D('',#11345,#9169,#9170);
#8155=AXIS2_PLACEMENT_3D('',#11349,#9172,#9173);
#8156=AXIS2_PLACEMENT_3D('',#11351,#9175,#9176);
#8157=AXIS2_PLACEMENT_3D('',#11357,#9179,#9180);
#8158=AXIS2_PLACEMENT_3D('',#11359,#9181,#9182);
#8159=AXIS2_PLACEMENT_3D('',#11363,#9185,#9186);
#8160=AXIS2_PLACEMENT_3D('',#11367,#9188,#9189);
#8161=AXIS2_PLACEMENT_3D('',#11370,#9191,#9192);
#8162=AXIS2_PLACEMENT_3D('',#11372,#9194,#9195);
#8163=AXIS2_PLACEMENT_3D('',#11374,#9196,#9197);
#8164=AXIS2_PLACEMENT_3D('',#11376,#9198,#9199);
#8165=AXIS2_PLACEMENT_3D('',#11378,#9200,#9201);
#8166=AXIS2_PLACEMENT_3D('',#11380,#9202,#9203);
#8167=AXIS2_PLACEMENT_3D('',#11382,#9204,#9205);
#8168=AXIS2_PLACEMENT_3D('',#11384,#9206,#9207);
#8169=AXIS2_PLACEMENT_3D('',#11386,#9208,#9209);
#8170=AXIS2_PLACEMENT_3D('',#11388,#9210,#9211);
#8171=AXIS2_PLACEMENT_3D('',#11390,#9212,#9213);
#8172=AXIS2_PLACEMENT_3D('',#11391,#9214,#9215);
#8173=AXIS2_PLACEMENT_3D('',#11395,#9217,#9218);
#8174=AXIS2_PLACEMENT_3D('',#11397,#9220,#9221);
#8175=AXIS2_PLACEMENT_3D('',#11401,#9224,#9225);
#8176=AXIS2_PLACEMENT_3D('',#11403,#9226,#9227);
#8177=AXIS2_PLACEMENT_3D('',#11405,#9229,#9230);
#8178=AXIS2_PLACEMENT_3D('',#11407,#9232,#9233);
#8179=AXIS2_PLACEMENT_3D('',#11409,#9234,#9235);
#8180=AXIS2_PLACEMENT_3D('',#11411,#9237,#9238);
#8181=AXIS2_PLACEMENT_3D('',#11413,#9240,#9241);
#8182=AXIS2_PLACEMENT_3D('',#11415,#9242,#9243);
#8183=AXIS2_PLACEMENT_3D('',#11417,#9245,#9246);
#8184=AXIS2_PLACEMENT_3D('',#11419,#9248,#9249);
#8185=AXIS2_PLACEMENT_3D('',#11421,#9250,#9251);
#8186=AXIS2_PLACEMENT_3D('',#11423,#9253,#9254);
#8187=AXIS2_PLACEMENT_3D('',#11425,#9256,#9257);
#8188=AXIS2_PLACEMENT_3D('',#11427,#9258,#9259);
#8189=AXIS2_PLACEMENT_3D('',#11429,#9261,#9262);
#8190=AXIS2_PLACEMENT_3D('',#11431,#9264,#9265);
#8191=AXIS2_PLACEMENT_3D('',#11433,#9266,#9267);
#8192=AXIS2_PLACEMENT_3D('',#11435,#9269,#9270);
#8193=AXIS2_PLACEMENT_3D('',#11437,#9272,#9273);
#8194=AXIS2_PLACEMENT_3D('',#11439,#9274,#9275);
#8195=AXIS2_PLACEMENT_3D('',#11441,#9277,#9278);
#8196=AXIS2_PLACEMENT_3D('',#11443,#9280,#9281);
#8197=AXIS2_PLACEMENT_3D('',#11445,#9282,#9283);
#8198=AXIS2_PLACEMENT_3D('',#11447,#9285,#9286);
#8199=AXIS2_PLACEMENT_3D('',#11449,#9288,#9289);
#8200=AXIS2_PLACEMENT_3D('',#11451,#9290,#9291);
#8201=AXIS2_PLACEMENT_3D('',#11453,#9293,#9294);
#8202=AXIS2_PLACEMENT_3D('',#11455,#9296,#9297);
#8203=AXIS2_PLACEMENT_3D('',#11456,#9298,#9299);
#8204=AXIS2_PLACEMENT_3D('',#11458,#9301,#9302);
#8205=AXIS2_PLACEMENT_3D('',#11459,#9303,#9304);
#8206=AXIS2_PLACEMENT_3D('',#11460,#9305,#9306);
#8207=AXIS2_PLACEMENT_3D('',#11461,#9307,#9308);
#8208=AXIS2_PLACEMENT_3D('',#11462,#9309,#9310);
#8209=AXIS2_PLACEMENT_3D('',#11540,#9311,#9312);
#8210=AXIS2_PLACEMENT_3D('',#11552,#9313,#9314);
#8211=AXIS2_PLACEMENT_3D('',#11553,#9315,#9316);
#8212=AXIS2_PLACEMENT_3D('',#11554,#9317,#9318);
#8213=AXIS2_PLACEMENT_3D('',#11556,#9319,#9320);
#8214=AXIS2_PLACEMENT_3D('',#11557,#9321,#9322);
#8215=AXIS2_PLACEMENT_3D('',#11558,#9323,#9324);
#8216=AXIS2_PLACEMENT_3D('',#11559,#9325,#9326);
#8217=AXIS2_PLACEMENT_3D('',#11561,#9328,#9329);
#8218=AXIS2_PLACEMENT_3D('',#11563,#9330,#9331);
#8219=AXIS2_PLACEMENT_3D('',#11564,#9332,#9333);
#8220=AXIS2_PLACEMENT_3D('',#11566,#9335,#9336);
#8221=AXIS2_PLACEMENT_3D('',#11567,#9337,#9338);
#8222=AXIS2_PLACEMENT_3D('',#11576,#9343,#9344);
#8223=AXIS2_PLACEMENT_3D('',#11582,#9348,#9349);
#8224=AXIS2_PLACEMENT_3D('',#11588,#9353,#9354);
#8225=AXIS2_PLACEMENT_3D('',#11594,#9358,#9359);
#8226=AXIS2_PLACEMENT_3D('',#11600,#9363,#9364);
#8227=AXIS2_PLACEMENT_3D('',#11603,#9367,#9368);
#8228=AXIS2_PLACEMENT_3D('',#11604,#9369,#9370);
#8229=AXIS2_PLACEMENT_3D('',#11605,#9371,#9372);
#8230=AXIS2_PLACEMENT_3D('',#11614,#9377,#9378);
#8231=AXIS2_PLACEMENT_3D('',#11620,#9382,#9383);
#8232=AXIS2_PLACEMENT_3D('',#11626,#9387,#9388);
#8233=AXIS2_PLACEMENT_3D('',#11632,#9392,#9393);
#8234=AXIS2_PLACEMENT_3D('',#11638,#9397,#9398);
#8235=AXIS2_PLACEMENT_3D('',#11641,#9401,#9402);
#8236=AXIS2_PLACEMENT_3D('',#11642,#9403,#9404);
#8237=AXIS2_PLACEMENT_3D('',#11643,#9405,#9406);
#8238=AXIS2_PLACEMENT_3D('',#11652,#9411,#9412);
#8239=AXIS2_PLACEMENT_3D('',#11658,#9416,#9417);
#8240=AXIS2_PLACEMENT_3D('',#11664,#9421,#9422);
#8241=AXIS2_PLACEMENT_3D('',#11670,#9426,#9427);
#8242=AXIS2_PLACEMENT_3D('',#11676,#9431,#9432);
#8243=AXIS2_PLACEMENT_3D('',#11679,#9435,#9436);
#8244=AXIS2_PLACEMENT_3D('',#11680,#9437,#9438);
#8245=AXIS2_PLACEMENT_3D('',#11681,#9439,#9440);
#8246=AXIS2_PLACEMENT_3D('',#11690,#9445,#9446);
#8247=AXIS2_PLACEMENT_3D('',#11696,#9450,#9451);
#8248=AXIS2_PLACEMENT_3D('',#11702,#9455,#9456);
#8249=AXIS2_PLACEMENT_3D('',#11708,#9460,#9461);
#8250=AXIS2_PLACEMENT_3D('',#11714,#9465,#9466);
#8251=AXIS2_PLACEMENT_3D('',#11717,#9469,#9470);
#8252=AXIS2_PLACEMENT_3D('',#11718,#9471,#9472);
#8253=AXIS2_PLACEMENT_3D('',#11719,#9473,#9474);
#8254=AXIS2_PLACEMENT_3D('',#11728,#9479,#9480);
#8255=AXIS2_PLACEMENT_3D('',#11734,#9484,#9485);
#8256=AXIS2_PLACEMENT_3D('',#11740,#9489,#9490);
#8257=AXIS2_PLACEMENT_3D('',#11746,#9494,#9495);
#8258=AXIS2_PLACEMENT_3D('',#11752,#9499,#9500);
#8259=AXIS2_PLACEMENT_3D('',#11758,#9504,#9505);
#8260=AXIS2_PLACEMENT_3D('',#11764,#9509,#9510);
#8261=AXIS2_PLACEMENT_3D('',#11770,#9514,#9515);
#8262=AXIS2_PLACEMENT_3D('',#11776,#9519,#9520);
#8263=AXIS2_PLACEMENT_3D('',#11782,#9524,#9525);
#8264=AXIS2_PLACEMENT_3D('',#11788,#9529,#9530);
#8265=AXIS2_PLACEMENT_3D('',#11791,#9533,#9534);
#8266=AXIS2_PLACEMENT_3D('',#11792,#9535,#9536);
#8267=AXIS2_PLACEMENT_3D('',#11793,#9537,#9538);
#8268=AXIS2_PLACEMENT_3D('',#11802,#9543,#9544);
#8269=AXIS2_PLACEMENT_3D('',#11808,#9548,#9549);
#8270=AXIS2_PLACEMENT_3D('',#11814,#9553,#9554);
#8271=AXIS2_PLACEMENT_3D('',#11820,#9558,#9559);
#8272=AXIS2_PLACEMENT_3D('',#11826,#9563,#9564);
#8273=AXIS2_PLACEMENT_3D('',#11832,#9568,#9569);
#8274=AXIS2_PLACEMENT_3D('',#11838,#9573,#9574);
#8275=AXIS2_PLACEMENT_3D('',#11844,#9578,#9579);
#8276=AXIS2_PLACEMENT_3D('',#11850,#9583,#9584);
#8277=AXIS2_PLACEMENT_3D('',#11856,#9588,#9589);
#8278=AXIS2_PLACEMENT_3D('',#11862,#9593,#9594);
#8279=AXIS2_PLACEMENT_3D('',#11865,#9597,#9598);
#8280=AXIS2_PLACEMENT_3D('',#11866,#9599,#9600);
#8281=AXIS2_PLACEMENT_3D('',#11867,#9601,#9602);
#8282=AXIS2_PLACEMENT_3D('',#11876,#9607,#9608);
#8283=AXIS2_PLACEMENT_3D('',#11882,#9612,#9613);
#8284=AXIS2_PLACEMENT_3D('',#11888,#9617,#9618);
#8285=AXIS2_PLACEMENT_3D('',#11891,#9621,#9622);
#8286=AXIS2_PLACEMENT_3D('',#11900,#9627,#9628);
#8287=AXIS2_PLACEMENT_3D('',#11906,#9632,#9633);
#8288=AXIS2_PLACEMENT_3D('',#11912,#9637,#9638);
#8289=AXIS2_PLACEMENT_3D('',#11918,#9642,#9643);
#8290=AXIS2_PLACEMENT_3D('',#11924,#9647,#9648);
#8291=AXIS2_PLACEMENT_3D('',#11930,#9652,#9653);
#8292=AXIS2_PLACEMENT_3D('',#11936,#9657,#9658);
#8293=AXIS2_PLACEMENT_3D('',#11942,#9662,#9663);
#8294=AXIS2_PLACEMENT_3D('',#11948,#9667,#9668);
#8295=AXIS2_PLACEMENT_3D('',#11954,#9672,#9673);
#8296=AXIS2_PLACEMENT_3D('',#11960,#9677,#9678);
#8297=AXIS2_PLACEMENT_3D('',#11966,#9682,#9683);
#8298=AXIS2_PLACEMENT_3D('',#11972,#9687,#9688);
#8299=AXIS2_PLACEMENT_3D('',#11975,#9691,#9692);
#8300=AXIS2_PLACEMENT_3D('',#11976,#9693,#9694);
#8301=AXIS2_PLACEMENT_3D('',#11977,#9695,#9696);
#8302=AXIS2_PLACEMENT_3D('',#11986,#9701,#9702);
#8303=AXIS2_PLACEMENT_3D('',#11992,#9706,#9707);
#8304=AXIS2_PLACEMENT_3D('',#11998,#9711,#9712);
#8305=AXIS2_PLACEMENT_3D('',#12001,#9715,#9716);
#8306=AXIS2_PLACEMENT_3D('',#12010,#9721,#9722);
#8307=AXIS2_PLACEMENT_3D('',#12016,#9726,#9727);
#8308=AXIS2_PLACEMENT_3D('',#12022,#9731,#9732);
#8309=AXIS2_PLACEMENT_3D('',#12028,#9736,#9737);
#8310=AXIS2_PLACEMENT_3D('',#12034,#9741,#9742);
#8311=AXIS2_PLACEMENT_3D('',#12040,#9746,#9747);
#8312=AXIS2_PLACEMENT_3D('',#12046,#9751,#9752);
#8313=AXIS2_PLACEMENT_3D('',#12052,#9756,#9757);
#8314=AXIS2_PLACEMENT_3D('',#12058,#9761,#9762);
#8315=AXIS2_PLACEMENT_3D('',#12064,#9766,#9767);
#8316=AXIS2_PLACEMENT_3D('',#12070,#9771,#9772);
#8317=AXIS2_PLACEMENT_3D('',#12073,#9775,#9776);
#8318=AXIS2_PLACEMENT_3D('',#12074,#9777,#9778);
#8319=AXIS2_PLACEMENT_3D('',#12075,#9779,#9780);
#8320=AXIS2_PLACEMENT_3D('',#12084,#9785,#9786);
#8321=AXIS2_PLACEMENT_3D('',#12090,#9790,#9791);
#8322=AXIS2_PLACEMENT_3D('',#12096,#9795,#9796);
#8323=AXIS2_PLACEMENT_3D('',#12102,#9800,#9801);
#8324=AXIS2_PLACEMENT_3D('',#12108,#9805,#9806);
#8325=AXIS2_PLACEMENT_3D('',#12114,#9810,#9811);
#8326=AXIS2_PLACEMENT_3D('',#12120,#9815,#9816);
#8327=AXIS2_PLACEMENT_3D('',#12126,#9820,#9821);
#8328=AXIS2_PLACEMENT_3D('',#12132,#9825,#9826);
#8329=AXIS2_PLACEMENT_3D('',#12138,#9830,#9831);
#8330=AXIS2_PLACEMENT_3D('',#12144,#9835,#9836);
#8331=AXIS2_PLACEMENT_3D('',#12147,#9839,#9840);
#8332=AXIS2_PLACEMENT_3D('',#12148,#9841,#9842);
#8333=AXIS2_PLACEMENT_3D('',#12149,#9843,#9844);
#8334=AXIS2_PLACEMENT_3D('',#12158,#9849,#9850);
#8335=AXIS2_PLACEMENT_3D('',#12164,#9854,#9855);
#8336=AXIS2_PLACEMENT_3D('',#12170,#9859,#9860);
#8337=AXIS2_PLACEMENT_3D('',#12173,#9863,#9864);
#8338=AXIS2_PLACEMENT_3D('',#12182,#9869,#9870);
#8339=AXIS2_PLACEMENT_3D('',#12188,#9874,#9875);
#8340=AXIS2_PLACEMENT_3D('',#12194,#9879,#9880);
#8341=AXIS2_PLACEMENT_3D('',#12200,#9884,#9885);
#8342=AXIS2_PLACEMENT_3D('',#12206,#9889,#9890);
#8343=AXIS2_PLACEMENT_3D('',#12212,#9894,#9895);
#8344=AXIS2_PLACEMENT_3D('',#12218,#9899,#9900);
#8345=AXIS2_PLACEMENT_3D('',#12224,#9904,#9905);
#8346=AXIS2_PLACEMENT_3D('',#12230,#9909,#9910);
#8347=AXIS2_PLACEMENT_3D('',#12236,#9914,#9915);
#8348=AXIS2_PLACEMENT_3D('',#12242,#9919,#9920);
#8349=AXIS2_PLACEMENT_3D('',#12245,#9923,#9924);
#8350=AXIS2_PLACEMENT_3D('',#12246,#9925,#9926);
#8351=AXIS2_PLACEMENT_3D('',#12247,#9927,#9928);
#8352=AXIS2_PLACEMENT_3D('',#12256,#9933,#9934);
#8353=AXIS2_PLACEMENT_3D('',#12262,#9938,#9939);
#8354=AXIS2_PLACEMENT_3D('',#12268,#9943,#9944);
#8355=AXIS2_PLACEMENT_3D('',#12274,#9948,#9949);
#8356=AXIS2_PLACEMENT_3D('',#12280,#9953,#9954);
#8357=AXIS2_PLACEMENT_3D('',#12286,#9958,#9959);
#8358=AXIS2_PLACEMENT_3D('',#12292,#9963,#9964);
#8359=AXIS2_PLACEMENT_3D('',#12298,#9968,#9969);
#8360=AXIS2_PLACEMENT_3D('',#12304,#9973,#9974);
#8361=AXIS2_PLACEMENT_3D('',#12310,#9978,#9979);
#8362=AXIS2_PLACEMENT_3D('',#12316,#9983,#9984);
#8363=AXIS2_PLACEMENT_3D('',#12322,#9988,#9989);
#8364=AXIS2_PLACEMENT_3D('',#12328,#9993,#9994);
#8365=AXIS2_PLACEMENT_3D('',#12334,#9998,#9999);
#8366=AXIS2_PLACEMENT_3D('',#12340,#10003,#10004);
#8367=AXIS2_PLACEMENT_3D('',#12346,#10008,#10009);
#8368=AXIS2_PLACEMENT_3D('',#12352,#10013,#10014);
#8369=AXIS2_PLACEMENT_3D('',#12358,#10018,#10019);
#8370=AXIS2_PLACEMENT_3D('',#12364,#10023,#10024);
#8371=AXIS2_PLACEMENT_3D('',#12367,#10027,#10028);
#8372=AXIS2_PLACEMENT_3D('',#12368,#10029,#10030);
#8373=AXIS2_PLACEMENT_3D('',#12369,#10031,#10032);
#8374=AXIS2_PLACEMENT_3D('',#12378,#10037,#10038);
#8375=AXIS2_PLACEMENT_3D('',#12384,#10042,#10043);
#8376=AXIS2_PLACEMENT_3D('',#12390,#10047,#10048);
#8377=AXIS2_PLACEMENT_3D('',#12396,#10052,#10053);
#8378=AXIS2_PLACEMENT_3D('',#12402,#10057,#10058);
#8379=AXIS2_PLACEMENT_3D('',#12408,#10062,#10063);
#8380=AXIS2_PLACEMENT_3D('',#12414,#10067,#10068);
#8381=AXIS2_PLACEMENT_3D('',#12420,#10072,#10073);
#8382=AXIS2_PLACEMENT_3D('',#12426,#10077,#10078);
#8383=AXIS2_PLACEMENT_3D('',#12432,#10082,#10083);
#8384=AXIS2_PLACEMENT_3D('',#12438,#10087,#10088);
#8385=AXIS2_PLACEMENT_3D('',#12444,#10092,#10093);
#8386=AXIS2_PLACEMENT_3D('',#12450,#10097,#10098);
#8387=AXIS2_PLACEMENT_3D('',#12456,#10102,#10103);
#8388=AXIS2_PLACEMENT_3D('',#12462,#10107,#10108);
#8389=AXIS2_PLACEMENT_3D('',#12468,#10112,#10113);
#8390=AXIS2_PLACEMENT_3D('',#12474,#10117,#10118);
#8391=AXIS2_PLACEMENT_3D('',#12480,#10122,#10123);
#8392=AXIS2_PLACEMENT_3D('',#12486,#10127,#10128);
#8393=AXIS2_PLACEMENT_3D('',#12489,#10131,#10132);
#8394=AXIS2_PLACEMENT_3D('',#12490,#10133,#10134);
#8395=AXIS2_PLACEMENT_3D('',#12491,#10135,#10136);
#8396=AXIS2_PLACEMENT_3D('',#12500,#10141,#10142);
#8397=AXIS2_PLACEMENT_3D('',#12506,#10146,#10147);
#8398=AXIS2_PLACEMENT_3D('',#12512,#10151,#10152);
#8399=AXIS2_PLACEMENT_3D('',#12518,#10156,#10157);
#8400=AXIS2_PLACEMENT_3D('',#12524,#10161,#10162);
#8401=AXIS2_PLACEMENT_3D('',#12530,#10166,#10167);
#8402=AXIS2_PLACEMENT_3D('',#12536,#10171,#10172);
#8403=AXIS2_PLACEMENT_3D('',#12539,#10175,#10176);
#8404=AXIS2_PLACEMENT_3D('',#12540,#10177,#10178);
#8405=AXIS2_PLACEMENT_3D('',#12541,#10179,#10180);
#8406=AXIS2_PLACEMENT_3D('',#12550,#10185,#10186);
#8407=AXIS2_PLACEMENT_3D('',#12556,#10190,#10191);
#8408=AXIS2_PLACEMENT_3D('',#12562,#10195,#10196);
#8409=AXIS2_PLACEMENT_3D('',#12568,#10200,#10201);
#8410=AXIS2_PLACEMENT_3D('',#12574,#10205,#10206);
#8411=AXIS2_PLACEMENT_3D('',#12580,#10210,#10211);
#8412=AXIS2_PLACEMENT_3D('',#12586,#10215,#10216);
#8413=AXIS2_PLACEMENT_3D('',#12589,#10219,#10220);
#8414=AXIS2_PLACEMENT_3D('',#12590,#10221,#10222);
#8415=AXIS2_PLACEMENT_3D('',#12591,#10223,#10224);
#8416=AXIS2_PLACEMENT_3D('',#12600,#10229,#10230);
#8417=AXIS2_PLACEMENT_3D('',#12606,#10234,#10235);
#8418=AXIS2_PLACEMENT_3D('',#12612,#10239,#10240);
#8419=AXIS2_PLACEMENT_3D('',#12618,#10244,#10245);
#8420=AXIS2_PLACEMENT_3D('',#12624,#10249,#10250);
#8421=AXIS2_PLACEMENT_3D('',#12630,#10254,#10255);
#8422=AXIS2_PLACEMENT_3D('',#12636,#10259,#10260);
#8423=AXIS2_PLACEMENT_3D('',#12642,#10264,#10265);
#8424=AXIS2_PLACEMENT_3D('',#12648,#10269,#10270);
#8425=AXIS2_PLACEMENT_3D('',#12654,#10274,#10275);
#8426=AXIS2_PLACEMENT_3D('',#12660,#10279,#10280);
#8427=AXIS2_PLACEMENT_3D('',#12666,#10284,#10285);
#8428=AXIS2_PLACEMENT_3D('',#12672,#10289,#10290);
#8429=AXIS2_PLACEMENT_3D('',#12678,#10294,#10295);
#8430=AXIS2_PLACEMENT_3D('',#12684,#10299,#10300);
#8431=AXIS2_PLACEMENT_3D('',#12690,#10304,#10305);
#8432=AXIS2_PLACEMENT_3D('',#12696,#10309,#10310);
#8433=AXIS2_PLACEMENT_3D('',#12702,#10314,#10315);
#8434=AXIS2_PLACEMENT_3D('',#12708,#10319,#10320);
#8435=AXIS2_PLACEMENT_3D('',#12711,#10323,#10324);
#8436=AXIS2_PLACEMENT_3D('',#12712,#10325,#10326);
#8437=AXIS2_PLACEMENT_3D('',#12713,#10327,#10328);
#8438=AXIS2_PLACEMENT_3D('',#12722,#10333,#10334);
#8439=AXIS2_PLACEMENT_3D('',#12728,#10338,#10339);
#8440=AXIS2_PLACEMENT_3D('',#12734,#10343,#10344);
#8441=AXIS2_PLACEMENT_3D('',#12740,#10348,#10349);
#8442=AXIS2_PLACEMENT_3D('',#12746,#10353,#10354);
#8443=AXIS2_PLACEMENT_3D('',#12752,#10358,#10359);
#8444=AXIS2_PLACEMENT_3D('',#12758,#10363,#10364);
#8445=AXIS2_PLACEMENT_3D('',#12764,#10368,#10369);
#8446=AXIS2_PLACEMENT_3D('',#12770,#10373,#10374);
#8447=AXIS2_PLACEMENT_3D('',#12776,#10378,#10379);
#8448=AXIS2_PLACEMENT_3D('',#12782,#10383,#10384);
#8449=AXIS2_PLACEMENT_3D('',#12788,#10388,#10389);
#8450=AXIS2_PLACEMENT_3D('',#12794,#10393,#10394);
#8451=AXIS2_PLACEMENT_3D('',#12800,#10398,#10399);
#8452=AXIS2_PLACEMENT_3D('',#12806,#10403,#10404);
#8453=AXIS2_PLACEMENT_3D('',#12812,#10408,#10409);
#8454=AXIS2_PLACEMENT_3D('',#12818,#10413,#10414);
#8455=AXIS2_PLACEMENT_3D('',#12824,#10418,#10419);
#8456=AXIS2_PLACEMENT_3D('',#12830,#10423,#10424);
#8457=AXIS2_PLACEMENT_3D('',#12833,#10427,#10428);
#8458=AXIS2_PLACEMENT_3D('',#12834,#10429,#10430);
#8459=AXIS2_PLACEMENT_3D('',#12835,#10431,#10432);
#8460=AXIS2_PLACEMENT_3D('',#12844,#10437,#10438);
#8461=AXIS2_PLACEMENT_3D('',#12850,#10442,#10443);
#8462=AXIS2_PLACEMENT_3D('',#12856,#10447,#10448);
#8463=AXIS2_PLACEMENT_3D('',#12862,#10452,#10453);
#8464=AXIS2_PLACEMENT_3D('',#12868,#10457,#10458);
#8465=AXIS2_PLACEMENT_3D('',#12874,#10462,#10463);
#8466=AXIS2_PLACEMENT_3D('',#12880,#10467,#10468);
#8467=AXIS2_PLACEMENT_3D('',#12883,#10471,#10472);
#8468=AXIS2_PLACEMENT_3D('',#12884,#10473,#10474);
#8469=AXIS2_PLACEMENT_3D('',#12885,#10475,#10476);
#8470=AXIS2_PLACEMENT_3D('',#12894,#10481,#10482);
#8471=AXIS2_PLACEMENT_3D('',#12900,#10486,#10487);
#8472=AXIS2_PLACEMENT_3D('',#12906,#10491,#10492);
#8473=AXIS2_PLACEMENT_3D('',#12912,#10496,#10497);
#8474=AXIS2_PLACEMENT_3D('',#12918,#10501,#10502);
#8475=AXIS2_PLACEMENT_3D('',#12921,#10505,#10506);
#8476=AXIS2_PLACEMENT_3D('',#12922,#10507,#10508);
#8477=AXIS2_PLACEMENT_3D('',#12923,#10509,#10510);
#8478=AXIS2_PLACEMENT_3D('',#12932,#10515,#10516);
#8479=AXIS2_PLACEMENT_3D('',#12938,#10520,#10521);
#8480=AXIS2_PLACEMENT_3D('',#12944,#10525,#10526);
#8481=AXIS2_PLACEMENT_3D('',#12950,#10530,#10531);
#8482=AXIS2_PLACEMENT_3D('',#12956,#10535,#10536);
#8483=AXIS2_PLACEMENT_3D('',#12962,#10540,#10541);
#8484=AXIS2_PLACEMENT_3D('',#12968,#10545,#10546);
#8485=AXIS2_PLACEMENT_3D('',#12974,#10550,#10551);
#8486=AXIS2_PLACEMENT_3D('',#12980,#10555,#10556);
#8487=AXIS2_PLACEMENT_3D('',#12986,#10560,#10561);
#8488=AXIS2_PLACEMENT_3D('',#12992,#10565,#10566);
#8489=AXIS2_PLACEMENT_3D('',#12995,#10569,#10570);
#8490=AXIS2_PLACEMENT_3D('',#12996,#10571,#10572);
#8491=DIRECTION('axis',(0.,0.,1.));
#8492=DIRECTION('refdir',(1.,0.,0.));
#8493=DIRECTION('center_axis',(0.,0.,-1.));
#8494=DIRECTION('ref_axis',(-1.,0.,0.));
#8495=DIRECTION('center_axis',(0.,0.,-1.));
#8496=DIRECTION('ref_axis',(-1.,0.,0.));
#8497=DIRECTION('',(0.,0.,-1.));
#8498=DIRECTION('center_axis',(0.,0.,1.));
#8499=DIRECTION('ref_axis',(-1.,0.,0.));
#8500=DIRECTION('center_axis',(-1.,0.,0.));
#8501=DIRECTION('ref_axis',(0.,1.,0.));
#8502=DIRECTION('',(0.,1.,0.));
#8503=DIRECTION('',(0.,0.,-1.));
#8504=DIRECTION('',(0.,-1.,0.));
#8505=DIRECTION('',(0.,0.,-1.));
#8506=DIRECTION('center_axis',(-6.34413156928661E-16,-1.,0.));
#8507=DIRECTION('ref_axis',(-1.,6.34413156928661E-16,0.));
#8508=DIRECTION('',(-1.,6.34413156928661E-16,0.));
#8509=DIRECTION('',(0.,0.,-1.));
#8510=DIRECTION('',(1.,-6.34413156928661E-16,0.));
#8511=DIRECTION('center_axis',(1.,0.,0.));
#8512=DIRECTION('ref_axis',(0.,-1.,0.));
#8513=DIRECTION('',(0.,-1.,0.));
#8514=DIRECTION('',(0.,0.,-1.));
#8515=DIRECTION('',(0.,1.,0.));
#8516=DIRECTION('center_axis',(6.34413156928661E-16,1.,0.));
#8517=DIRECTION('ref_axis',(1.,-6.34413156928661E-16,0.));
#8518=DIRECTION('',(1.,-6.34413156928661E-16,0.));
#8519=DIRECTION('',(-1.,6.34413156928661E-16,0.));
#8520=DIRECTION('center_axis',(0.,0.,-1.));
#8521=DIRECTION('ref_axis',(-1.,0.,0.));
#8522=DIRECTION('center_axis',(0.,0.,-1.));
#8523=DIRECTION('ref_axis',(-1.,0.,0.));
#8524=DIRECTION('',(0.,0.,-1.));
#8525=DIRECTION('center_axis',(0.,0.,1.));
#8526=DIRECTION('ref_axis',(-1.,0.,0.));
#8527=DIRECTION('center_axis',(0.,0.,-1.));
#8528=DIRECTION('ref_axis',(-1.,0.,0.));
#8529=DIRECTION('center_axis',(0.,0.,-1.));
#8530=DIRECTION('ref_axis',(-1.,0.,0.));
#8531=DIRECTION('',(0.,0.,-1.));
#8532=DIRECTION('center_axis',(0.,0.,1.));
#8533=DIRECTION('ref_axis',(-1.,0.,0.));
#8534=DIRECTION('center_axis',(0.,0.,-1.));
#8535=DIRECTION('ref_axis',(-1.,0.,0.));
#8536=DIRECTION('center_axis',(0.,0.,-1.));
#8537=DIRECTION('ref_axis',(-1.,0.,0.));
#8538=DIRECTION('',(0.,0.,-1.));
#8539=DIRECTION('center_axis',(0.,0.,1.));
#8540=DIRECTION('ref_axis',(-1.,0.,0.));
#8541=DIRECTION('center_axis',(-6.34413156928661E-16,1.,0.));
#8542=DIRECTION('ref_axis',(1.,6.34413156928661E-16,0.));
#8543=DIRECTION('',(1.,6.34413156928661E-16,0.));
#8544=DIRECTION('',(0.,0.,-1.));
#8545=DIRECTION('',(-1.,-6.34413156928661E-16,0.));
#8546=DIRECTION('',(0.,0.,-1.));
#8547=DIRECTION('center_axis',(-1.,0.,0.));
#8548=DIRECTION('ref_axis',(0.,1.,0.));
#8549=DIRECTION('',(0.,1.,0.));
#8550=DIRECTION('',(0.,0.,-1.));
#8551=DIRECTION('',(0.,-1.,0.));
#8552=DIRECTION('center_axis',(6.34413156928661E-16,-1.,0.));
#8553=DIRECTION('ref_axis',(-1.,-6.34413156928661E-16,0.));
#8554=DIRECTION('',(-1.,-6.34413156928661E-16,0.));
#8555=DIRECTION('',(0.,0.,-1.));
#8556=DIRECTION('',(1.,6.34413156928661E-16,0.));
#8557=DIRECTION('center_axis',(1.,0.,0.));
#8558=DIRECTION('ref_axis',(0.,-1.,0.));
#8559=DIRECTION('',(0.,-1.,0.));
#8560=DIRECTION('',(0.,1.,0.));
#8561=DIRECTION('center_axis',(0.,0.,-1.));
#8562=DIRECTION('ref_axis',(-1.,0.,0.));
#8563=DIRECTION('center_axis',(0.,0.,-1.));
#8564=DIRECTION('ref_axis',(-1.,0.,0.));
#8565=DIRECTION('',(0.,0.,-1.));
#8566=DIRECTION('center_axis',(0.,0.,1.));
#8567=DIRECTION('ref_axis',(-1.,0.,0.));
#8568=DIRECTION('center_axis',(-6.34413156928661E-16,1.,0.));
#8569=DIRECTION('ref_axis',(1.,6.34413156928661E-16,0.));
#8570=DIRECTION('',(1.,6.34413156928661E-16,0.));
#8571=DIRECTION('',(0.,0.,-1.));
#8572=DIRECTION('',(-1.,-6.34413156928661E-16,0.));
#8573=DIRECTION('',(0.,0.,-1.));
#8574=DIRECTION('center_axis',(-1.,0.,0.));
#8575=DIRECTION('ref_axis',(0.,1.,0.));
#8576=DIRECTION('',(0.,1.,0.));
#8577=DIRECTION('',(0.,0.,-1.));
#8578=DIRECTION('',(0.,-1.,0.));
#8579=DIRECTION('center_axis',(6.34413156928661E-16,-1.,0.));
#8580=DIRECTION('ref_axis',(-1.,-6.34413156928661E-16,0.));
#8581=DIRECTION('',(-1.,-6.34413156928661E-16,0.));
#8582=DIRECTION('',(0.,0.,-1.));
#8583=DIRECTION('',(1.,6.34413156928661E-16,0.));
#8584=DIRECTION('center_axis',(1.,0.,0.));
#8585=DIRECTION('ref_axis',(0.,-1.,0.));
#8586=DIRECTION('',(0.,-1.,0.));
#8587=DIRECTION('',(0.,1.,0.));
#8588=DIRECTION('center_axis',(0.,0.,-1.));
#8589=DIRECTION('ref_axis',(-1.,0.,0.));
#8590=DIRECTION('center_axis',(0.,0.,-1.));
#8591=DIRECTION('ref_axis',(-1.,0.,0.));
#8592=DIRECTION('',(0.,0.,-1.));
#8593=DIRECTION('center_axis',(0.,0.,1.));
#8594=DIRECTION('ref_axis',(-1.,0.,0.));
#8595=DIRECTION('center_axis',(0.,0.,1.));
#8596=DIRECTION('ref_axis',(-0.707106781186547,-0.707106781186547,0.));
#8597=DIRECTION('center_axis',(0.,0.,1.));
#8598=DIRECTION('ref_axis',(-0.707106781186547,-0.707106781186547,0.));
#8599=DIRECTION('',(0.,0.,1.));
#8600=DIRECTION('center_axis',(0.,0.,1.));
#8601=DIRECTION('ref_axis',(-0.707106781186547,-0.707106781186547,0.));
#8602=DIRECTION('',(0.,0.,-1.));
#8603=DIRECTION('center_axis',(0.,0.,1.));
#8604=DIRECTION('ref_axis',(1.,0.,0.));
#8605=DIRECTION('',(0.,1.,0.));
#8606=DIRECTION('',(-1.,0.,0.));
#8607=DIRECTION('',(0.,-1.,0.));
#8608=DIRECTION('',(-1.,0.,0.));
#8609=DIRECTION('center_axis',(-1.,0.,0.));
#8610=DIRECTION('ref_axis',(0.,-1.,0.));
#8611=DIRECTION('',(0.,1.,0.));
#8612=DIRECTION('',(0.,0.,1.));
#8613=DIRECTION('center_axis',(0.,0.,1.));
#8614=DIRECTION('ref_axis',(-0.707106781186547,0.707106781186547,0.));
#8615=DIRECTION('center_axis',(0.,0.,1.));
#8616=DIRECTION('ref_axis',(-0.707106781186547,0.707106781186547,0.));
#8617=DIRECTION('',(0.,0.,1.));
#8618=DIRECTION('center_axis',(0.,0.,1.));
#8619=DIRECTION('ref_axis',(-0.707106781186547,0.707106781186547,0.));
#8620=DIRECTION('',(0.,0.,-1.));
#8621=DIRECTION('center_axis',(0.,0.,1.));
#8622=DIRECTION('ref_axis',(1.,0.,0.));
#8623=DIRECTION('',(-1.,0.,0.));
#8624=DIRECTION('',(0.,1.,0.));
#8625=DIRECTION('',(1.,-6.03896121635215E-19,0.));
#8626=DIRECTION('',(0.,1.,0.));
#8627=DIRECTION('center_axis',(0.,1.,0.));
#8628=DIRECTION('ref_axis',(-1.,0.,0.));
#8629=DIRECTION('',(1.,0.,0.));
#8630=DIRECTION('',(0.,0.,-1.));
#8631=DIRECTION('',(-0.707106781186548,0.,-0.707106781186547));
#8632=DIRECTION('',(0.,0.,-1.));
#8633=DIRECTION('',(-1.,0.,0.));
#8634=DIRECTION('',(0.,0.,1.));
#8635=DIRECTION('center_axis',(0.,0.,1.));
#8636=DIRECTION('ref_axis',(-0.707106781186547,0.707106781186547,0.));
#8637=DIRECTION('center_axis',(0.707106781186547,0.,-0.707106781186548));
#8638=DIRECTION('ref_axis',(-0.707106781186548,0.,-0.707106781186547));
#8639=DIRECTION('',(0.,0.,1.));
#8640=DIRECTION('center_axis',(0.,0.,-1.));
#8641=DIRECTION('ref_axis',(-1.,0.,0.));
#8642=DIRECTION('center_axis',(-1.,0.,0.));
#8643=DIRECTION('ref_axis',(0.,0.,1.));
#8644=DIRECTION('center_axis',(0.,-1.,0.));
#8645=DIRECTION('ref_axis',(-1.,0.,0.));
#8646=DIRECTION('center_axis',(1.,0.,0.));
#8647=DIRECTION('ref_axis',(0.,-0.707106781186547,0.707106781186547));
#8648=DIRECTION('center_axis',(-1.,0.,0.));
#8649=DIRECTION('ref_axis',(0.,-0.707106781186548,0.707106781186548));
#8650=DIRECTION('center_axis',(0.,1.,0.));
#8651=DIRECTION('ref_axis',(-0.707106781186547,0.,-0.707106781186547));
#8652=DIRECTION('center_axis',(0.,-1.,0.));
#8653=DIRECTION('ref_axis',(-1.,0.,0.));
#8654=DIRECTION('',(0.,-1.,0.));
#8655=DIRECTION('',(0.,1.,0.));
#8656=DIRECTION('center_axis',(-1.,0.,0.));
#8657=DIRECTION('ref_axis',(0.,0.,1.));
#8658=DIRECTION('center_axis',(0.,0.,1.));
#8659=DIRECTION('ref_axis',(-1.,0.,0.));
#8660=DIRECTION('center_axis',(1.,0.,0.));
#8661=DIRECTION('ref_axis',(0.,0.707106781186547,0.707106781186547));
#8662=DIRECTION('center_axis',(-1.,0.,0.));
#8663=DIRECTION('ref_axis',(0.,0.707106781186548,0.707106781186548));
#8664=DIRECTION('center_axis',(0.,0.,1.));
#8665=DIRECTION('ref_axis',(-0.707106781186547,-0.707106781186547,0.));
#8666=DIRECTION('center_axis',(0.707106781186547,0.,-0.707106781186548));
#8667=DIRECTION('ref_axis',(-0.707106781186548,0.,-0.707106781186547));
#8668=DIRECTION('',(0.,0.,1.));
#8669=DIRECTION('',(0.,0.,-1.));
#8670=DIRECTION('center_axis',(-1.,0.,0.));
#8671=DIRECTION('ref_axis',(0.,-1.,0.));
#8672=DIRECTION('',(0.,1.,0.));
#8673=DIRECTION('',(0.,0.,1.));
#8674=DIRECTION('',(0.,1.,0.));
#8675=DIRECTION('',(0.,0.,1.));
#8676=DIRECTION('',(0.,1.,0.));
#8677=DIRECTION('center_axis',(1.,0.,0.));
#8678=DIRECTION('ref_axis',(0.,1.,0.));
#8679=DIRECTION('center_axis',(1.,0.,0.));
#8680=DIRECTION('ref_axis',(0.,1.,0.));
#8681=DIRECTION('center_axis',(1.,0.,0.));
#8682=DIRECTION('ref_axis',(0.,1.,0.));
#8683=DIRECTION('center_axis',(1.,0.,0.));
#8684=DIRECTION('ref_axis',(0.,1.,0.));
#8685=DIRECTION('center_axis',(1.,0.,0.));
#8686=DIRECTION('ref_axis',(0.,1.,0.));
#8687=DIRECTION('center_axis',(1.,0.,0.));
#8688=DIRECTION('ref_axis',(0.,1.,0.));
#8689=DIRECTION('center_axis',(1.,0.,0.));
#8690=DIRECTION('ref_axis',(0.,1.,0.));
#8691=DIRECTION('center_axis',(1.,0.,0.));
#8692=DIRECTION('ref_axis',(0.,1.,0.));
#8693=DIRECTION('center_axis',(1.,0.,0.));
#8694=DIRECTION('ref_axis',(0.,1.,0.));
#8695=DIRECTION('center_axis',(0.,0.,1.));
#8696=DIRECTION('ref_axis',(0.707106781186547,0.707106781186547,0.));
#8697=DIRECTION('center_axis',(0.,0.,1.));
#8698=DIRECTION('ref_axis',(0.707106781186547,0.707106781186547,0.));
#8699=DIRECTION('',(0.,0.,1.));
#8700=DIRECTION('center_axis',(0.,0.,1.));
#8701=DIRECTION('ref_axis',(0.707106781186547,0.707106781186547,0.));
#8702=DIRECTION('',(0.,0.,-1.));
#8703=DIRECTION('center_axis',(0.,0.,1.));
#8704=DIRECTION('ref_axis',(1.,0.,0.));
#8705=DIRECTION('',(0.,-1.,0.));
#8706=DIRECTION('',(1.,-6.03896121635215E-19,0.));
#8707=DIRECTION('',(1.84231293533648E-16,1.,0.));
#8708=DIRECTION('',(1.,0.,0.));
#8709=DIRECTION('center_axis',(1.,0.,0.));
#8710=DIRECTION('ref_axis',(0.,1.,0.));
#8711=DIRECTION('',(0.,-1.,0.));
#8712=DIRECTION('',(0.,0.,1.));
#8713=DIRECTION('center_axis',(0.,0.,1.));
#8714=DIRECTION('ref_axis',(0.707106781186547,-0.707106781186547,0.));
#8715=DIRECTION('center_axis',(0.,0.,1.));
#8716=DIRECTION('ref_axis',(0.707106781186547,-0.707106781186547,0.));
#8717=DIRECTION('',(0.,0.,1.));
#8718=DIRECTION('center_axis',(0.,0.,1.));
#8719=DIRECTION('ref_axis',(0.707106781186547,-0.707106781186547,0.));
#8720=DIRECTION('',(0.,0.,-1.));
#8721=DIRECTION('center_axis',(0.,0.,1.));
#8722=DIRECTION('ref_axis',(1.,0.,0.));
#8723=DIRECTION('',(1.,0.,0.));
#8724=DIRECTION('',(0.,-1.,0.));
#8725=DIRECTION('',(-1.,0.,0.));
#8726=DIRECTION('',(0.,-1.,0.));
#8727=DIRECTION('center_axis',(0.,-1.,0.));
#8728=DIRECTION('ref_axis',(1.,0.,0.));
#8729=DIRECTION('',(-1.,0.,0.));
#8730=DIRECTION('',(0.,0.,-1.));
#8731=DIRECTION('',(0.707106781186547,0.,-0.707106781186548));
#8732=DIRECTION('',(0.,0.,-1.));
#8733=DIRECTION('',(1.,0.,0.));
#8734=DIRECTION('',(0.,0.,1.));
#8735=DIRECTION('center_axis',(0.,0.,1.));
#8736=DIRECTION('ref_axis',(0.707106781186547,-0.707106781186547,0.));
#8737=DIRECTION('center_axis',(-0.707106781186548,0.,-0.707106781186547));
#8738=DIRECTION('ref_axis',(0.707106781186547,0.,-0.707106781186548));
#8739=DIRECTION('',(0.,0.,1.));
#8740=DIRECTION('center_axis',(0.,0.,-1.));
#8741=DIRECTION('ref_axis',(1.,0.,0.));
#8742=DIRECTION('center_axis',(1.,0.,0.));
#8743=DIRECTION('ref_axis',(0.,0.,-1.));
#8744=DIRECTION('center_axis',(0.,1.,0.));
#8745=DIRECTION('ref_axis',(1.,0.,0.));
#8746=DIRECTION('center_axis',(-1.,0.,0.));
#8747=DIRECTION('ref_axis',(0.,0.707106781186547,0.707106781186547));
#8748=DIRECTION('center_axis',(1.,0.,0.));
#8749=DIRECTION('ref_axis',(0.,0.707106781186548,0.707106781186548));
#8750=DIRECTION('center_axis',(0.,-1.,0.));
#8751=DIRECTION('ref_axis',(0.707106781186547,0.,-0.707106781186547));
#8752=DIRECTION('center_axis',(0.,1.,0.));
#8753=DIRECTION('ref_axis',(1.,0.,0.));
#8754=DIRECTION('',(0.,1.,0.));
#8755=DIRECTION('',(0.,-1.,0.));
#8756=DIRECTION('center_axis',(1.,0.,0.));
#8757=DIRECTION('ref_axis',(0.,0.,-1.));
#8758=DIRECTION('center_axis',(0.,0.,1.));
#8759=DIRECTION('ref_axis',(1.,0.,0.));
#8760=DIRECTION('center_axis',(-1.,0.,0.));
#8761=DIRECTION('ref_axis',(0.,-0.707106781186547,0.707106781186547));
#8762=DIRECTION('center_axis',(1.,0.,0.));
#8763=DIRECTION('ref_axis',(0.,-0.707106781186548,0.707106781186548));
#8764=DIRECTION('center_axis',(0.,0.,1.));
#8765=DIRECTION('ref_axis',(0.707106781186547,0.707106781186547,0.));
#8766=DIRECTION('center_axis',(-0.707106781186548,0.,-0.707106781186547));
#8767=DIRECTION('ref_axis',(0.707106781186547,0.,-0.707106781186548));
#8768=DIRECTION('',(0.,0.,1.));
#8769=DIRECTION('',(0.,0.,-1.));
#8770=DIRECTION('center_axis',(1.,0.,0.));
#8771=DIRECTION('ref_axis',(0.,1.,0.));
#8772=DIRECTION('',(0.,-1.,0.));
#8773=DIRECTION('',(0.,0.,1.));
#8774=DIRECTION('',(0.,-1.,0.));
#8775=DIRECTION('',(0.,0.,1.));
#8776=DIRECTION('',(0.,-1.,0.));
#8777=DIRECTION('center_axis',(-1.,0.,0.));
#8778=DIRECTION('ref_axis',(0.,1.,0.));
#8779=DIRECTION('center_axis',(-1.,0.,0.));
#8780=DIRECTION('ref_axis',(0.,1.,0.));
#8781=DIRECTION('center_axis',(-1.,0.,0.));
#8782=DIRECTION('ref_axis',(0.,1.,0.));
#8783=DIRECTION('center_axis',(-1.,0.,0.));
#8784=DIRECTION('ref_axis',(0.,1.,0.));
#8785=DIRECTION('center_axis',(-1.,0.,0.));
#8786=DIRECTION('ref_axis',(0.,1.,0.));
#8787=DIRECTION('center_axis',(-1.,0.,0.));
#8788=DIRECTION('ref_axis',(0.,1.,0.));
#8789=DIRECTION('center_axis',(-1.,0.,0.));
#8790=DIRECTION('ref_axis',(0.,1.,0.));
#8791=DIRECTION('center_axis',(-1.,0.,0.));
#8792=DIRECTION('ref_axis',(0.,1.,0.));
#8793=DIRECTION('center_axis',(-1.,0.,0.));
#8794=DIRECTION('ref_axis',(0.,1.,0.));
#8795=DIRECTION('center_axis',(0.,0.,1.));
#8796=DIRECTION('ref_axis',(1.,0.,0.));
#8797=DIRECTION('center_axis',(0.,0.,1.));
#8798=DIRECTION('ref_axis',(1.,0.,0.));
#8799=DIRECTION('',(0.,0.,1.));
#8800=DIRECTION('center_axis',(0.,0.,-1.));
#8801=DIRECTION('ref_axis',(1.,0.,0.));
#8802=DIRECTION('center_axis',(0.,0.,1.));
#8803=DIRECTION('ref_axis',(1.,0.,0.));
#8804=DIRECTION('center_axis',(0.,0.,-1.));
#8805=DIRECTION('ref_axis',(1.,0.,0.));
#8806=DIRECTION('',(0.,0.,1.));
#8807=DIRECTION('center_axis',(0.,0.,1.));
#8808=DIRECTION('ref_axis',(1.,0.,0.));
#8809=DIRECTION('center_axis',(0.,0.,1.));
#8810=DIRECTION('ref_axis',(1.,0.,0.));
#8811=DIRECTION('center_axis',(0.,0.,1.));
#8812=DIRECTION('ref_axis',(1.,0.,0.));
#8813=DIRECTION('center_axis',(0.,0.,1.));
#8814=DIRECTION('ref_axis',(1.,0.,0.));
#8815=DIRECTION('',(0.,0.,1.));
#8816=DIRECTION('center_axis',(0.,0.,-1.));
#8817=DIRECTION('ref_axis',(1.,0.,0.));
#8818=DIRECTION('center_axis',(0.,0.,1.));
#8819=DIRECTION('ref_axis',(1.,0.,0.));
#8820=DIRECTION('center_axis',(0.,0.,-1.));
#8821=DIRECTION('ref_axis',(1.,0.,0.));
#8822=DIRECTION('',(0.,0.,1.));
#8823=DIRECTION('center_axis',(0.,0.,1.));
#8824=DIRECTION('ref_axis',(1.,0.,0.));
#8825=DIRECTION('center_axis',(0.,0.,1.));
#8826=DIRECTION('ref_axis',(1.,0.,0.));
#8827=DIRECTION('center_axis',(0.,0.,1.));
#8828=DIRECTION('ref_axis',(1.,0.,0.));
#8829=DIRECTION('center_axis',(0.,0.,1.));
#8830=DIRECTION('ref_axis',(1.,0.,0.));
#8831=DIRECTION('',(0.,0.,1.));
#8832=DIRECTION('center_axis',(0.,0.,-1.));
#8833=DIRECTION('ref_axis',(1.,0.,0.));
#8834=DIRECTION('center_axis',(0.,0.,1.));
#8835=DIRECTION('ref_axis',(1.,0.,0.));
#8836=DIRECTION('center_axis',(0.,0.,-1.));
#8837=DIRECTION('ref_axis',(1.,0.,0.));
#8838=DIRECTION('',(0.,0.,1.));
#8839=DIRECTION('center_axis',(0.,0.,1.));
#8840=DIRECTION('ref_axis',(1.,0.,0.));
#8841=DIRECTION('center_axis',(0.,0.,1.));
#8842=DIRECTION('ref_axis',(1.,0.,0.));
#8843=DIRECTION('center_axis',(0.,0.,1.));
#8844=DIRECTION('ref_axis',(1.,0.,0.));
#8845=DIRECTION('center_axis',(0.,0.,1.));
#8846=DIRECTION('ref_axis',(1.,0.,0.));
#8847=DIRECTION('',(0.,0.,1.));
#8848=DIRECTION('center_axis',(0.,0.,-1.));
#8849=DIRECTION('ref_axis',(1.,0.,0.));
#8850=DIRECTION('center_axis',(0.,0.,1.));
#8851=DIRECTION('ref_axis',(1.,0.,0.));
#8852=DIRECTION('center_axis',(0.,0.,-1.));
#8853=DIRECTION('ref_axis',(1.,0.,0.));
#8854=DIRECTION('',(0.,0.,1.));
#8855=DIRECTION('center_axis',(0.,0.,1.));
#8856=DIRECTION('ref_axis',(1.,0.,0.));
#8857=DIRECTION('center_axis',(0.,0.,1.));
#8858=DIRECTION('ref_axis',(1.,0.,0.));
#8859=DIRECTION('center_axis',(0.,0.,1.));
#8860=DIRECTION('ref_axis',(0.707106781186547,-0.707106781186548,0.));
#8861=DIRECTION('center_axis',(0.,0.707106781186547,-0.707106781186548));
#8862=DIRECTION('ref_axis',(0.,-0.707106781186548,-0.707106781186547));
#8863=DIRECTION('',(0.,0.,-1.));
#8864=DIRECTION('center_axis',(0.,0.,1.));
#8865=DIRECTION('ref_axis',(0.707106781186547,-0.707106781186548,0.));
#8866=DIRECTION('',(0.,0.,-1.));
#8867=DIRECTION('center_axis',(0.,-1.,0.));
#8868=DIRECTION('ref_axis',(1.,0.,0.));
#8869=DIRECTION('',(1.,0.,0.));
#8870=DIRECTION('',(0.,0.,1.));
#8871=DIRECTION('',(-1.,0.,0.));
#8872=DIRECTION('center_axis',(0.,-0.707106781186547,0.707106781186548));
#8873=DIRECTION('ref_axis',(1.,0.,0.));
#8874=DIRECTION('',(-1.,0.,0.));
#8875=DIRECTION('',(-0.577350269189625,0.577350269189626,0.577350269189626));
#8876=DIRECTION('center_axis',(0.,0.,1.));
#8877=DIRECTION('ref_axis',(-0.707106781186548,-0.707106781186548,0.));
#8878=DIRECTION('center_axis',(0.,0.707106781186548,-0.707106781186547));
#8879=DIRECTION('ref_axis',(0.,-0.707106781186547,-0.707106781186548));
#8880=DIRECTION('',(0.,0.,1.));
#8881=DIRECTION('center_axis',(0.,0.,1.));
#8882=DIRECTION('ref_axis',(-0.707106781186548,-0.707106781186548,0.));
#8883=DIRECTION('',(0.,0.,1.));
#8884=DIRECTION('center_axis',(0.,-0.707106781186548,0.707106781186547));
#8885=DIRECTION('ref_axis',(1.,0.,0.));
#8886=DIRECTION('',(1.,0.,0.));
#8887=DIRECTION('',(0.577350269189626,0.577350269189625,0.577350269189626));
#8888=DIRECTION('',(-1.,0.,0.));
#8889=DIRECTION('center_axis',(0.,0.,1.));
#8890=DIRECTION('ref_axis',(-0.707106781186548,0.707106781186547,0.));
#8891=DIRECTION('center_axis',(0.707106781186547,0.,-0.707106781186548));
#8892=DIRECTION('ref_axis',(-0.707106781186548,0.,-0.707106781186547));
#8893=DIRECTION('center_axis',(0.,0.,1.));
#8894=DIRECTION('ref_axis',(-0.707106781186548,0.707106781186547,0.));
#8895=DIRECTION('',(0.,0.,1.));
#8896=DIRECTION('center_axis',(-0.707106781186547,0.,0.707106781186548));
#8897=DIRECTION('ref_axis',(0.707106781186548,0.,0.707106781186547));
#8898=DIRECTION('',(0.,-1.,0.));
#8899=DIRECTION('',(0.577350269189626,-0.577350269189626,0.577350269189626));
#8900=DIRECTION('center_axis',(0.,0.,1.));
#8901=DIRECTION('ref_axis',(-0.707106781186549,-0.707106781186546,0.));
#8902=DIRECTION('center_axis',(0.707106781186547,0.,-0.707106781186548));
#8903=DIRECTION('ref_axis',(-0.707106781186548,9.23583799225751E-17,-0.707106781186547));
#8904=DIRECTION('',(0.,0.,-1.));
#8905=DIRECTION('center_axis',(0.,0.,1.));
#8906=DIRECTION('ref_axis',(-0.707106781186549,-0.707106781186546,0.));
#8907=DIRECTION('',(0.,0.,1.));
#8908=DIRECTION('center_axis',(-1.,0.,0.));
#8909=DIRECTION('ref_axis',(0.,-1.,0.));
#8910=DIRECTION('',(0.,-1.,0.));
#8911=DIRECTION('',(0.,0.,1.));
#8912=DIRECTION('',(0.,1.,0.));
#8913=DIRECTION('center_axis',(-0.707106781186547,0.,0.707106781186548));
#8914=DIRECTION('ref_axis',(0.707106781186548,0.,0.707106781186547));
#8915=DIRECTION('',(0.707106781186548,0.,0.707106781186547));
#8916=DIRECTION('center_axis',(0.,0.,1.));
#8917=DIRECTION('ref_axis',(0.707106781186547,0.707106781186548,0.));
#8918=DIRECTION('center_axis',(-0.707106781186548,0.,-0.707106781186547));
#8919=DIRECTION('ref_axis',(0.707106781186547,-4.61791899612875E-17,-0.707106781186548));
#8920=DIRECTION('',(0.,0.,-1.));
#8921=DIRECTION('center_axis',(0.,0.,1.));
#8922=DIRECTION('ref_axis',(0.707106781186547,0.707106781186548,0.));
#8923=DIRECTION('',(0.,0.,1.));
#8924=DIRECTION('center_axis',(1.,0.,0.));
#8925=DIRECTION('ref_axis',(0.,1.,0.));
#8926=DIRECTION('',(0.,1.,0.));
#8927=DIRECTION('',(0.,0.,1.));
#8928=DIRECTION('',(0.,-1.,0.));
#8929=DIRECTION('center_axis',(0.707106781186548,0.,0.707106781186547));
#8930=DIRECTION('ref_axis',(0.707106781186547,0.,-0.707106781186548));
#8931=DIRECTION('',(-0.707106781186547,0.,0.707106781186548));
#8932=DIRECTION('',(-0.577350269189626,-0.577350269189626,0.577350269189626));
#8933=DIRECTION('center_axis',(0.,0.,1.));
#8934=DIRECTION('ref_axis',(0.707106781186547,-0.707106781186548,0.));
#8935=DIRECTION('center_axis',(-0.707106781186548,0.,-0.707106781186547));
#8936=DIRECTION('ref_axis',(0.707106781186547,0.,-0.707106781186548));
#8937=DIRECTION('center_axis',(0.,0.,1.));
#8938=DIRECTION('ref_axis',(0.707106781186547,-0.707106781186548,0.));
#8939=DIRECTION('',(0.,0.,1.));
#8940=DIRECTION('center_axis',(0.707106781186548,0.,0.707106781186547));
#8941=DIRECTION('ref_axis',(0.707106781186547,0.,-0.707106781186548));
#8942=DIRECTION('',(0.,1.,0.));
#8943=DIRECTION('center_axis',(0.,0.707106781186548,0.707106781186548));
#8944=DIRECTION('ref_axis',(1.,0.,0.));
#8945=DIRECTION('',(1.,0.,0.));
#8946=DIRECTION('',(-1.,0.,0.));
#8947=DIRECTION('center_axis',(0.,1.,0.));
#8948=DIRECTION('ref_axis',(-1.,0.,0.));
#8949=DIRECTION('',(1.,0.,0.));
#8950=DIRECTION('center_axis',(0.,-1.,0.));
#8951=DIRECTION('ref_axis',(1.,0.,0.));
#8952=DIRECTION('',(-1.,0.,0.));
#8953=DIRECTION('',(-1.,0.,0.));
#8954=DIRECTION('',(0.,0.,1.));
#8955=DIRECTION('',(-1.,0.,0.));
#8956=DIRECTION('',(-1.,0.,0.));
#8957=DIRECTION('',(-1.,0.,0.));
#8958=DIRECTION('',(-1.,0.,0.));
#8959=DIRECTION('center_axis',(0.,1.,0.));
#8960=DIRECTION('ref_axis',(-1.,0.,0.));
#8961=DIRECTION('center_axis',(0.,1.,0.));
#8962=DIRECTION('ref_axis',(-1.,0.,0.));
#8963=DIRECTION('',(1.,0.,0.));
#8964=DIRECTION('',(0.,0.,1.));
#8965=DIRECTION('center_axis',(-1.,0.,0.));
#8966=DIRECTION('ref_axis',(0.,-1.,0.));
#8967=DIRECTION('',(0.,1.,0.));
#8968=DIRECTION('center_axis',(0.,0.,1.));
#8969=DIRECTION('ref_axis',(1.,0.,0.));
#8970=DIRECTION('',(0.,1.,0.));
#8971=DIRECTION('',(1.,0.,0.));
#8972=DIRECTION('',(1.,0.,0.));
#8973=DIRECTION('center_axis',(0.,1.,0.));
#8974=DIRECTION('ref_axis',(-1.,0.,0.));
#8975=DIRECTION('',(0.,0.,1.));
#8976=DIRECTION('',(1.,0.,0.));
#8977=DIRECTION('center_axis',(-1.,0.,0.));
#8978=DIRECTION('ref_axis',(0.,-1.,0.));
#8979=DIRECTION('center_axis',(1.,0.,0.));
#8980=DIRECTION('ref_axis',(0.,1.,0.));
#8981=DIRECTION('',(0.,-1.,0.));
#8982=DIRECTION('center_axis',(0.,0.,1.));
#8983=DIRECTION('ref_axis',(1.,0.,0.));
#8984=DIRECTION('',(0.,-1.,0.));
#8985=DIRECTION('center_axis',(1.,0.,0.));
#8986=DIRECTION('ref_axis',(0.,1.,0.));
#8987=DIRECTION('center_axis',(0.,-1.,0.));
#8988=DIRECTION('ref_axis',(1.,0.,0.));
#8989=DIRECTION('',(-1.,0.,0.));
#8990=DIRECTION('center_axis',(0.,0.,1.));
#8991=DIRECTION('ref_axis',(1.,0.,0.));
#8992=DIRECTION('',(-1.,0.,0.));
#8993=DIRECTION('center_axis',(0.,0.,1.));
#8994=DIRECTION('ref_axis',(1.,0.,0.));
#8995=DIRECTION('center_axis',(0.,0.,-1.));
#8996=DIRECTION('ref_axis',(1.,0.,0.));
#8997=DIRECTION('center_axis',(0.,-1.,0.));
#8998=DIRECTION('ref_axis',(-1.,0.,0.));
#8999=DIRECTION('center_axis',(0.,0.,1.));
#9000=DIRECTION('ref_axis',(1.,0.,0.));
#9001=DIRECTION('center_axis',(0.,0.,-1.));
#9002=DIRECTION('ref_axis',(1.,0.,0.));
#9003=DIRECTION('',(0.,0.,1.));
#9004=DIRECTION('center_axis',(0.,0.,-1.));
#9005=DIRECTION('ref_axis',(1.,0.,0.));
#9006=DIRECTION('center_axis',(0.,0.,-1.));
#9007=DIRECTION('ref_axis',(-1.,0.,0.));
#9008=DIRECTION('center_axis',(0.,0.,-1.));
#9009=DIRECTION('ref_axis',(1.,0.,0.));
#9010=DIRECTION('center_axis',(0.,0.,1.));
#9011=DIRECTION('ref_axis',(1.,0.,0.));
#9012=DIRECTION('center_axis',(0.,0.,-1.));
#9013=DIRECTION('ref_axis',(1.,0.,0.));
#9014=DIRECTION('center_axis',(0.,-1.,0.));
#9015=DIRECTION('ref_axis',(-1.,0.,0.));
#9016=DIRECTION('center_axis',(0.,0.,1.));
#9017=DIRECTION('ref_axis',(1.,0.,0.));
#9018=DIRECTION('center_axis',(0.,0.,-1.));
#9019=DIRECTION('ref_axis',(1.,0.,0.));
#9020=DIRECTION('',(0.,0.,1.));
#9021=DIRECTION('center_axis',(0.,0.,-1.));
#9022=DIRECTION('ref_axis',(1.,0.,0.));
#9023=DIRECTION('center_axis',(0.,0.,-1.));
#9024=DIRECTION('ref_axis',(-1.,0.,0.));
#9025=DIRECTION('center_axis',(0.,0.,-1.));
#9026=DIRECTION('ref_axis',(1.,0.,0.));
#9027=DIRECTION('center_axis',(0.,0.,1.));
#9028=DIRECTION('ref_axis',(1.,0.,0.));
#9029=DIRECTION('center_axis',(0.,0.,-1.));
#9030=DIRECTION('ref_axis',(1.,0.,0.));
#9031=DIRECTION('center_axis',(0.,-1.,0.));
#9032=DIRECTION('ref_axis',(-1.,0.,0.));
#9033=DIRECTION('center_axis',(0.,0.,1.));
#9034=DIRECTION('ref_axis',(1.,0.,0.));
#9035=DIRECTION('center_axis',(0.,0.,-1.));
#9036=DIRECTION('ref_axis',(1.,0.,0.));
#9037=DIRECTION('',(0.,0.,1.));
#9038=DIRECTION('center_axis',(0.,0.,-1.));
#9039=DIRECTION('ref_axis',(1.,0.,0.));
#9040=DIRECTION('center_axis',(0.,0.,-1.));
#9041=DIRECTION('ref_axis',(-1.,0.,0.));
#9042=DIRECTION('center_axis',(0.,0.,-1.));
#9043=DIRECTION('ref_axis',(1.,0.,0.));
#9044=DIRECTION('center_axis',(0.,0.,1.));
#9045=DIRECTION('ref_axis',(1.,0.,0.));
#9046=DIRECTION('center_axis',(0.,0.,-1.));
#9047=DIRECTION('ref_axis',(1.,0.,0.));
#9048=DIRECTION('center_axis',(0.,-1.,0.));
#9049=DIRECTION('ref_axis',(-1.,0.,0.));
#9050=DIRECTION('center_axis',(0.,0.,1.));
#9051=DIRECTION('ref_axis',(1.,0.,0.));
#9052=DIRECTION('center_axis',(0.,0.,-1.));
#9053=DIRECTION('ref_axis',(1.,0.,0.));
#9054=DIRECTION('',(0.,0.,1.));
#9055=DIRECTION('center_axis',(0.,0.,-1.));
#9056=DIRECTION('ref_axis',(1.,0.,0.));
#9057=DIRECTION('center_axis',(0.,0.,-1.));
#9058=DIRECTION('ref_axis',(-1.,0.,0.));
#9059=DIRECTION('center_axis',(0.,0.,-1.));
#9060=DIRECTION('ref_axis',(1.,0.,0.));
#9061=DIRECTION('center_axis',(-0.999986520114879,-0.00519226237146979,
0.));
#9062=DIRECTION('ref_axis',(0.00367148393257842,-0.707097249468369,-0.707106781186547));
#9063=DIRECTION('',(0.999986520114879,0.00519226237146979,0.));
#9064=DIRECTION('center_axis',(0.999986520114879,0.00519226237146954,0.));
#9065=DIRECTION('ref_axis',(0.00519226237146954,-0.999986520114879,0.));
#9066=DIRECTION('',(0.999986520114879,0.00519226237146979,0.));
#9067=DIRECTION('center_axis',(-0.703425765535803,-0.710768733400935,-6.31289450404304E-15));
#9068=DIRECTION('ref_axis',(0.710768733400935,-0.703425765535803,-6.31289450404305E-15));
#9069=DIRECTION('center_axis',(0.00519226237146787,-0.999986520114879,0.));
#9070=DIRECTION('ref_axis',(0.707097249468376,0.00367148393257838,-0.707106781186541));
#9071=DIRECTION('',(-0.00519226237146787,0.999986520114879,0.));
#9072=DIRECTION('center_axis',(0.710768733400935,-0.703425765535803,-1.24953516961989E-14));
#9073=DIRECTION('ref_axis',(0.703425765535803,0.710768733400935,-1.24953516961988E-14));
#9074=DIRECTION('',(-0.00519226237146787,0.999986520114879,0.));
#9075=DIRECTION('center_axis',(0.999986520114879,0.00519226237146901,0.));
#9076=DIRECTION('ref_axis',(-0.00367148393256589,0.707097249468363,-0.707106781186553));
#9077=DIRECTION('',(-0.999986520114879,-0.00519226237146901,0.));
#9078=DIRECTION('center_axis',(0.703425765535803,0.710768733400935,0.));
#9079=DIRECTION('ref_axis',(-0.710768733400935,0.703425765535803,0.));
#9080=DIRECTION('',(-0.999986520114879,-0.00519226237146901,0.));
#9081=DIRECTION('',(-0.999986520114879,-0.00519226237146901,0.));
#9082=DIRECTION('center_axis',(-0.00519226237146787,0.999986520114879,0.));
#9083=DIRECTION('ref_axis',(-0.70709724946837,-0.00367148393256586,-0.707106781186547));
#9084=DIRECTION('',(0.00519226237146787,-0.999986520114879,0.));
#9085=DIRECTION('',(0.00519226237146787,-0.999986520114879,0.));
#9086=DIRECTION('center_axis',(-0.710768733400935,0.703425765535803,6.24767584809943E-15));
#9087=DIRECTION('ref_axis',(-0.703425765535803,-0.710768733400935,6.24767584809941E-15));
#9088=DIRECTION('',(0.00519226237146787,-0.999986520114879,0.));
#9089=DIRECTION('',(0.00519226237146787,-0.999986520114879,0.));
#9090=DIRECTION('center_axis',(-0.999986520114879,-0.00519226237146979,
0.));
#9091=DIRECTION('ref_axis',(0.00367148393257842,-0.707097249468369,-0.707106781186547));
#9092=DIRECTION('',(0.999986520114879,0.00519226237146979,0.));
#9093=DIRECTION('center_axis',(-0.999986520114879,-0.00519226237146954,
0.));
#9094=DIRECTION('ref_axis',(0.,0.,-1.));
#9095=DIRECTION('',(0.999986520114879,0.00519226237146979,0.));
#9096=DIRECTION('center_axis',(0.,0.,1.));
#9097=DIRECTION('ref_axis',(1.,0.,0.));
#9098=DIRECTION('center_axis',(0.,0.,1.));
#9099=DIRECTION('ref_axis',(1.,0.,0.));
#9100=DIRECTION('center_axis',(0.00519226237146979,-0.999986520114879,0.));
#9101=DIRECTION('ref_axis',(-0.999986520114879,-0.00519226237146979,0.));
#9102=DIRECTION('',(0.999986520114879,0.00519226237146979,0.));
#9103=DIRECTION('center_axis',(0.,0.,-1.));
#9104=DIRECTION('ref_axis',(-1.,0.,0.));
#9105=DIRECTION('center_axis',(0.,0.,1.));
#9106=DIRECTION('ref_axis',(1.,0.,0.));
#9107=DIRECTION('center_axis',(0.,0.,1.));
#9108=DIRECTION('ref_axis',(1.,0.,0.));
#9109=DIRECTION('center_axis',(0.,0.,1.));
#9110=DIRECTION('ref_axis',(1.,0.,0.));
#9111=DIRECTION('center_axis',(0.,0.,1.));
#9112=DIRECTION('ref_axis',(1.,0.,0.));
#9113=DIRECTION('center_axis',(0.,0.,1.));
#9114=DIRECTION('ref_axis',(1.,0.,0.));
#9115=DIRECTION('center_axis',(0.,0.,1.));
#9116=DIRECTION('ref_axis',(1.,0.,0.));
#9117=DIRECTION('center_axis',(0.,0.,1.));
#9118=DIRECTION('ref_axis',(1.,0.,0.));
#9119=DIRECTION('center_axis',(0.,0.,-1.));
#9120=DIRECTION('ref_axis',(1.,0.,0.));
#9121=DIRECTION('',(0.,0.,1.));
#9122=DIRECTION('center_axis',(0.,0.,-1.));
#9123=DIRECTION('ref_axis',(1.,0.,0.));
#9124=DIRECTION('',(0.,0.,1.));
#9125=DIRECTION('center_axis',(0.,0.,-1.));
#9126=DIRECTION('ref_axis',(-1.,0.,0.));
#9127=DIRECTION('center_axis',(0.,0.,-1.));
#9128=DIRECTION('ref_axis',(1.,0.,0.));
#9129=DIRECTION('',(0.,0.,1.));
#9130=DIRECTION('center_axis',(0.,0.,-1.));
#9131=DIRECTION('ref_axis',(-1.,0.,0.));
#9132=DIRECTION('center_axis',(0.,0.,-1.));
#9133=DIRECTION('ref_axis',(1.,0.,0.));
#9134=DIRECTION('',(0.,0.,1.));
#9135=DIRECTION('center_axis',(0.,0.,-1.));
#9136=DIRECTION('ref_axis',(-1.,0.,0.));
#9137=DIRECTION('center_axis',(0.,0.,-1.));
#9138=DIRECTION('ref_axis',(-1.,0.,0.));
#9139=DIRECTION('center_axis',(-1.,0.,0.));
#9140=DIRECTION('ref_axis',(0.,0.707106781186548,0.707106781186547));
#9141=DIRECTION('',(-1.,0.,0.));
#9142=DIRECTION('center_axis',(-1.,0.,0.));
#9143=DIRECTION('ref_axis',(0.,0.707106781186548,0.707106781186547));
#9144=DIRECTION('center_axis',(0.,0.,-1.));
#9145=DIRECTION('ref_axis',(-1.,0.,0.));
#9146=DIRECTION('',(1.,0.,0.));
#9147=DIRECTION('',(0.,1.,0.));
#9148=DIRECTION('center_axis',(1.,0.,0.));
#9149=DIRECTION('ref_axis',(0.,-0.707106781186548,0.707106781186547));
#9150=DIRECTION('',(-1.,0.,0.));
#9151=DIRECTION('center_axis',(-1.,0.,0.));
#9152=DIRECTION('ref_axis',(0.,-0.707106781186548,0.707106781186547));
#9153=DIRECTION('center_axis',(-1.,0.,0.));
#9154=DIRECTION('ref_axis',(0.,0.707106781186548,0.707106781186547));
#9155=DIRECTION('',(1.,0.,0.));
#9156=DIRECTION('center_axis',(1.,0.,0.));
#9157=DIRECTION('ref_axis',(0.,0.707106781186548,0.707106781186547));
#9158=DIRECTION('',(-1.,0.,0.));
#9159=DIRECTION('center_axis',(0.,0.,-1.));
#9160=DIRECTION('ref_axis',(-1.,0.,0.));
#9161=DIRECTION('',(0.,-1.,0.));
#9162=DIRECTION('',(1.,0.,0.));
#9163=DIRECTION('center_axis',(1.,0.,0.));
#9164=DIRECTION('ref_axis',(0.,-0.707106781186548,0.707106781186547));
#9165=DIRECTION('center_axis',(1.,0.,0.));
#9166=DIRECTION('ref_axis',(0.,-0.707106781186548,0.707106781186547));
#9167=DIRECTION('center_axis',(-1.,0.,0.));
#9168=DIRECTION('ref_axis',(0.,0.707106781186547,0.707106781186547));
#9169=DIRECTION('center_axis',(1.,0.,0.));
#9170=DIRECTION('ref_axis',(0.,0.707106781186547,0.707106781186547));
#9171=DIRECTION('',(1.,0.,0.));
#9172=DIRECTION('center_axis',(-1.,0.,0.));
#9173=DIRECTION('ref_axis',(0.,0.707106781186547,0.707106781186547));
#9174=DIRECTION('',(-1.,0.,0.));
#9175=DIRECTION('center_axis',(0.,1.,0.));
#9176=DIRECTION('ref_axis',(-1.,0.,0.));
#9177=DIRECTION('',(0.,0.,1.));
#9178=DIRECTION('',(1.,0.,0.));
#9179=DIRECTION('center_axis',(0.,1.,0.));
#9180=DIRECTION('ref_axis',(-1.,0.,0.));
#9181=DIRECTION('center_axis',(0.,1.,0.));
#9182=DIRECTION('ref_axis',(-1.,0.,0.));
#9183=DIRECTION('',(1.,0.,0.));
#9184=DIRECTION('',(0.,0.,1.));
#9185=DIRECTION('center_axis',(1.,0.,0.));
#9186=DIRECTION('ref_axis',(0.,1.,0.));
#9187=DIRECTION('',(0.,1.,0.));
#9188=DIRECTION('center_axis',(-1.,0.,0.));
#9189=DIRECTION('ref_axis',(0.,-0.707106781186547,0.707106781186547));
#9190=DIRECTION('',(0.,0.,1.));
#9191=DIRECTION('center_axis',(-1.,0.,0.));
#9192=DIRECTION('ref_axis',(0.,-0.707106781186547,-0.707106781186547));
#9193=DIRECTION('',(0.,0.,1.));
#9194=DIRECTION('center_axis',(-1.,0.,0.));
#9195=DIRECTION('ref_axis',(0.,0.707106781186547,-0.707106781186547));
#9196=DIRECTION('center_axis',(-1.,0.,0.));
#9197=DIRECTION('ref_axis',(0.,1.,0.));
#9198=DIRECTION('center_axis',(-1.,0.,0.));
#9199=DIRECTION('ref_axis',(0.,1.,0.));
#9200=DIRECTION('center_axis',(-1.,0.,0.));
#9201=DIRECTION('ref_axis',(0.,1.,0.));
#9202=DIRECTION('center_axis',(-1.,0.,0.));
#9203=DIRECTION('ref_axis',(0.,1.,0.));
#9204=DIRECTION('center_axis',(-1.,0.,0.));
#9205=DIRECTION('ref_axis',(0.,1.,0.));
#9206=DIRECTION('center_axis',(-1.,0.,0.));
#9207=DIRECTION('ref_axis',(0.,1.,0.));
#9208=DIRECTION('center_axis',(-1.,0.,0.));
#9209=DIRECTION('ref_axis',(0.,1.,0.));
#9210=DIRECTION('center_axis',(-1.,0.,0.));
#9211=DIRECTION('ref_axis',(0.,1.,0.));
#9212=DIRECTION('center_axis',(-1.,0.,0.));
#9213=DIRECTION('ref_axis',(0.,1.,0.));
#9214=DIRECTION('center_axis',(1.,-6.03896121635215E-19,0.));
#9215=DIRECTION('ref_axis',(0.,-0.707106781186547,0.707106781186547));
#9216=DIRECTION('',(-1.,6.03896121635215E-19,0.));
#9217=DIRECTION('center_axis',(1.,0.,0.));
#9218=DIRECTION('ref_axis',(0.,-0.707106781186547,0.707106781186547));
#9219=DIRECTION('',(1.,-6.03896121635215E-19,0.));
#9220=DIRECTION('center_axis',(-6.03896121635215E-19,-1.,0.));
#9221=DIRECTION('ref_axis',(1.,-6.03896121635215E-19,0.));
#9222=DIRECTION('',(0.,0.,1.));
#9223=DIRECTION('',(-1.,6.03896121635215E-19,0.));
#9224=DIRECTION('center_axis',(1.,0.,0.));
#9225=DIRECTION('ref_axis',(0.,1.,0.));
#9226=DIRECTION('center_axis',(1.,0.,0.));
#9227=DIRECTION('ref_axis',(0.,1.,0.));
#9228=DIRECTION('',(1.,0.,0.));
#9229=DIRECTION('center_axis',(1.,0.,0.));
#9230=DIRECTION('ref_axis',(0.,1.,0.));
#9231=DIRECTION('',(1.,0.,0.));
#9232=DIRECTION('center_axis',(1.,0.,0.));
#9233=DIRECTION('ref_axis',(0.,1.,0.));
#9234=DIRECTION('center_axis',(1.,0.,0.));
#9235=DIRECTION('ref_axis',(0.,1.,0.));
#9236=DIRECTION('',(1.,0.,0.));
#9237=DIRECTION('center_axis',(1.,0.,0.));
#9238=DIRECTION('ref_axis',(0.,1.,0.));
#9239=DIRECTION('',(1.,0.,0.));
#9240=DIRECTION('center_axis',(1.,0.,0.));
#9241=DIRECTION('ref_axis',(0.,1.,0.));
#9242=DIRECTION('center_axis',(1.,0.,0.));
#9243=DIRECTION('ref_axis',(0.,1.,0.));
#9244=DIRECTION('',(1.,0.,0.));
#9245=DIRECTION('center_axis',(1.,0.,0.));
#9246=DIRECTION('ref_axis',(0.,1.,0.));
#9247=DIRECTION('',(1.,0.,0.));
#9248=DIRECTION('center_axis',(1.,0.,0.));
#9249=DIRECTION('ref_axis',(0.,1.,0.));
#9250=DIRECTION('center_axis',(1.,0.,0.));
#9251=DIRECTION('ref_axis',(0.,1.,0.));
#9252=DIRECTION('',(1.,0.,0.));
#9253=DIRECTION('center_axis',(1.,0.,0.));
#9254=DIRECTION('ref_axis',(0.,1.,0.));
#9255=DIRECTION('',(1.,0.,0.));
#9256=DIRECTION('center_axis',(1.,0.,0.));
#9257=DIRECTION('ref_axis',(0.,1.,0.));
#9258=DIRECTION('center_axis',(1.,0.,0.));
#9259=DIRECTION('ref_axis',(0.,1.,0.));
#9260=DIRECTION('',(1.,0.,0.));
#9261=DIRECTION('center_axis',(1.,0.,0.));
#9262=DIRECTION('ref_axis',(0.,1.,0.));
#9263=DIRECTION('',(1.,0.,0.));
#9264=DIRECTION('center_axis',(1.,0.,0.));
#9265=DIRECTION('ref_axis',(0.,1.,0.));
#9266=DIRECTION('center_axis',(1.,0.,0.));
#9267=DIRECTION('ref_axis',(0.,1.,0.));
#9268=DIRECTION('',(1.,0.,0.));
#9269=DIRECTION('center_axis',(1.,0.,0.));
#9270=DIRECTION('ref_axis',(0.,1.,0.));
#9271=DIRECTION('',(1.,0.,0.));
#9272=DIRECTION('center_axis',(1.,0.,0.));
#9273=DIRECTION('ref_axis',(0.,1.,0.));
#9274=DIRECTION('center_axis',(1.,0.,0.));
#9275=DIRECTION('ref_axis',(0.,1.,0.));
#9276=DIRECTION('',(1.,0.,0.));
#9277=DIRECTION('center_axis',(1.,0.,0.));
#9278=DIRECTION('ref_axis',(0.,1.,0.));
#9279=DIRECTION('',(1.,0.,0.));
#9280=DIRECTION('center_axis',(1.,0.,0.));
#9281=DIRECTION('ref_axis',(0.,1.,0.));
#9282=DIRECTION('center_axis',(1.,0.,0.));
#9283=DIRECTION('ref_axis',(0.,1.,0.));
#9284=DIRECTION('',(1.,0.,0.));
#9285=DIRECTION('center_axis',(1.,0.,0.));
#9286=DIRECTION('ref_axis',(0.,1.,0.));
#9287=DIRECTION('',(1.,0.,0.));
#9288=DIRECTION('center_axis',(1.,0.,0.));
#9289=DIRECTION('ref_axis',(0.,1.,0.));
#9290=DIRECTION('center_axis',(1.,0.,0.));
#9291=DIRECTION('ref_axis',(0.,1.,0.));
#9292=DIRECTION('',(1.,0.,0.));
#9293=DIRECTION('center_axis',(1.,0.,0.));
#9294=DIRECTION('ref_axis',(0.,1.,0.));
#9295=DIRECTION('',(1.,0.,0.));
#9296=DIRECTION('center_axis',(0.,0.,-1.));
#9297=DIRECTION('ref_axis',(-1.,0.,0.));
#9298=DIRECTION('center_axis',(0.,1.,0.));
#9299=DIRECTION('ref_axis',(-1.,0.,0.));
#9300=DIRECTION('',(0.,0.,1.));
#9301=DIRECTION('center_axis',(1.,-6.03896121635215E-19,0.));
#9302=DIRECTION('ref_axis',(0.,-0.707106781186547,-0.707106781186547));
#9303=DIRECTION('center_axis',(1.,-1.84231293533648E-16,0.));
#9304=DIRECTION('ref_axis',(0.,-0.707106781186547,-0.707106781186547));
#9305=DIRECTION('center_axis',(0.,-1.,0.));
#9306=DIRECTION('ref_axis',(1.,0.,0.));
#9307=DIRECTION('center_axis',(-1.,0.,0.));
#9308=DIRECTION('ref_axis',(0.,0.707106781186547,-0.707106781186547));
#9309=DIRECTION('center_axis',(1.,0.,0.));
#9310=DIRECTION('ref_axis',(0.,0.,-1.));
#9311=DIRECTION('center_axis',(1.,-5.6843418860808E-15,8.5265128291212E-15));
#9312=DIRECTION('ref_axis',(8.5265128291212E-15,0.,-1.));
#9313=DIRECTION('center_axis',(-1.,0.,0.));
#9314=DIRECTION('ref_axis',(0.,0.707106781186547,-0.707106781186547));
#9315=DIRECTION('center_axis',(1.,0.,0.));
#9316=DIRECTION('ref_axis',(0.,0.707106781186547,-0.707106781186547));
#9317=DIRECTION('center_axis',(0.,-1.,0.));
#9318=DIRECTION('ref_axis',(0.,0.,-1.));
#9319=DIRECTION('center_axis',(0.,1.,0.));
#9320=DIRECTION('ref_axis',(-1.,0.,0.));
#9321=DIRECTION('center_axis',(-1.,0.,0.));
#9322=DIRECTION('ref_axis',(0.,0.,1.));
#9323=DIRECTION('center_axis',(0.,0.,1.));
#9324=DIRECTION('ref_axis',(1.,0.,0.));
#9325=DIRECTION('center_axis',(-1.,0.,0.));
#9326=DIRECTION('ref_axis',(0.,-1.,0.));
#9327=DIRECTION('',(0.,-1.,0.));
#9328=DIRECTION('center_axis',(0.,1.,0.));
#9329=DIRECTION('ref_axis',(-1.,0.,0.));
#9330=DIRECTION('center_axis',(0.,-1.,0.));
#9331=DIRECTION('ref_axis',(-1.,0.,0.));
#9332=DIRECTION('center_axis',(0.,-1.,0.));
#9333=DIRECTION('ref_axis',(-1.,0.,0.));
#9334=DIRECTION('',(0.,-1.,0.));
#9335=DIRECTION('center_axis',(0.,0.,1.));
#9336=DIRECTION('ref_axis',(1.,0.,0.));
#9337=DIRECTION('center_axis',(-0.866025403784438,-0.500000000000001,0.));
#9338=DIRECTION('ref_axis',(0.500000000000001,-0.866025403784438,0.));
#9339=DIRECTION('',(0.500000000000001,-0.866025403784438,0.));
#9340=DIRECTION('',(0.,0.,1.));
#9341=DIRECTION('',(0.500000000000001,-0.866025403784438,0.));
#9342=DIRECTION('',(0.,0.,1.));
#9343=DIRECTION('center_axis',(-0.866025403784439,0.499999999999999,0.));
#9344=DIRECTION('ref_axis',(-0.499999999999999,-0.866025403784439,0.));
#9345=DIRECTION('',(-0.499999999999999,-0.866025403784439,0.));
#9346=DIRECTION('',(0.,0.,1.));
#9347=DIRECTION('',(-0.499999999999999,-0.866025403784439,0.));
#9348=DIRECTION('center_axis',(0.,1.,0.));
#9349=DIRECTION('ref_axis',(-1.,0.,0.));
#9350=DIRECTION('',(-1.,0.,0.));
#9351=DIRECTION('',(0.,0.,1.));
#9352=DIRECTION('',(-1.,0.,0.));
#9353=DIRECTION('center_axis',(0.866025403784439,0.499999999999999,0.));
#9354=DIRECTION('ref_axis',(-0.499999999999999,0.866025403784439,0.));
#9355=DIRECTION('',(-0.499999999999999,0.866025403784439,0.));
#9356=DIRECTION('',(0.,0.,1.));
#9357=DIRECTION('',(-0.499999999999999,0.866025403784439,0.));
#9358=DIRECTION('center_axis',(0.866025403784439,-0.499999999999999,0.));
#9359=DIRECTION('ref_axis',(0.499999999999999,0.866025403784439,0.));
#9360=DIRECTION('',(0.499999999999999,0.866025403784439,0.));
#9361=DIRECTION('',(0.,0.,1.));
#9362=DIRECTION('',(0.499999999999999,0.866025403784439,0.));
#9363=DIRECTION('center_axis',(0.,-1.,0.));
#9364=DIRECTION('ref_axis',(1.,0.,0.));
#9365=DIRECTION('',(1.,0.,0.));
#9366=DIRECTION('',(1.,0.,0.));
#9367=DIRECTION('center_axis',(0.,0.,-1.));
#9368=DIRECTION('ref_axis',(-1.,0.,0.));
#9369=DIRECTION('center_axis',(0.,0.,-1.));
#9370=DIRECTION('ref_axis',(-1.,0.,0.));
#9371=DIRECTION('center_axis',(-0.866025403784438,-0.500000000000001,0.));
#9372=DIRECTION('ref_axis',(0.500000000000001,-0.866025403784438,0.));
#9373=DIRECTION('',(0.500000000000001,-0.866025403784438,0.));
#9374=DIRECTION('',(0.,0.,1.));
#9375=DIRECTION('',(0.500000000000001,-0.866025403784438,0.));
#9376=DIRECTION('',(0.,0.,1.));
#9377=DIRECTION('center_axis',(-0.866025403784439,0.499999999999999,0.));
#9378=DIRECTION('ref_axis',(-0.499999999999999,-0.866025403784439,0.));
#9379=DIRECTION('',(-0.499999999999999,-0.866025403784439,0.));
#9380=DIRECTION('',(0.,0.,1.));
#9381=DIRECTION('',(-0.499999999999999,-0.866025403784439,0.));
#9382=DIRECTION('center_axis',(0.,1.,0.));
#9383=DIRECTION('ref_axis',(-1.,0.,0.));
#9384=DIRECTION('',(-1.,0.,0.));
#9385=DIRECTION('',(0.,0.,1.));
#9386=DIRECTION('',(-1.,0.,0.));
#9387=DIRECTION('center_axis',(0.866025403784439,0.499999999999999,0.));
#9388=DIRECTION('ref_axis',(-0.499999999999999,0.866025403784439,0.));
#9389=DIRECTION('',(-0.499999999999999,0.866025403784439,0.));
#9390=DIRECTION('',(0.,0.,1.));
#9391=DIRECTION('',(-0.499999999999999,0.866025403784439,0.));
#9392=DIRECTION('center_axis',(0.866025403784439,-0.499999999999999,0.));
#9393=DIRECTION('ref_axis',(0.499999999999999,0.866025403784439,0.));
#9394=DIRECTION('',(0.499999999999999,0.866025403784439,0.));
#9395=DIRECTION('',(0.,0.,1.));
#9396=DIRECTION('',(0.499999999999999,0.866025403784439,0.));
#9397=DIRECTION('center_axis',(0.,-1.,0.));
#9398=DIRECTION('ref_axis',(1.,0.,0.));
#9399=DIRECTION('',(1.,0.,0.));
#9400=DIRECTION('',(1.,0.,0.));
#9401=DIRECTION('center_axis',(0.,0.,-1.));
#9402=DIRECTION('ref_axis',(-1.,0.,0.));
#9403=DIRECTION('center_axis',(0.,0.,-1.));
#9404=DIRECTION('ref_axis',(-1.,0.,0.));
#9405=DIRECTION('center_axis',(0.866025403784439,-0.499999999999999,0.));
#9406=DIRECTION('ref_axis',(0.499999999999999,0.866025403784439,0.));
#9407=DIRECTION('',(0.499999999999999,0.866025403784439,0.));
#9408=DIRECTION('',(0.,0.,1.));
#9409=DIRECTION('',(0.499999999999999,0.866025403784439,0.));
#9410=DIRECTION('',(0.,0.,1.));
#9411=DIRECTION('center_axis',(0.,-1.,0.));
#9412=DIRECTION('ref_axis',(1.,0.,0.));
#9413=DIRECTION('',(1.,0.,0.));
#9414=DIRECTION('',(0.,0.,1.));
#9415=DIRECTION('',(1.,0.,0.));
#9416=DIRECTION('center_axis',(-0.866025403784438,-0.500000000000001,0.));
#9417=DIRECTION('ref_axis',(0.500000000000001,-0.866025403784438,0.));
#9418=DIRECTION('',(0.500000000000001,-0.866025403784438,0.));
#9419=DIRECTION('',(0.,0.,1.));
#9420=DIRECTION('',(0.500000000000001,-0.866025403784438,0.));
#9421=DIRECTION('center_axis',(-0.866025403784439,0.499999999999999,0.));
#9422=DIRECTION('ref_axis',(-0.499999999999999,-0.866025403784439,0.));
#9423=DIRECTION('',(-0.499999999999999,-0.866025403784439,0.));
#9424=DIRECTION('',(0.,0.,1.));
#9425=DIRECTION('',(-0.499999999999999,-0.866025403784439,0.));
#9426=DIRECTION('center_axis',(0.,1.,0.));
#9427=DIRECTION('ref_axis',(-1.,0.,0.));
#9428=DIRECTION('',(-1.,0.,0.));
#9429=DIRECTION('',(0.,0.,1.));
#9430=DIRECTION('',(-1.,0.,0.));
#9431=DIRECTION('center_axis',(0.866025403784439,0.499999999999999,0.));
#9432=DIRECTION('ref_axis',(-0.499999999999999,0.866025403784439,0.));
#9433=DIRECTION('',(-0.499999999999999,0.866025403784439,0.));
#9434=DIRECTION('',(-0.499999999999999,0.866025403784439,0.));
#9435=DIRECTION('center_axis',(0.,0.,-1.));
#9436=DIRECTION('ref_axis',(-1.,0.,0.));
#9437=DIRECTION('center_axis',(0.,0.,-1.));
#9438=DIRECTION('ref_axis',(-1.,0.,0.));
#9439=DIRECTION('center_axis',(-0.866025403784438,-0.500000000000001,0.));
#9440=DIRECTION('ref_axis',(0.500000000000001,-0.866025403784438,0.));
#9441=DIRECTION('',(0.500000000000001,-0.866025403784438,0.));
#9442=DIRECTION('',(0.,0.,1.));
#9443=DIRECTION('',(0.500000000000001,-0.866025403784438,0.));
#9444=DIRECTION('',(0.,0.,1.));
#9445=DIRECTION('center_axis',(-0.866025403784439,0.499999999999999,0.));
#9446=DIRECTION('ref_axis',(-0.499999999999999,-0.866025403784439,0.));
#9447=DIRECTION('',(-0.499999999999999,-0.866025403784439,0.));
#9448=DIRECTION('',(0.,0.,1.));
#9449=DIRECTION('',(-0.499999999999999,-0.866025403784439,0.));
#9450=DIRECTION('center_axis',(0.,1.,0.));
#9451=DIRECTION('ref_axis',(-1.,0.,0.));
#9452=DIRECTION('',(-1.,0.,0.));
#9453=DIRECTION('',(0.,0.,1.));
#9454=DIRECTION('',(-1.,0.,0.));
#9455=DIRECTION('center_axis',(0.866025403784439,0.499999999999999,0.));
#9456=DIRECTION('ref_axis',(-0.499999999999999,0.866025403784439,0.));
#9457=DIRECTION('',(-0.499999999999999,0.866025403784439,0.));
#9458=DIRECTION('',(0.,0.,1.));
#9459=DIRECTION('',(-0.499999999999999,0.866025403784439,0.));
#9460=DIRECTION('center_axis',(0.866025403784439,-0.499999999999999,0.));
#9461=DIRECTION('ref_axis',(0.499999999999999,0.866025403784439,0.));
#9462=DIRECTION('',(0.499999999999999,0.866025403784439,0.));
#9463=DIRECTION('',(0.,0.,1.));
#9464=DIRECTION('',(0.499999999999999,0.866025403784439,0.));
#9465=DIRECTION('center_axis',(0.,-1.,0.));
#9466=DIRECTION('ref_axis',(1.,0.,0.));
#9467=DIRECTION('',(1.,0.,0.));
#9468=DIRECTION('',(1.,0.,0.));
#9469=DIRECTION('center_axis',(0.,0.,-1.));
#9470=DIRECTION('ref_axis',(-1.,0.,0.));
#9471=DIRECTION('center_axis',(0.,0.,-1.));
#9472=DIRECTION('ref_axis',(-1.,0.,0.));
#9473=DIRECTION('center_axis',(-1.,0.,0.));
#9474=DIRECTION('ref_axis',(0.,1.,0.));
#9475=DIRECTION('',(0.,1.,0.));
#9476=DIRECTION('',(0.,0.,-1.));
#9477=DIRECTION('',(0.,1.,0.));
#9478=DIRECTION('',(0.,0.,-1.));
#9479=DIRECTION('center_axis',(0.,-1.,0.));
#9480=DIRECTION('ref_axis',(-1.,0.,0.));
#9481=DIRECTION('',(-1.,0.,0.));
#9482=DIRECTION('',(-1.,0.,0.));
#9483=DIRECTION('',(0.,0.,-1.));
#9484=DIRECTION('center_axis',(1.,0.,0.));
#9485=DIRECTION('ref_axis',(0.,-1.,0.));
#9486=DIRECTION('',(0.,-1.,0.));
#9487=DIRECTION('',(0.,-1.,0.));
#9488=DIRECTION('',(0.,0.,-1.));
#9489=DIRECTION('center_axis',(0.,1.,0.));
#9490=DIRECTION('ref_axis',(1.,0.,0.));
#9491=DIRECTION('',(1.,0.,0.));
#9492=DIRECTION('',(1.,0.,0.));
#9493=DIRECTION('',(0.,0.,-1.));
#9494=DIRECTION('center_axis',(-1.,0.,0.));
#9495=DIRECTION('ref_axis',(0.,1.,0.));
#9496=DIRECTION('',(0.,1.,0.));
#9497=DIRECTION('',(0.,1.,0.));
#9498=DIRECTION('',(0.,0.,-1.));
#9499=DIRECTION('center_axis',(0.,1.,0.));
#9500=DIRECTION('ref_axis',(1.,0.,0.));
#9501=DIRECTION('',(1.,0.,0.));
#9502=DIRECTION('',(1.,0.,0.));
#9503=DIRECTION('',(0.,0.,-1.));
#9504=DIRECTION('center_axis',(1.,0.,0.));
#9505=DIRECTION('ref_axis',(0.,-1.,0.));
#9506=DIRECTION('',(0.,-1.,0.));
#9507=DIRECTION('',(0.,-1.,0.));
#9508=DIRECTION('',(0.,0.,-1.));
#9509=DIRECTION('center_axis',(0.,1.,0.));
#9510=DIRECTION('ref_axis',(1.,0.,0.));
#9511=DIRECTION('',(1.,0.,0.));
#9512=DIRECTION('',(1.,0.,0.));
#9513=DIRECTION('',(0.,0.,-1.));
#9514=DIRECTION('center_axis',(-1.,0.,0.));
#9515=DIRECTION('ref_axis',(0.,1.,0.));
#9516=DIRECTION('',(0.,1.,0.));
#9517=DIRECTION('',(0.,1.,0.));
#9518=DIRECTION('',(0.,0.,-1.));
#9519=DIRECTION('center_axis',(0.,-1.,0.));
#9520=DIRECTION('ref_axis',(-1.,0.,0.));
#9521=DIRECTION('',(-1.,0.,0.));
#9522=DIRECTION('',(-1.,0.,0.));
#9523=DIRECTION('',(0.,0.,-1.));
#9524=DIRECTION('center_axis',(1.,0.,0.));
#9525=DIRECTION('ref_axis',(0.,-1.,0.));
#9526=DIRECTION('',(0.,-1.,0.));
#9527=DIRECTION('',(0.,-1.,0.));
#9528=DIRECTION('',(0.,0.,-1.));
#9529=DIRECTION('center_axis',(0.,-1.,0.));
#9530=DIRECTION('ref_axis',(-1.,0.,0.));
#9531=DIRECTION('',(-1.,0.,0.));
#9532=DIRECTION('',(-1.,0.,0.));
#9533=DIRECTION('center_axis',(0.,0.,1.));
#9534=DIRECTION('ref_axis',(-1.,0.,0.));
#9535=DIRECTION('center_axis',(0.,0.,-1.));
#9536=DIRECTION('ref_axis',(-1.,0.,0.));
#9537=DIRECTION('center_axis',(0.,-1.,0.));
#9538=DIRECTION('ref_axis',(-1.,0.,0.));
#9539=DIRECTION('',(-1.,0.,0.));
#9540=DIRECTION('',(0.,0.,-1.));
#9541=DIRECTION('',(-1.,0.,0.));
#9542=DIRECTION('',(0.,0.,-1.));
#9543=DIRECTION('center_axis',(1.,0.,0.));
#9544=DIRECTION('ref_axis',(0.,-1.,0.));
#9545=DIRECTION('',(0.,-1.,0.));
#9546=DIRECTION('',(0.,-1.,0.));
#9547=DIRECTION('',(0.,0.,-1.));
#9548=DIRECTION('center_axis',(0.,1.,0.));
#9549=DIRECTION('ref_axis',(1.,0.,0.));
#9550=DIRECTION('',(1.,0.,0.));
#9551=DIRECTION('',(1.,0.,0.));
#9552=DIRECTION('',(0.,0.,-1.));
#9553=DIRECTION('center_axis',(1.,0.,0.));
#9554=DIRECTION('ref_axis',(0.,-1.,0.));
#9555=DIRECTION('',(0.,-1.,0.));
#9556=DIRECTION('',(0.,-1.,0.));
#9557=DIRECTION('',(0.,0.,-1.));
#9558=DIRECTION('center_axis',(0.,-1.,0.));
#9559=DIRECTION('ref_axis',(-1.,0.,0.));
#9560=DIRECTION('',(-1.,0.,0.));
#9561=DIRECTION('',(-1.,0.,0.));
#9562=DIRECTION('',(0.,0.,-1.));
#9563=DIRECTION('center_axis',(1.,0.,0.));
#9564=DIRECTION('ref_axis',(0.,-1.,0.));
#9565=DIRECTION('',(0.,-1.,0.));
#9566=DIRECTION('',(0.,-1.,0.));
#9567=DIRECTION('',(0.,0.,-1.));
#9568=DIRECTION('center_axis',(0.,1.,0.));
#9569=DIRECTION('ref_axis',(1.,0.,0.));
#9570=DIRECTION('',(1.,0.,0.));
#9571=DIRECTION('',(1.,0.,0.));
#9572=DIRECTION('',(0.,0.,-1.));
#9573=DIRECTION('center_axis',(-1.,0.,0.));
#9574=DIRECTION('ref_axis',(0.,1.,0.));
#9575=DIRECTION('',(0.,1.,0.));
#9576=DIRECTION('',(0.,1.,0.));
#9577=DIRECTION('',(0.,0.,-1.));
#9578=DIRECTION('center_axis',(0.,-1.,0.));
#9579=DIRECTION('ref_axis',(-1.,0.,0.));
#9580=DIRECTION('',(-1.,0.,0.));
#9581=DIRECTION('',(-1.,0.,0.));
#9582=DIRECTION('',(0.,0.,-1.));
#9583=DIRECTION('center_axis',(1.,0.,0.));
#9584=DIRECTION('ref_axis',(0.,-1.,0.));
#9585=DIRECTION('',(0.,-1.,0.));
#9586=DIRECTION('',(0.,-1.,0.));
#9587=DIRECTION('',(0.,0.,-1.));
#9588=DIRECTION('center_axis',(0.,1.,0.));
#9589=DIRECTION('ref_axis',(1.,0.,0.));
#9590=DIRECTION('',(1.,0.,0.));
#9591=DIRECTION('',(1.,0.,0.));
#9592=DIRECTION('',(0.,0.,-1.));
#9593=DIRECTION('center_axis',(1.,0.,0.));
#9594=DIRECTION('ref_axis',(0.,-1.,0.));
#9595=DIRECTION('',(0.,-1.,0.));
#9596=DIRECTION('',(0.,-1.,0.));
#9597=DIRECTION('center_axis',(0.,0.,1.));
#9598=DIRECTION('ref_axis',(-1.,0.,0.));
#9599=DIRECTION('center_axis',(0.,0.,-1.));
#9600=DIRECTION('ref_axis',(-1.,0.,0.));
#9601=DIRECTION('center_axis',(1.,0.,0.));
#9602=DIRECTION('ref_axis',(0.,-1.,0.));
#9603=DIRECTION('',(0.,1.,0.));
#9604=DIRECTION('',(0.,0.,-1.));
#9605=DIRECTION('',(0.,-1.,0.));
#9606=DIRECTION('',(0.,0.,-1.));
#9607=DIRECTION('center_axis',(0.,-1.,0.));
#9608=DIRECTION('ref_axis',(-1.,0.,0.));
#9609=DIRECTION('',(1.,0.,0.));
#9610=DIRECTION('',(-1.,0.,0.));
#9611=DIRECTION('',(0.,0.,-1.));
#9612=DIRECTION('center_axis',(-1.,0.,0.));
#9613=DIRECTION('ref_axis',(0.,1.,0.));
#9614=DIRECTION('',(0.,-1.,0.));
#9615=DIRECTION('',(0.,1.,0.));
#9616=DIRECTION('',(0.,0.,-1.));
#9617=DIRECTION('center_axis',(0.,1.,0.));
#9618=DIRECTION('ref_axis',(1.,0.,0.));
#9619=DIRECTION('',(-1.,0.,0.));
#9620=DIRECTION('',(1.,0.,0.));
#9621=DIRECTION('center_axis',(1.,0.,0.));
#9622=DIRECTION('ref_axis',(0.,-1.,0.));
#9623=DIRECTION('',(0.,-1.,0.));
#9624=DIRECTION('',(0.,0.,-1.));
#9625=DIRECTION('',(0.,-1.,0.));
#9626=DIRECTION('',(0.,0.,-1.));
#9627=DIRECTION('center_axis',(0.,-1.,0.));
#9628=DIRECTION('ref_axis',(-1.,0.,0.));
#9629=DIRECTION('',(-1.,0.,0.));
#9630=DIRECTION('',(-1.,0.,0.));
#9631=DIRECTION('',(0.,0.,-1.));
#9632=DIRECTION('center_axis',(1.,0.,0.));
#9633=DIRECTION('ref_axis',(0.,-1.,0.));
#9634=DIRECTION('',(0.,-1.,0.));
#9635=DIRECTION('',(0.,-1.,0.));
#9636=DIRECTION('',(0.,0.,-1.));
#9637=DIRECTION('center_axis',(0.,1.,0.));
#9638=DIRECTION('ref_axis',(1.,0.,0.));
#9639=DIRECTION('',(1.,0.,0.));
#9640=DIRECTION('',(1.,0.,0.));
#9641=DIRECTION('',(0.,0.,-1.));
#9642=DIRECTION('center_axis',(1.,0.,0.));
#9643=DIRECTION('ref_axis',(0.,-1.,0.));
#9644=DIRECTION('',(0.,-1.,0.));
#9645=DIRECTION('',(0.,-1.,0.));
#9646=DIRECTION('',(0.,0.,-1.));
#9647=DIRECTION('center_axis',(0.,1.,0.));
#9648=DIRECTION('ref_axis',(1.,0.,0.));
#9649=DIRECTION('',(1.,0.,0.));
#9650=DIRECTION('',(1.,0.,0.));
#9651=DIRECTION('',(0.,0.,-1.));
#9652=DIRECTION('center_axis',(-1.,0.,0.));
#9653=DIRECTION('ref_axis',(0.,1.,0.));
#9654=DIRECTION('',(0.,1.,0.));
#9655=DIRECTION('',(0.,1.,0.));
#9656=DIRECTION('',(0.,0.,-1.));
#9657=DIRECTION('center_axis',(0.,-1.,0.));
#9658=DIRECTION('ref_axis',(-1.,0.,0.));
#9659=DIRECTION('',(-1.,0.,0.));
#9660=DIRECTION('',(-1.,0.,0.));
#9661=DIRECTION('',(0.,0.,-1.));
#9662=DIRECTION('center_axis',(1.,0.,0.));
#9663=DIRECTION('ref_axis',(0.,-1.,0.));
#9664=DIRECTION('',(0.,-1.,0.));
#9665=DIRECTION('',(0.,-1.,0.));
#9666=DIRECTION('',(0.,0.,-1.));
#9667=DIRECTION('center_axis',(0.,-1.,0.));
#9668=DIRECTION('ref_axis',(-1.,0.,0.));
#9669=DIRECTION('',(-1.,0.,0.));
#9670=DIRECTION('',(-1.,0.,0.));
#9671=DIRECTION('',(0.,0.,-1.));
#9672=DIRECTION('center_axis',(-1.,0.,0.));
#9673=DIRECTION('ref_axis',(0.,1.,0.));
#9674=DIRECTION('',(0.,1.,0.));
#9675=DIRECTION('',(0.,1.,0.));
#9676=DIRECTION('',(0.,0.,-1.));
#9677=DIRECTION('center_axis',(0.,-1.,0.));
#9678=DIRECTION('ref_axis',(-1.,0.,0.));
#9679=DIRECTION('',(-1.,0.,0.));
#9680=DIRECTION('',(-1.,0.,0.));
#9681=DIRECTION('',(0.,0.,-1.));
#9682=DIRECTION('center_axis',(1.,0.,0.));
#9683=DIRECTION('ref_axis',(0.,-1.,0.));
#9684=DIRECTION('',(0.,-1.,0.));
#9685=DIRECTION('',(0.,-1.,0.));
#9686=DIRECTION('',(0.,0.,-1.));
#9687=DIRECTION('center_axis',(0.,1.,0.));
#9688=DIRECTION('ref_axis',(1.,0.,0.));
#9689=DIRECTION('',(1.,0.,0.));
#9690=DIRECTION('',(1.,0.,0.));
#9691=DIRECTION('center_axis',(0.,0.,1.));
#9692=DIRECTION('ref_axis',(-1.,0.,0.));
#9693=DIRECTION('center_axis',(0.,0.,-1.));
#9694=DIRECTION('ref_axis',(-1.,0.,0.));
#9695=DIRECTION('center_axis',(0.,1.,0.));
#9696=DIRECTION('ref_axis',(1.,0.,0.));
#9697=DIRECTION('',(-1.,0.,0.));
#9698=DIRECTION('',(0.,0.,-1.));
#9699=DIRECTION('',(1.,0.,0.));
#9700=DIRECTION('',(0.,0.,-1.));
#9701=DIRECTION('center_axis',(1.,0.,0.));
#9702=DIRECTION('ref_axis',(0.,-1.,0.));
#9703=DIRECTION('',(0.,1.,0.));
#9704=DIRECTION('',(0.,-1.,0.));
#9705=DIRECTION('',(0.,0.,-1.));
#9706=DIRECTION('center_axis',(0.,-1.,0.));
#9707=DIRECTION('ref_axis',(-1.,0.,0.));
#9708=DIRECTION('',(1.,0.,0.));
#9709=DIRECTION('',(-1.,0.,0.));
#9710=DIRECTION('',(0.,0.,-1.));
#9711=DIRECTION('center_axis',(-1.,0.,0.));
#9712=DIRECTION('ref_axis',(0.,1.,0.));
#9713=DIRECTION('',(0.,-1.,0.));
#9714=DIRECTION('',(0.,1.,0.));
#9715=DIRECTION('center_axis',(-1.,0.,0.));
#9716=DIRECTION('ref_axis',(0.,1.,0.));
#9717=DIRECTION('',(0.,1.,0.));
#9718=DIRECTION('',(0.,0.,-1.));
#9719=DIRECTION('',(0.,1.,0.));
#9720=DIRECTION('',(0.,0.,-1.));
#9721=DIRECTION('center_axis',(0.,-1.,0.));
#9722=DIRECTION('ref_axis',(-1.,0.,0.));
#9723=DIRECTION('',(-1.,0.,0.));
#9724=DIRECTION('',(-1.,0.,0.));
#9725=DIRECTION('',(0.,0.,-1.));
#9726=DIRECTION('center_axis',(1.,0.,0.));
#9727=DIRECTION('ref_axis',(0.,-1.,0.));
#9728=DIRECTION('',(0.,-1.,0.));
#9729=DIRECTION('',(0.,-1.,0.));
#9730=DIRECTION('',(0.,0.,-1.));
#9731=DIRECTION('center_axis',(0.,1.,0.));
#9732=DIRECTION('ref_axis',(1.,0.,0.));
#9733=DIRECTION('',(1.,0.,0.));
#9734=DIRECTION('',(1.,0.,0.));
#9735=DIRECTION('',(0.,0.,-1.));
#9736=DIRECTION('center_axis',(1.,0.,0.));
#9737=DIRECTION('ref_axis',(0.,-1.,0.));
#9738=DIRECTION('',(0.,-1.,0.));
#9739=DIRECTION('',(0.,-1.,0.));
#9740=DIRECTION('',(0.,0.,-1.));
#9741=DIRECTION('center_axis',(0.,1.,0.));
#9742=DIRECTION('ref_axis',(1.,0.,0.));
#9743=DIRECTION('',(1.,0.,0.));
#9744=DIRECTION('',(1.,0.,0.));
#9745=DIRECTION('',(0.,0.,-1.));
#9746=DIRECTION('center_axis',(-1.,0.,0.));
#9747=DIRECTION('ref_axis',(0.,1.,0.));
#9748=DIRECTION('',(0.,1.,0.));
#9749=DIRECTION('',(0.,1.,0.));
#9750=DIRECTION('',(0.,0.,-1.));
#9751=DIRECTION('center_axis',(0.,1.,0.));
#9752=DIRECTION('ref_axis',(1.,0.,0.));
#9753=DIRECTION('',(1.,0.,0.));
#9754=DIRECTION('',(1.,0.,0.));
#9755=DIRECTION('',(0.,0.,-1.));
#9756=DIRECTION('center_axis',(-1.,0.,0.));
#9757=DIRECTION('ref_axis',(0.,1.,0.));
#9758=DIRECTION('',(0.,1.,0.));
#9759=DIRECTION('',(0.,1.,0.));
#9760=DIRECTION('',(0.,0.,-1.));
#9761=DIRECTION('center_axis',(0.,-1.,0.));
#9762=DIRECTION('ref_axis',(-1.,0.,0.));
#9763=DIRECTION('',(-1.,0.,0.));
#9764=DIRECTION('',(-1.,0.,0.));
#9765=DIRECTION('',(0.,0.,-1.));
#9766=DIRECTION('center_axis',(1.,0.,0.));
#9767=DIRECTION('ref_axis',(0.,-1.,0.));
#9768=DIRECTION('',(0.,-1.,0.));
#9769=DIRECTION('',(0.,-1.,0.));
#9770=DIRECTION('',(0.,0.,-1.));
#9771=DIRECTION('center_axis',(0.,-1.,0.));
#9772=DIRECTION('ref_axis',(-1.,0.,0.));
#9773=DIRECTION('',(-1.,0.,0.));
#9774=DIRECTION('',(-1.,0.,0.));
#9775=DIRECTION('center_axis',(0.,0.,1.));
#9776=DIRECTION('ref_axis',(-1.,0.,0.));
#9777=DIRECTION('center_axis',(0.,0.,-1.));
#9778=DIRECTION('ref_axis',(-1.,0.,0.));
#9779=DIRECTION('center_axis',(0.,-1.,0.));
#9780=DIRECTION('ref_axis',(-1.,0.,0.));
#9781=DIRECTION('',(-1.,0.,0.));
#9782=DIRECTION('',(0.,0.,-1.));
#9783=DIRECTION('',(-1.,0.,0.));
#9784=DIRECTION('',(0.,0.,-1.));
#9785=DIRECTION('center_axis',(1.,0.,0.));
#9786=DIRECTION('ref_axis',(0.,-1.,0.));
#9787=DIRECTION('',(0.,-1.,0.));
#9788=DIRECTION('',(0.,-1.,0.));
#9789=DIRECTION('',(0.,0.,-1.));
#9790=DIRECTION('center_axis',(0.,1.,0.));
#9791=DIRECTION('ref_axis',(1.,0.,0.));
#9792=DIRECTION('',(1.,0.,0.));
#9793=DIRECTION('',(1.,0.,0.));
#9794=DIRECTION('',(0.,0.,-1.));
#9795=DIRECTION('center_axis',(1.,0.,0.));
#9796=DIRECTION('ref_axis',(0.,-1.,0.));
#9797=DIRECTION('',(0.,-1.,0.));
#9798=DIRECTION('',(0.,-1.,0.));
#9799=DIRECTION('',(0.,0.,-1.));
#9800=DIRECTION('center_axis',(0.,-1.,0.));
#9801=DIRECTION('ref_axis',(-1.,0.,0.));
#9802=DIRECTION('',(-1.,0.,0.));
#9803=DIRECTION('',(-1.,0.,0.));
#9804=DIRECTION('',(0.,0.,-1.));
#9805=DIRECTION('center_axis',(1.,0.,0.));
#9806=DIRECTION('ref_axis',(0.,-1.,0.));
#9807=DIRECTION('',(0.,-1.,0.));
#9808=DIRECTION('',(0.,-1.,0.));
#9809=DIRECTION('',(0.,0.,-1.));
#9810=DIRECTION('center_axis',(0.,1.,0.));
#9811=DIRECTION('ref_axis',(1.,0.,0.));
#9812=DIRECTION('',(1.,0.,0.));
#9813=DIRECTION('',(1.,0.,0.));
#9814=DIRECTION('',(0.,0.,-1.));
#9815=DIRECTION('center_axis',(-1.,0.,0.));
#9816=DIRECTION('ref_axis',(0.,1.,0.));
#9817=DIRECTION('',(0.,1.,0.));
#9818=DIRECTION('',(0.,1.,0.));
#9819=DIRECTION('',(0.,0.,-1.));
#9820=DIRECTION('center_axis',(0.,-1.,0.));
#9821=DIRECTION('ref_axis',(-1.,0.,0.));
#9822=DIRECTION('',(-1.,0.,0.));
#9823=DIRECTION('',(-1.,0.,0.));
#9824=DIRECTION('',(0.,0.,-1.));
#9825=DIRECTION('center_axis',(1.,0.,0.));
#9826=DIRECTION('ref_axis',(0.,-1.,0.));
#9827=DIRECTION('',(0.,-1.,0.));
#9828=DIRECTION('',(0.,-1.,0.));
#9829=DIRECTION('',(0.,0.,-1.));
#9830=DIRECTION('center_axis',(0.,1.,0.));
#9831=DIRECTION('ref_axis',(1.,0.,0.));
#9832=DIRECTION('',(1.,0.,0.));
#9833=DIRECTION('',(1.,0.,0.));
#9834=DIRECTION('',(0.,0.,-1.));
#9835=DIRECTION('center_axis',(1.,0.,0.));
#9836=DIRECTION('ref_axis',(0.,-1.,0.));
#9837=DIRECTION('',(0.,-1.,0.));
#9838=DIRECTION('',(0.,-1.,0.));
#9839=DIRECTION('center_axis',(0.,0.,1.));
#9840=DIRECTION('ref_axis',(-1.,0.,0.));
#9841=DIRECTION('center_axis',(0.,0.,-1.));
#9842=DIRECTION('ref_axis',(-1.,0.,0.));
#9843=DIRECTION('center_axis',(0.,-1.,0.));
#9844=DIRECTION('ref_axis',(-1.,0.,0.));
#9845=DIRECTION('',(1.,0.,0.));
#9846=DIRECTION('',(0.,0.,-1.));
#9847=DIRECTION('',(-1.,0.,0.));
#9848=DIRECTION('',(0.,0.,-1.));
#9849=DIRECTION('center_axis',(-1.,0.,0.));
#9850=DIRECTION('ref_axis',(0.,1.,0.));
#9851=DIRECTION('',(0.,-1.,0.));
#9852=DIRECTION('',(0.,1.,0.));
#9853=DIRECTION('',(0.,0.,-1.));
#9854=DIRECTION('center_axis',(0.,1.,0.));
#9855=DIRECTION('ref_axis',(1.,0.,0.));
#9856=DIRECTION('',(-1.,0.,0.));
#9857=DIRECTION('',(1.,0.,0.));
#9858=DIRECTION('',(0.,0.,-1.));
#9859=DIRECTION('center_axis',(1.,0.,0.));
#9860=DIRECTION('ref_axis',(0.,-1.,0.));
#9861=DIRECTION('',(0.,1.,0.));
#9862=DIRECTION('',(0.,-1.,0.));
#9863=DIRECTION('center_axis',(1.,0.,0.));
#9864=DIRECTION('ref_axis',(0.,-1.,0.));
#9865=DIRECTION('',(0.,-1.,0.));
#9866=DIRECTION('',(0.,0.,-1.));
#9867=DIRECTION('',(0.,-1.,0.));
#9868=DIRECTION('',(0.,0.,-1.));
#9869=DIRECTION('center_axis',(0.,-1.,0.));
#9870=DIRECTION('ref_axis',(-1.,0.,0.));
#9871=DIRECTION('',(-1.,0.,0.));
#9872=DIRECTION('',(-1.,0.,0.));
#9873=DIRECTION('',(0.,0.,-1.));
#9874=DIRECTION('center_axis',(1.,0.,0.));
#9875=DIRECTION('ref_axis',(0.,-1.,0.));
#9876=DIRECTION('',(0.,-1.,0.));
#9877=DIRECTION('',(0.,-1.,0.));
#9878=DIRECTION('',(0.,0.,-1.));
#9879=DIRECTION('center_axis',(0.,1.,0.));
#9880=DIRECTION('ref_axis',(1.,0.,0.));
#9881=DIRECTION('',(1.,0.,0.));
#9882=DIRECTION('',(1.,0.,0.));
#9883=DIRECTION('',(0.,0.,-1.));
#9884=DIRECTION('center_axis',(1.,0.,0.));
#9885=DIRECTION('ref_axis',(0.,-1.,0.));
#9886=DIRECTION('',(0.,-1.,0.));
#9887=DIRECTION('',(0.,-1.,0.));
#9888=DIRECTION('',(0.,0.,-1.));
#9889=DIRECTION('center_axis',(0.,1.,0.));
#9890=DIRECTION('ref_axis',(1.,0.,0.));
#9891=DIRECTION('',(1.,0.,0.));
#9892=DIRECTION('',(1.,0.,0.));
#9893=DIRECTION('',(0.,0.,-1.));
#9894=DIRECTION('center_axis',(-1.,0.,0.));
#9895=DIRECTION('ref_axis',(0.,1.,0.));
#9896=DIRECTION('',(0.,1.,0.));
#9897=DIRECTION('',(0.,1.,0.));
#9898=DIRECTION('',(0.,0.,-1.));
#9899=DIRECTION('center_axis',(0.,1.,0.));
#9900=DIRECTION('ref_axis',(1.,0.,0.));
#9901=DIRECTION('',(1.,0.,0.));
#9902=DIRECTION('',(1.,0.,0.));
#9903=DIRECTION('',(0.,0.,-1.));
#9904=DIRECTION('center_axis',(-1.,0.,0.));
#9905=DIRECTION('ref_axis',(0.,1.,0.));
#9906=DIRECTION('',(0.,1.,0.));
#9907=DIRECTION('',(0.,1.,0.));
#9908=DIRECTION('',(0.,0.,-1.));
#9909=DIRECTION('center_axis',(0.,-1.,0.));
#9910=DIRECTION('ref_axis',(-1.,0.,0.));
#9911=DIRECTION('',(-1.,0.,0.));
#9912=DIRECTION('',(-1.,0.,0.));
#9913=DIRECTION('',(0.,0.,-1.));
#9914=DIRECTION('center_axis',(-1.,0.,0.));
#9915=DIRECTION('ref_axis',(0.,1.,0.));
#9916=DIRECTION('',(0.,1.,0.));
#9917=DIRECTION('',(0.,1.,0.));
#9918=DIRECTION('',(0.,0.,-1.));
#9919=DIRECTION('center_axis',(0.,-1.,0.));
#9920=DIRECTION('ref_axis',(-1.,0.,0.));
#9921=DIRECTION('',(-1.,0.,0.));
#9922=DIRECTION('',(-1.,0.,0.));
#9923=DIRECTION('center_axis',(0.,0.,1.));
#9924=DIRECTION('ref_axis',(-1.,0.,0.));
#9925=DIRECTION('center_axis',(0.,0.,-1.));
#9926=DIRECTION('ref_axis',(-1.,0.,0.));
#9927=DIRECTION('center_axis',(0.,-1.,0.));
#9928=DIRECTION('ref_axis',(-1.,0.,0.));
#9929=DIRECTION('',(-1.,0.,0.));
#9930=DIRECTION('',(0.,0.,-1.));
#9931=DIRECTION('',(-1.,0.,0.));
#9932=DIRECTION('',(0.,0.,-1.));
#9933=DIRECTION('center_axis',(1.,0.,0.));
#9934=DIRECTION('ref_axis',(0.,-1.,0.));
#9935=DIRECTION('',(0.,-1.,0.));
#9936=DIRECTION('',(0.,-1.,0.));
#9937=DIRECTION('',(0.,0.,-1.));
#9938=DIRECTION('center_axis',(0.,-1.,0.));
#9939=DIRECTION('ref_axis',(-1.,0.,0.));
#9940=DIRECTION('',(-1.,0.,0.));
#9941=DIRECTION('',(-1.,0.,0.));
#9942=DIRECTION('',(0.,0.,-1.));
#9943=DIRECTION('center_axis',(1.,0.,0.));
#9944=DIRECTION('ref_axis',(0.,-1.,0.));
#9945=DIRECTION('',(0.,-1.,0.));
#9946=DIRECTION('',(0.,-1.,0.));
#9947=DIRECTION('',(0.,0.,-1.));
#9948=DIRECTION('center_axis',(0.,1.,0.));
#9949=DIRECTION('ref_axis',(1.,0.,0.));
#9950=DIRECTION('',(1.,0.,0.));
#9951=DIRECTION('',(1.,0.,0.));
#9952=DIRECTION('',(0.,0.,-1.));
#9953=DIRECTION('center_axis',(1.,0.,0.));
#9954=DIRECTION('ref_axis',(0.,-1.,0.));
#9955=DIRECTION('',(0.,-1.,0.));
#9956=DIRECTION('',(0.,-1.,0.));
#9957=DIRECTION('',(0.,0.,-1.));
#9958=DIRECTION('center_axis',(0.,1.,0.));
#9959=DIRECTION('ref_axis',(1.,0.,0.));
#9960=DIRECTION('',(1.,0.,0.));
#9961=DIRECTION('',(1.,0.,0.));
#9962=DIRECTION('',(0.,0.,-1.));
#9963=DIRECTION('center_axis',(1.,0.,0.));
#9964=DIRECTION('ref_axis',(0.,-1.,0.));
#9965=DIRECTION('',(0.,-1.,0.));
#9966=DIRECTION('',(0.,-1.,0.));
#9967=DIRECTION('',(0.,0.,-1.));
#9968=DIRECTION('center_axis',(0.,-1.,0.));
#9969=DIRECTION('ref_axis',(-1.,0.,0.));
#9970=DIRECTION('',(-1.,0.,0.));
#9971=DIRECTION('',(-1.,0.,0.));
#9972=DIRECTION('',(0.,0.,-1.));
#9973=DIRECTION('center_axis',(1.,0.,0.));
#9974=DIRECTION('ref_axis',(0.,-1.,0.));
#9975=DIRECTION('',(0.,-1.,0.));
#9976=DIRECTION('',(0.,-1.,0.));
#9977=DIRECTION('',(0.,0.,-1.));
#9978=DIRECTION('center_axis',(0.,1.,0.));
#9979=DIRECTION('ref_axis',(1.,0.,0.));
#9980=DIRECTION('',(1.,0.,0.));
#9981=DIRECTION('',(1.,0.,0.));
#9982=DIRECTION('',(0.,0.,-1.));
#9983=DIRECTION('center_axis',(-1.,0.,0.));
#9984=DIRECTION('ref_axis',(0.,1.,0.));
#9985=DIRECTION('',(0.,1.,0.));
#9986=DIRECTION('',(0.,1.,0.));
#9987=DIRECTION('',(0.,0.,-1.));
#9988=DIRECTION('center_axis',(0.,1.,0.));
#9989=DIRECTION('ref_axis',(1.,0.,0.));
#9990=DIRECTION('',(1.,0.,0.));
#9991=DIRECTION('',(1.,0.,0.));
#9992=DIRECTION('',(0.,0.,-1.));
#9993=DIRECTION('center_axis',(-1.,0.,0.));
#9994=DIRECTION('ref_axis',(0.,1.,0.));
#9995=DIRECTION('',(0.,1.,0.));
#9996=DIRECTION('',(0.,1.,0.));
#9997=DIRECTION('',(0.,0.,-1.));
#9998=DIRECTION('center_axis',(0.,-1.,0.));
#9999=DIRECTION('ref_axis',(-1.,0.,0.));
#10000=DIRECTION('',(-1.,0.,0.));
#10001=DIRECTION('',(-1.,0.,0.));
#10002=DIRECTION('',(0.,0.,-1.));
#10003=DIRECTION('center_axis',(-1.,0.,0.));
#10004=DIRECTION('ref_axis',(0.,1.,0.));
#10005=DIRECTION('',(0.,1.,0.));
#10006=DIRECTION('',(0.,1.,0.));
#10007=DIRECTION('',(0.,0.,-1.));
#10008=DIRECTION('center_axis',(0.,-1.,0.));
#10009=DIRECTION('ref_axis',(-1.,0.,0.));
#10010=DIRECTION('',(-1.,0.,0.));
#10011=DIRECTION('',(-1.,0.,0.));
#10012=DIRECTION('',(0.,0.,-1.));
#10013=DIRECTION('center_axis',(-1.,0.,0.));
#10014=DIRECTION('ref_axis',(0.,1.,0.));
#10015=DIRECTION('',(0.,1.,0.));
#10016=DIRECTION('',(0.,1.,0.));
#10017=DIRECTION('',(0.,0.,-1.));
#10018=DIRECTION('center_axis',(0.,1.,0.));
#10019=DIRECTION('ref_axis',(1.,0.,0.));
#10020=DIRECTION('',(1.,0.,0.));
#10021=DIRECTION('',(1.,0.,0.));
#10022=DIRECTION('',(0.,0.,-1.));
#10023=DIRECTION('center_axis',(-1.,0.,0.));
#10024=DIRECTION('ref_axis',(0.,1.,0.));
#10025=DIRECTION('',(0.,1.,0.));
#10026=DIRECTION('',(0.,1.,0.));
#10027=DIRECTION('center_axis',(0.,0.,1.));
#10028=DIRECTION('ref_axis',(-1.,0.,0.));
#10029=DIRECTION('center_axis',(0.,0.,-1.));
#10030=DIRECTION('ref_axis',(-1.,0.,0.));
#10031=DIRECTION('center_axis',(0.,-1.,0.));
#10032=DIRECTION('ref_axis',(-1.,0.,0.));
#10033=DIRECTION('',(-1.,0.,0.));
#10034=DIRECTION('',(0.,0.,-1.));
#10035=DIRECTION('',(-1.,0.,0.));
#10036=DIRECTION('',(0.,0.,-1.));
#10037=DIRECTION('center_axis',(1.,0.,0.));
#10038=DIRECTION('ref_axis',(0.,-1.,0.));
#10039=DIRECTION('',(0.,-1.,0.));
#10040=DIRECTION('',(0.,-1.,0.));
#10041=DIRECTION('',(0.,0.,-1.));
#10042=DIRECTION('center_axis',(0.,-1.,0.));
#10043=DIRECTION('ref_axis',(-1.,0.,0.));
#10044=DIRECTION('',(-1.,0.,0.));
#10045=DIRECTION('',(-1.,0.,0.));
#10046=DIRECTION('',(0.,0.,-1.));
#10047=DIRECTION('center_axis',(1.,0.,0.));
#10048=DIRECTION('ref_axis',(0.,-1.,0.));
#10049=DIRECTION('',(0.,-1.,0.));
#10050=DIRECTION('',(0.,-1.,0.));
#10051=DIRECTION('',(0.,0.,-1.));
#10052=DIRECTION('center_axis',(0.,1.,0.));
#10053=DIRECTION('ref_axis',(1.,0.,0.));
#10054=DIRECTION('',(1.,0.,0.));
#10055=DIRECTION('',(1.,0.,0.));
#10056=DIRECTION('',(0.,0.,-1.));
#10057=DIRECTION('center_axis',(1.,0.,0.));
#10058=DIRECTION('ref_axis',(0.,-1.,0.));
#10059=DIRECTION('',(0.,-1.,0.));
#10060=DIRECTION('',(0.,-1.,0.));
#10061=DIRECTION('',(0.,0.,-1.));
#10062=DIRECTION('center_axis',(0.,1.,0.));
#10063=DIRECTION('ref_axis',(1.,0.,0.));
#10064=DIRECTION('',(1.,0.,0.));
#10065=DIRECTION('',(1.,0.,0.));
#10066=DIRECTION('',(0.,0.,-1.));
#10067=DIRECTION('center_axis',(1.,0.,0.));
#10068=DIRECTION('ref_axis',(0.,-1.,0.));
#10069=DIRECTION('',(0.,-1.,0.));
#10070=DIRECTION('',(0.,-1.,0.));
#10071=DIRECTION('',(0.,0.,-1.));
#10072=DIRECTION('center_axis',(0.,-1.,0.));
#10073=DIRECTION('ref_axis',(-1.,0.,0.));
#10074=DIRECTION('',(-1.,0.,0.));
#10075=DIRECTION('',(-1.,0.,0.));
#10076=DIRECTION('',(0.,0.,-1.));
#10077=DIRECTION('center_axis',(1.,0.,0.));
#10078=DIRECTION('ref_axis',(0.,-1.,0.));
#10079=DIRECTION('',(0.,-1.,0.));
#10080=DIRECTION('',(0.,-1.,0.));
#10081=DIRECTION('',(0.,0.,-1.));
#10082=DIRECTION('center_axis',(0.,1.,0.));
#10083=DIRECTION('ref_axis',(1.,0.,0.));
#10084=DIRECTION('',(1.,0.,0.));
#10085=DIRECTION('',(1.,0.,0.));
#10086=DIRECTION('',(0.,0.,-1.));
#10087=DIRECTION('center_axis',(-1.,0.,0.));
#10088=DIRECTION('ref_axis',(0.,1.,0.));
#10089=DIRECTION('',(0.,1.,0.));
#10090=DIRECTION('',(0.,1.,0.));
#10091=DIRECTION('',(0.,0.,-1.));
#10092=DIRECTION('center_axis',(0.,1.,0.));
#10093=DIRECTION('ref_axis',(1.,0.,0.));
#10094=DIRECTION('',(1.,0.,0.));
#10095=DIRECTION('',(1.,0.,0.));
#10096=DIRECTION('',(0.,0.,-1.));
#10097=DIRECTION('center_axis',(-1.,0.,0.));
#10098=DIRECTION('ref_axis',(0.,1.,0.));
#10099=DIRECTION('',(0.,1.,0.));
#10100=DIRECTION('',(0.,1.,0.));
#10101=DIRECTION('',(0.,0.,-1.));
#10102=DIRECTION('center_axis',(0.,-1.,0.));
#10103=DIRECTION('ref_axis',(-1.,0.,0.));
#10104=DIRECTION('',(-1.,0.,0.));
#10105=DIRECTION('',(-1.,0.,0.));
#10106=DIRECTION('',(0.,0.,-1.));
#10107=DIRECTION('center_axis',(-1.,0.,0.));
#10108=DIRECTION('ref_axis',(0.,1.,0.));
#10109=DIRECTION('',(0.,1.,0.));
#10110=DIRECTION('',(0.,1.,0.));
#10111=DIRECTION('',(0.,0.,-1.));
#10112=DIRECTION('center_axis',(0.,-1.,0.));
#10113=DIRECTION('ref_axis',(-1.,0.,0.));
#10114=DIRECTION('',(-1.,0.,0.));
#10115=DIRECTION('',(-1.,0.,0.));
#10116=DIRECTION('',(0.,0.,-1.));
#10117=DIRECTION('center_axis',(-1.,0.,0.));
#10118=DIRECTION('ref_axis',(0.,1.,0.));
#10119=DIRECTION('',(0.,1.,0.));
#10120=DIRECTION('',(0.,1.,0.));
#10121=DIRECTION('',(0.,0.,-1.));
#10122=DIRECTION('center_axis',(0.,1.,0.));
#10123=DIRECTION('ref_axis',(1.,0.,0.));
#10124=DIRECTION('',(1.,0.,0.));
#10125=DIRECTION('',(1.,0.,0.));
#10126=DIRECTION('',(0.,0.,-1.));
#10127=DIRECTION('center_axis',(-1.,0.,0.));
#10128=DIRECTION('ref_axis',(0.,1.,0.));
#10129=DIRECTION('',(0.,1.,0.));
#10130=DIRECTION('',(0.,1.,0.));
#10131=DIRECTION('center_axis',(0.,0.,1.));
#10132=DIRECTION('ref_axis',(-1.,0.,0.));
#10133=DIRECTION('center_axis',(0.,0.,-1.));
#10134=DIRECTION('ref_axis',(-1.,0.,0.));
#10135=DIRECTION('center_axis',(1.,0.,0.));
#10136=DIRECTION('ref_axis',(0.,-1.,0.));
#10137=DIRECTION('',(0.,-1.,0.));
#10138=DIRECTION('',(0.,0.,-1.));
#10139=DIRECTION('',(0.,-1.,0.));
#10140=DIRECTION('',(0.,0.,-1.));
#10141=DIRECTION('center_axis',(0.,1.,0.));
#10142=DIRECTION('ref_axis',(1.,0.,0.));
#10143=DIRECTION('',(1.,0.,0.));
#10144=DIRECTION('',(1.,0.,0.));
#10145=DIRECTION('',(0.,0.,-1.));
#10146=DIRECTION('center_axis',(-1.,0.,0.));
#10147=DIRECTION('ref_axis',(0.,1.,0.));
#10148=DIRECTION('',(0.,1.,0.));
#10149=DIRECTION('',(0.,1.,0.));
#10150=DIRECTION('',(0.,0.,-1.));
#10151=DIRECTION('center_axis',(0.,-1.,0.));
#10152=DIRECTION('ref_axis',(-1.,0.,0.));
#10153=DIRECTION('',(-1.,0.,0.));
#10154=DIRECTION('',(-1.,0.,0.));
#10155=DIRECTION('',(0.,0.,-1.));
#10156=DIRECTION('center_axis',(-1.,0.,0.));
#10157=DIRECTION('ref_axis',(0.,1.,0.));
#10158=DIRECTION('',(0.,1.,0.));
#10159=DIRECTION('',(0.,1.,0.));
#10160=DIRECTION('',(0.,0.,-1.));
#10161=DIRECTION('center_axis',(0.,-1.,0.));
#10162=DIRECTION('ref_axis',(-1.,0.,0.));
#10163=DIRECTION('',(-1.,0.,0.));
#10164=DIRECTION('',(-1.,0.,0.));
#10165=DIRECTION('',(0.,0.,-1.));
#10166=DIRECTION('center_axis',(1.,0.,0.));
#10167=DIRECTION('ref_axis',(0.,-1.,0.));
#10168=DIRECTION('',(0.,-1.,0.));
#10169=DIRECTION('',(0.,-1.,0.));
#10170=DIRECTION('',(0.,0.,-1.));
#10171=DIRECTION('center_axis',(0.,-1.,0.));
#10172=DIRECTION('ref_axis',(-1.,0.,0.));
#10173=DIRECTION('',(-1.,0.,0.));
#10174=DIRECTION('',(-1.,0.,0.));
#10175=DIRECTION('center_axis',(0.,0.,1.));
#10176=DIRECTION('ref_axis',(-1.,0.,0.));
#10177=DIRECTION('center_axis',(0.,0.,-1.));
#10178=DIRECTION('ref_axis',(-1.,0.,0.));
#10179=DIRECTION('center_axis',(1.,0.,0.));
#10180=DIRECTION('ref_axis',(0.,-1.,0.));
#10181=DIRECTION('',(0.,-1.,0.));
#10182=DIRECTION('',(0.,0.,-1.));
#10183=DIRECTION('',(0.,-1.,0.));
#10184=DIRECTION('',(0.,0.,-1.));
#10185=DIRECTION('center_axis',(0.,1.,0.));
#10186=DIRECTION('ref_axis',(1.,0.,0.));
#10187=DIRECTION('',(1.,0.,0.));
#10188=DIRECTION('',(1.,0.,0.));
#10189=DIRECTION('',(0.,0.,-1.));
#10190=DIRECTION('center_axis',(-1.,0.,0.));
#10191=DIRECTION('ref_axis',(0.,1.,0.));
#10192=DIRECTION('',(0.,1.,0.));
#10193=DIRECTION('',(0.,1.,0.));
#10194=DIRECTION('',(0.,0.,-1.));
#10195=DIRECTION('center_axis',(0.,-1.,0.));
#10196=DIRECTION('ref_axis',(-1.,0.,0.));
#10197=DIRECTION('',(-1.,0.,0.));
#10198=DIRECTION('',(-1.,0.,0.));
#10199=DIRECTION('',(0.,0.,-1.));
#10200=DIRECTION('center_axis',(-1.,0.,0.));
#10201=DIRECTION('ref_axis',(0.,1.,0.));
#10202=DIRECTION('',(0.,1.,0.));
#10203=DIRECTION('',(0.,1.,0.));
#10204=DIRECTION('',(0.,0.,-1.));
#10205=DIRECTION('center_axis',(0.,-1.,0.));
#10206=DIRECTION('ref_axis',(-1.,0.,0.));
#10207=DIRECTION('',(-1.,0.,0.));
#10208=DIRECTION('',(-1.,0.,0.));
#10209=DIRECTION('',(0.,0.,-1.));
#10210=DIRECTION('center_axis',(1.,0.,0.));
#10211=DIRECTION('ref_axis',(0.,-1.,0.));
#10212=DIRECTION('',(0.,-1.,0.));
#10213=DIRECTION('',(0.,-1.,0.));
#10214=DIRECTION('',(0.,0.,-1.));
#10215=DIRECTION('center_axis',(0.,-1.,0.));
#10216=DIRECTION('ref_axis',(-1.,0.,0.));
#10217=DIRECTION('',(-1.,0.,0.));
#10218=DIRECTION('',(-1.,0.,0.));
#10219=DIRECTION('center_axis',(0.,0.,1.));
#10220=DIRECTION('ref_axis',(-1.,0.,0.));
#10221=DIRECTION('center_axis',(0.,0.,-1.));
#10222=DIRECTION('ref_axis',(-1.,0.,0.));
#10223=DIRECTION('center_axis',(0.,-1.,0.));
#10224=DIRECTION('ref_axis',(-1.,0.,0.));
#10225=DIRECTION('',(-1.,0.,0.));
#10226=DIRECTION('',(0.,0.,-1.));
#10227=DIRECTION('',(-1.,0.,0.));
#10228=DIRECTION('',(0.,0.,-1.));
#10229=DIRECTION('center_axis',(-1.,0.,0.));
#10230=DIRECTION('ref_axis',(0.,1.,0.));
#10231=DIRECTION('',(0.,1.,0.));
#10232=DIRECTION('',(0.,1.,0.));
#10233=DIRECTION('',(0.,0.,-1.));
#10234=DIRECTION('center_axis',(0.,-1.,0.));
#10235=DIRECTION('ref_axis',(-1.,0.,0.));
#10236=DIRECTION('',(-1.,0.,0.));
#10237=DIRECTION('',(-1.,0.,0.));
#10238=DIRECTION('',(0.,0.,-1.));
#10239=DIRECTION('center_axis',(1.,0.,0.));
#10240=DIRECTION('ref_axis',(0.,-1.,0.));
#10241=DIRECTION('',(0.,-1.,0.));
#10242=DIRECTION('',(0.,-1.,0.));
#10243=DIRECTION('',(0.,0.,-1.));
#10244=DIRECTION('center_axis',(0.,1.,0.));
#10245=DIRECTION('ref_axis',(1.,0.,0.));
#10246=DIRECTION('',(1.,0.,0.));
#10247=DIRECTION('',(1.,0.,0.));
#10248=DIRECTION('',(0.,0.,-1.));
#10249=DIRECTION('center_axis',(-1.,0.,0.));
#10250=DIRECTION('ref_axis',(0.,1.,0.));
#10251=DIRECTION('',(0.,1.,0.));
#10252=DIRECTION('',(0.,1.,0.));
#10253=DIRECTION('',(0.,0.,-1.));
#10254=DIRECTION('center_axis',(0.,1.,0.));
#10255=DIRECTION('ref_axis',(1.,0.,0.));
#10256=DIRECTION('',(1.,0.,0.));
#10257=DIRECTION('',(1.,0.,0.));
#10258=DIRECTION('',(0.,0.,-1.));
#10259=DIRECTION('center_axis',(-1.,0.,0.));
#10260=DIRECTION('ref_axis',(0.,1.,0.));
#10261=DIRECTION('',(0.,1.,0.));
#10262=DIRECTION('',(0.,1.,0.));
#10263=DIRECTION('',(0.,0.,-1.));
#10264=DIRECTION('center_axis',(0.,1.,0.));
#10265=DIRECTION('ref_axis',(1.,0.,0.));
#10266=DIRECTION('',(1.,0.,0.));
#10267=DIRECTION('',(1.,0.,0.));
#10268=DIRECTION('',(0.,0.,-1.));
#10269=DIRECTION('center_axis',(1.,0.,0.));
#10270=DIRECTION('ref_axis',(0.,-1.,0.));
#10271=DIRECTION('',(0.,-1.,0.));
#10272=DIRECTION('',(0.,-1.,0.));
#10273=DIRECTION('',(0.,0.,-1.));
#10274=DIRECTION('center_axis',(0.,1.,0.));
#10275=DIRECTION('ref_axis',(1.,0.,0.));
#10276=DIRECTION('',(1.,0.,0.));
#10277=DIRECTION('',(1.,0.,0.));
#10278=DIRECTION('',(0.,0.,-1.));
#10279=DIRECTION('center_axis',(1.,0.,0.));
#10280=DIRECTION('ref_axis',(0.,-1.,0.));
#10281=DIRECTION('',(0.,-1.,0.));
#10282=DIRECTION('',(0.,-1.,0.));
#10283=DIRECTION('',(0.,0.,-1.));
#10284=DIRECTION('center_axis',(0.,1.,0.));
#10285=DIRECTION('ref_axis',(1.,0.,0.));
#10286=DIRECTION('',(1.,0.,0.));
#10287=DIRECTION('',(1.,0.,0.));
#10288=DIRECTION('',(0.,0.,-1.));
#10289=DIRECTION('center_axis',(-1.,0.,0.));
#10290=DIRECTION('ref_axis',(0.,1.,0.));
#10291=DIRECTION('',(0.,1.,0.));
#10292=DIRECTION('',(0.,1.,0.));
#10293=DIRECTION('',(0.,0.,-1.));
#10294=DIRECTION('center_axis',(0.,-1.,0.));
#10295=DIRECTION('ref_axis',(-1.,0.,0.));
#10296=DIRECTION('',(-1.,0.,0.));
#10297=DIRECTION('',(-1.,0.,0.));
#10298=DIRECTION('',(0.,0.,-1.));
#10299=DIRECTION('center_axis',(1.,0.,0.));
#10300=DIRECTION('ref_axis',(0.,-1.,0.));
#10301=DIRECTION('',(0.,-1.,0.));
#10302=DIRECTION('',(0.,-1.,0.));
#10303=DIRECTION('',(0.,0.,-1.));
#10304=DIRECTION('center_axis',(0.,-1.,0.));
#10305=DIRECTION('ref_axis',(-1.,0.,0.));
#10306=DIRECTION('',(-1.,0.,0.));
#10307=DIRECTION('',(-1.,0.,0.));
#10308=DIRECTION('',(0.,0.,-1.));
#10309=DIRECTION('center_axis',(-1.,0.,0.));
#10310=DIRECTION('ref_axis',(0.,1.,0.));
#10311=DIRECTION('',(0.,1.,0.));
#10312=DIRECTION('',(0.,1.,0.));
#10313=DIRECTION('',(0.,0.,-1.));
#10314=DIRECTION('center_axis',(0.,-1.,0.));
#10315=DIRECTION('ref_axis',(-1.,0.,0.));
#10316=DIRECTION('',(-1.,0.,0.));
#10317=DIRECTION('',(-1.,0.,0.));
#10318=DIRECTION('',(0.,0.,-1.));
#10319=DIRECTION('center_axis',(1.,0.,0.));
#10320=DIRECTION('ref_axis',(0.,-1.,0.));
#10321=DIRECTION('',(0.,-1.,0.));
#10322=DIRECTION('',(0.,-1.,0.));
#10323=DIRECTION('center_axis',(0.,0.,1.));
#10324=DIRECTION('ref_axis',(-1.,0.,0.));
#10325=DIRECTION('center_axis',(0.,0.,-1.));
#10326=DIRECTION('ref_axis',(-1.,0.,0.));
#10327=DIRECTION('center_axis',(-1.,0.,0.));
#10328=DIRECTION('ref_axis',(0.,1.,0.));
#10329=DIRECTION('',(0.,1.,0.));
#10330=DIRECTION('',(0.,0.,-1.));
#10331=DIRECTION('',(0.,1.,0.));
#10332=DIRECTION('',(0.,0.,-1.));
#10333=DIRECTION('center_axis',(0.,-1.,0.));
#10334=DIRECTION('ref_axis',(-1.,0.,0.));
#10335=DIRECTION('',(-1.,0.,0.));
#10336=DIRECTION('',(-1.,0.,0.));
#10337=DIRECTION('',(0.,0.,-1.));
#10338=DIRECTION('center_axis',(1.,0.,0.));
#10339=DIRECTION('ref_axis',(0.,-1.,0.));
#10340=DIRECTION('',(0.,-1.,0.));
#10341=DIRECTION('',(0.,-1.,0.));
#10342=DIRECTION('',(0.,0.,-1.));
#10343=DIRECTION('center_axis',(0.,1.,0.));
#10344=DIRECTION('ref_axis',(1.,0.,0.));
#10345=DIRECTION('',(1.,0.,0.));
#10346=DIRECTION('',(1.,0.,0.));
#10347=DIRECTION('',(0.,0.,-1.));
#10348=DIRECTION('center_axis',(1.,0.,0.));
#10349=DIRECTION('ref_axis',(0.,-1.,0.));
#10350=DIRECTION('',(0.,-1.,0.));
#10351=DIRECTION('',(0.,-1.,0.));
#10352=DIRECTION('',(0.,0.,-1.));
#10353=DIRECTION('center_axis',(0.,1.,0.));
#10354=DIRECTION('ref_axis',(1.,0.,0.));
#10355=DIRECTION('',(1.,0.,0.));
#10356=DIRECTION('',(1.,0.,0.));
#10357=DIRECTION('',(0.,0.,-1.));
#10358=DIRECTION('center_axis',(-1.,0.,0.));
#10359=DIRECTION('ref_axis',(0.,1.,0.));
#10360=DIRECTION('',(0.,1.,0.));
#10361=DIRECTION('',(0.,1.,0.));
#10362=DIRECTION('',(0.,0.,-1.));
#10363=DIRECTION('center_axis',(0.,1.,0.));
#10364=DIRECTION('ref_axis',(1.,0.,0.));
#10365=DIRECTION('',(1.,0.,0.));
#10366=DIRECTION('',(1.,0.,0.));
#10367=DIRECTION('',(0.,0.,-1.));
#10368=DIRECTION('center_axis',(-1.,0.,0.));
#10369=DIRECTION('ref_axis',(0.,1.,0.));
#10370=DIRECTION('',(0.,1.,0.));
#10371=DIRECTION('',(0.,1.,0.));
#10372=DIRECTION('',(0.,0.,-1.));
#10373=DIRECTION('center_axis',(0.,-1.,0.));
#10374=DIRECTION('ref_axis',(-1.,0.,0.));
#10375=DIRECTION('',(-1.,0.,0.));
#10376=DIRECTION('',(-1.,0.,0.));
#10377=DIRECTION('',(0.,0.,-1.));
#10378=DIRECTION('center_axis',(-1.,0.,0.));
#10379=DIRECTION('ref_axis',(0.,1.,0.));
#10380=DIRECTION('',(0.,1.,0.));
#10381=DIRECTION('',(0.,1.,0.));
#10382=DIRECTION('',(0.,0.,-1.));
#10383=DIRECTION('center_axis',(0.,-1.,0.));
#10384=DIRECTION('ref_axis',(-1.,0.,0.));
#10385=DIRECTION('',(-1.,0.,0.));
#10386=DIRECTION('',(-1.,0.,0.));
#10387=DIRECTION('',(0.,0.,-1.));
#10388=DIRECTION('center_axis',(1.,0.,0.));
#10389=DIRECTION('ref_axis',(0.,-1.,0.));
#10390=DIRECTION('',(0.,-1.,0.));
#10391=DIRECTION('',(0.,-1.,0.));
#10392=DIRECTION('',(0.,0.,-1.));
#10393=DIRECTION('center_axis',(0.,-1.,0.));
#10394=DIRECTION('ref_axis',(-1.,0.,0.));
#10395=DIRECTION('',(-1.,0.,0.));
#10396=DIRECTION('',(-1.,0.,0.));
#10397=DIRECTION('',(0.,0.,-1.));
#10398=DIRECTION('center_axis',(1.,0.,0.));
#10399=DIRECTION('ref_axis',(0.,-1.,0.));
#10400=DIRECTION('',(0.,-1.,0.));
#10401=DIRECTION('',(0.,-1.,0.));
#10402=DIRECTION('',(0.,0.,-1.));
#10403=DIRECTION('center_axis',(0.,1.,0.));
#10404=DIRECTION('ref_axis',(1.,0.,0.));
#10405=DIRECTION('',(1.,0.,0.));
#10406=DIRECTION('',(1.,0.,0.));
#10407=DIRECTION('',(0.,0.,-1.));
#10408=DIRECTION('center_axis',(-1.,0.,0.));
#10409=DIRECTION('ref_axis',(0.,1.,0.));
#10410=DIRECTION('',(0.,1.,0.));
#10411=DIRECTION('',(0.,1.,0.));
#10412=DIRECTION('',(0.,0.,-1.));
#10413=DIRECTION('center_axis',(0.,1.,0.));
#10414=DIRECTION('ref_axis',(1.,0.,0.));
#10415=DIRECTION('',(1.,0.,0.));
#10416=DIRECTION('',(1.,0.,0.));
#10417=DIRECTION('',(0.,0.,-1.));
#10418=DIRECTION('center_axis',(1.,0.,0.));
#10419=DIRECTION('ref_axis',(0.,-1.,0.));
#10420=DIRECTION('',(0.,-1.,0.));
#10421=DIRECTION('',(0.,-1.,0.));
#10422=DIRECTION('',(0.,0.,-1.));
#10423=DIRECTION('center_axis',(0.,-1.,0.));
#10424=DIRECTION('ref_axis',(-1.,0.,0.));
#10425=DIRECTION('',(-1.,0.,0.));
#10426=DIRECTION('',(-1.,0.,0.));
#10427=DIRECTION('center_axis',(0.,0.,1.));
#10428=DIRECTION('ref_axis',(-1.,0.,0.));
#10429=DIRECTION('center_axis',(0.,0.,-1.));
#10430=DIRECTION('ref_axis',(-1.,0.,0.));
#10431=DIRECTION('center_axis',(1.,0.,0.));
#10432=DIRECTION('ref_axis',(0.,-1.,0.));
#10433=DIRECTION('',(0.,-1.,0.));
#10434=DIRECTION('',(0.,0.,-1.));
#10435=DIRECTION('',(0.,-1.,0.));
#10436=DIRECTION('',(0.,0.,-1.));
#10437=DIRECTION('center_axis',(0.,1.,0.));
#10438=DIRECTION('ref_axis',(1.,0.,0.));
#10439=DIRECTION('',(1.,0.,0.));
#10440=DIRECTION('',(1.,0.,0.));
#10441=DIRECTION('',(0.,0.,-1.));
#10442=DIRECTION('center_axis',(-1.,0.,0.));
#10443=DIRECTION('ref_axis',(0.,1.,0.));
#10444=DIRECTION('',(0.,1.,0.));
#10445=DIRECTION('',(0.,1.,0.));
#10446=DIRECTION('',(0.,0.,-1.));
#10447=DIRECTION('center_axis',(0.,-1.,0.));
#10448=DIRECTION('ref_axis',(-1.,0.,0.));
#10449=DIRECTION('',(-1.,0.,0.));
#10450=DIRECTION('',(-1.,0.,0.));
#10451=DIRECTION('',(0.,0.,-1.));
#10452=DIRECTION('center_axis',(-1.,0.,0.));
#10453=DIRECTION('ref_axis',(0.,1.,0.));
#10454=DIRECTION('',(0.,1.,0.));
#10455=DIRECTION('',(0.,1.,0.));
#10456=DIRECTION('',(0.,0.,-1.));
#10457=DIRECTION('center_axis',(0.,-1.,0.));
#10458=DIRECTION('ref_axis',(-1.,0.,0.));
#10459=DIRECTION('',(-1.,0.,0.));
#10460=DIRECTION('',(-1.,0.,0.));
#10461=DIRECTION('',(0.,0.,-1.));
#10462=DIRECTION('center_axis',(1.,0.,0.));
#10463=DIRECTION('ref_axis',(0.,-1.,0.));
#10464=DIRECTION('',(0.,-1.,0.));
#10465=DIRECTION('',(0.,-1.,0.));
#10466=DIRECTION('',(0.,0.,-1.));
#10467=DIRECTION('center_axis',(0.,-1.,0.));
#10468=DIRECTION('ref_axis',(-1.,0.,0.));
#10469=DIRECTION('',(-1.,0.,0.));
#10470=DIRECTION('',(-1.,0.,0.));
#10471=DIRECTION('center_axis',(0.,0.,1.));
#10472=DIRECTION('ref_axis',(-1.,0.,0.));
#10473=DIRECTION('center_axis',(0.,0.,-1.));
#10474=DIRECTION('ref_axis',(-1.,0.,0.));
#10475=DIRECTION('center_axis',(0.,1.,0.));
#10476=DIRECTION('ref_axis',(1.,0.,0.));
#10477=DIRECTION('',(1.,0.,0.));
#10478=DIRECTION('',(0.,0.,-1.));
#10479=DIRECTION('',(1.,0.,0.));
#10480=DIRECTION('',(0.,0.,-1.));
#10481=DIRECTION('center_axis',(-1.,0.,0.));
#10482=DIRECTION('ref_axis',(0.,1.,0.));
#10483=DIRECTION('',(0.,1.,0.));
#10484=DIRECTION('',(0.,1.,0.));
#10485=DIRECTION('',(0.,0.,-1.));
#10486=DIRECTION('center_axis',(0.,-1.,0.));
#10487=DIRECTION('ref_axis',(-1.,0.,0.));
#10488=DIRECTION('',(-1.,0.,0.));
#10489=DIRECTION('',(-1.,0.,0.));
#10490=DIRECTION('',(0.,0.,-1.));
#10491=DIRECTION('center_axis',(1.,0.,0.));
#10492=DIRECTION('ref_axis',(0.,-1.,0.));
#10493=DIRECTION('',(0.,-1.,0.));
#10494=DIRECTION('',(0.,-1.,0.));
#10495=DIRECTION('',(0.,0.,-1.));
#10496=DIRECTION('center_axis',(0.,1.,0.));
#10497=DIRECTION('ref_axis',(1.,0.,0.));
#10498=DIRECTION('',(1.,0.,0.));
#10499=DIRECTION('',(1.,0.,0.));
#10500=DIRECTION('',(0.,0.,-1.));
#10501=DIRECTION('center_axis',(1.,0.,0.));
#10502=DIRECTION('ref_axis',(0.,-1.,0.));
#10503=DIRECTION('',(0.,-1.,0.));
#10504=DIRECTION('',(0.,-1.,0.));
#10505=DIRECTION('center_axis',(0.,0.,1.));
#10506=DIRECTION('ref_axis',(-1.,0.,0.));
#10507=DIRECTION('center_axis',(0.,0.,-1.));
#10508=DIRECTION('ref_axis',(-1.,0.,0.));
#10509=DIRECTION('center_axis',(0.,-1.,0.));
#10510=DIRECTION('ref_axis',(-1.,0.,0.));
#10511=DIRECTION('',(-1.,0.,0.));
#10512=DIRECTION('',(0.,0.,-1.));
#10513=DIRECTION('',(-1.,0.,0.));
#10514=DIRECTION('',(0.,0.,-1.));
#10515=DIRECTION('center_axis',(1.,0.,0.));
#10516=DIRECTION('ref_axis',(0.,-1.,0.));
#10517=DIRECTION('',(0.,-1.,0.));
#10518=DIRECTION('',(0.,-1.,0.));
#10519=DIRECTION('',(0.,0.,-1.));
#10520=DIRECTION('center_axis',(0.,1.,0.));
#10521=DIRECTION('ref_axis',(1.,0.,0.));
#10522=DIRECTION('',(1.,0.,0.));
#10523=DIRECTION('',(1.,0.,0.));
#10524=DIRECTION('',(0.,0.,-1.));
#10525=DIRECTION('center_axis',(1.,0.,0.));
#10526=DIRECTION('ref_axis',(0.,-1.,0.));
#10527=DIRECTION('',(0.,-1.,0.));
#10528=DIRECTION('',(0.,-1.,0.));
#10529=DIRECTION('',(0.,0.,-1.));
#10530=DIRECTION('center_axis',(0.,-1.,0.));
#10531=DIRECTION('ref_axis',(-1.,0.,0.));
#10532=DIRECTION('',(-1.,0.,0.));
#10533=DIRECTION('',(-1.,0.,0.));
#10534=DIRECTION('',(0.,0.,-1.));
#10535=DIRECTION('center_axis',(1.,0.,0.));
#10536=DIRECTION('ref_axis',(0.,-1.,0.));
#10537=DIRECTION('',(0.,-1.,0.));
#10538=DIRECTION('',(0.,-1.,0.));
#10539=DIRECTION('',(0.,0.,-1.));
#10540=DIRECTION('center_axis',(0.,1.,0.));
#10541=DIRECTION('ref_axis',(1.,0.,0.));
#10542=DIRECTION('',(1.,0.,0.));
#10543=DIRECTION('',(1.,0.,0.));
#10544=DIRECTION('',(0.,0.,-1.));
#10545=DIRECTION('center_axis',(-1.,0.,0.));
#10546=DIRECTION('ref_axis',(0.,1.,0.));
#10547=DIRECTION('',(0.,1.,0.));
#10548=DIRECTION('',(0.,1.,0.));
#10549=DIRECTION('',(0.,0.,-1.));
#10550=DIRECTION('center_axis',(0.,-1.,0.));
#10551=DIRECTION('ref_axis',(-1.,0.,0.));
#10552=DIRECTION('',(-1.,0.,0.));
#10553=DIRECTION('',(-1.,0.,0.));
#10554=DIRECTION('',(0.,0.,-1.));
#10555=DIRECTION('center_axis',(1.,0.,0.));
#10556=DIRECTION('ref_axis',(0.,-1.,0.));
#10557=DIRECTION('',(0.,-1.,0.));
#10558=DIRECTION('',(0.,-1.,0.));
#10559=DIRECTION('',(0.,0.,-1.));
#10560=DIRECTION('center_axis',(0.,1.,0.));
#10561=DIRECTION('ref_axis',(1.,0.,0.));
#10562=DIRECTION('',(1.,0.,0.));
#10563=DIRECTION('',(1.,0.,0.));
#10564=DIRECTION('',(0.,0.,-1.));
#10565=DIRECTION('center_axis',(1.,0.,0.));
#10566=DIRECTION('ref_axis',(0.,-1.,0.));
#10567=DIRECTION('',(0.,-1.,0.));
#10568=DIRECTION('',(0.,-1.,0.));
#10569=DIRECTION('center_axis',(0.,0.,1.));
#10570=DIRECTION('ref_axis',(-1.,0.,0.));
#10571=DIRECTION('center_axis',(0.,0.,-1.));
#10572=DIRECTION('ref_axis',(-1.,0.,0.));
#10573=CARTESIAN_POINT('',(0.,0.,0.));
#10574=CARTESIAN_POINT('Origin',(58.9999999999999,36.4583333333333,80.));
#10575=CARTESIAN_POINT('',(60.9999999999999,36.4583333333333,80.));
#10576=CARTESIAN_POINT('Origin',(58.9999999999999,36.4583333333333,80.));
#10577=CARTESIAN_POINT('',(60.9999999999999,36.4583333333333,77.));
#10578=CARTESIAN_POINT('',(60.9999999999999,36.4583333333333,80.));
#10579=CARTESIAN_POINT('Origin',(58.9999999999999,36.4583333333333,77.));
#10580=CARTESIAN_POINT('Origin',(82.6707717364792,119.622,80.));
#10581=CARTESIAN_POINT('',(82.6707717364792,119.622,80.));
#10582=CARTESIAN_POINT('',(82.6707717364792,147.622,80.));
#10583=CARTESIAN_POINT('',(82.6707717364792,134.95025,80.));
#10584=CARTESIAN_POINT('',(82.6707717364792,119.622,77.));
#10585=CARTESIAN_POINT('',(82.6707717364792,119.622,80.));
#10586=CARTESIAN_POINT('',(82.6707717364792,147.622,77.));
#10587=CARTESIAN_POINT('',(82.6707717364792,102.74775,77.));
#10588=CARTESIAN_POINT('',(82.6707717364792,147.622,80.));
#10589=CARTESIAN_POINT('Origin',(110.670771736479,119.622,80.));
#10590=CARTESIAN_POINT('',(110.670771736479,119.622,80.));
#10591=CARTESIAN_POINT('',(103.64838586824,119.622,80.));
#10592=CARTESIAN_POINT('',(110.670771736479,119.622,77.));
#10593=CARTESIAN_POINT('',(110.670771736479,119.622,80.));
#10594=CARTESIAN_POINT('',(103.64838586824,119.622,77.));
#10595=CARTESIAN_POINT('Origin',(110.670771736479,147.622,80.));
#10596=CARTESIAN_POINT('',(110.670771736479,147.622,80.));
#10597=CARTESIAN_POINT('',(110.670771736479,148.95025,80.));
#10598=CARTESIAN_POINT('',(110.670771736479,147.622,77.));
#10599=CARTESIAN_POINT('',(110.670771736479,147.622,80.));
#10600=CARTESIAN_POINT('',(110.670771736479,116.74775,77.));
#10601=CARTESIAN_POINT('Origin',(82.6707717364792,147.622,80.));
#10602=CARTESIAN_POINT('',(89.6483858682396,147.622,80.));
#10603=CARTESIAN_POINT('',(89.6483858682396,147.622,77.));
#10604=CARTESIAN_POINT('Origin',(153.252,36.4583333333333,80.));
#10605=CARTESIAN_POINT('',(167.252,36.4583333333333,80.));
#10606=CARTESIAN_POINT('Origin',(153.252,36.4583333333333,80.));
#10607=CARTESIAN_POINT('',(167.252,36.4583333333333,77.));
#10608=CARTESIAN_POINT('',(167.252,36.4583333333333,80.));
#10609=CARTESIAN_POINT('Origin',(153.252,36.4583333333333,77.));
#10610=CARTESIAN_POINT('Origin',(20.9999999999999,36.4583333333333,80.));
#10611=CARTESIAN_POINT('',(23.,36.4583333333333,80.));
#10612=CARTESIAN_POINT('Origin',(20.9999999999999,36.4583333333333,80.));
#10613=CARTESIAN_POINT('',(23.,36.4583333333333,77.));
#10614=CARTESIAN_POINT('',(23.,36.4583333333333,80.));
#10615=CARTESIAN_POINT('Origin',(20.9999999999999,36.4583333333333,77.));
#10616=CARTESIAN_POINT('Origin',(134.252,36.4583333333334,80.));
#10617=CARTESIAN_POINT('',(136.252,36.4583333333334,80.));
#10618=CARTESIAN_POINT('Origin',(134.252,36.4583333333334,80.));
#10619=CARTESIAN_POINT('',(136.252,36.4583333333334,77.));
#10620=CARTESIAN_POINT('',(136.252,36.4583333333334,80.));
#10621=CARTESIAN_POINT('Origin',(134.252,36.4583333333334,77.));
#10622=CARTESIAN_POINT('Origin',(40.6707717364793,147.622,80.));
#10623=CARTESIAN_POINT('',(40.6707717364793,147.622,80.));
#10624=CARTESIAN_POINT('',(68.6707717364793,147.622,80.));
#10625=CARTESIAN_POINT('',(68.6483858682396,147.622,80.));
#10626=CARTESIAN_POINT('',(40.6707717364793,147.622,77.));
#10627=CARTESIAN_POINT('',(40.6707717364793,147.622,80.));
#10628=CARTESIAN_POINT('',(68.6707717364793,147.622,77.));
#10629=CARTESIAN_POINT('',(68.6483858682396,147.622,77.));
#10630=CARTESIAN_POINT('',(68.6707717364793,147.622,80.));
#10631=CARTESIAN_POINT('Origin',(40.6707717364793,119.622,80.));
#10632=CARTESIAN_POINT('',(40.6707717364793,119.622,80.));
#10633=CARTESIAN_POINT('',(40.6707717364793,134.95025,80.));
#10634=CARTESIAN_POINT('',(40.6707717364793,119.622,77.));
#10635=CARTESIAN_POINT('',(40.6707717364793,119.622,80.));
#10636=CARTESIAN_POINT('',(40.6707717364793,102.74775,77.));
#10637=CARTESIAN_POINT('Origin',(68.6707717364793,119.622,80.));
#10638=CARTESIAN_POINT('',(68.6707717364793,119.622,80.));
#10639=CARTESIAN_POINT('',(82.6483858682397,119.622,80.));
#10640=CARTESIAN_POINT('',(68.6707717364793,119.622,77.));
#10641=CARTESIAN_POINT('',(68.6707717364793,119.622,80.));
#10642=CARTESIAN_POINT('',(82.6483858682396,119.622,77.));
#10643=CARTESIAN_POINT('Origin',(68.6707717364793,147.622,80.));
#10644=CARTESIAN_POINT('',(68.6707717364793,148.95025,80.));
#10645=CARTESIAN_POINT('',(68.6707717364793,116.74775,77.));
#10646=CARTESIAN_POINT('Origin',(39.9999999999999,36.4583333333333,80.));
#10647=CARTESIAN_POINT('',(53.9999999999999,36.4583333333333,80.));
#10648=CARTESIAN_POINT('Origin',(39.9999999999999,36.4583333333333,80.));
#10649=CARTESIAN_POINT('',(53.9999999999999,36.4583333333333,77.));
#10650=CARTESIAN_POINT('',(53.9999999999999,36.4583333333333,80.));
#10651=CARTESIAN_POINT('Origin',(39.9999999999999,36.4583333333333,77.));
#10652=CARTESIAN_POINT('Origin',(124.670771736479,147.622,80.));
#10653=CARTESIAN_POINT('',(124.670771736479,147.622,80.));
#10654=CARTESIAN_POINT('',(152.670771736479,147.622,80.));
#10655=CARTESIAN_POINT('',(110.64838586824,147.622,80.));
#10656=CARTESIAN_POINT('',(124.670771736479,147.622,77.));
#10657=CARTESIAN_POINT('',(124.670771736479,147.622,80.));
#10658=CARTESIAN_POINT('',(152.670771736479,147.622,77.));
#10659=CARTESIAN_POINT('',(110.64838586824,147.622,77.));
#10660=CARTESIAN_POINT('',(152.670771736479,147.622,80.));
#10661=CARTESIAN_POINT('Origin',(124.670771736479,119.622,80.));
#10662=CARTESIAN_POINT('',(124.670771736479,119.622,80.));
#10663=CARTESIAN_POINT('',(124.670771736479,134.95025,80.));
#10664=CARTESIAN_POINT('',(124.670771736479,119.622,77.));
#10665=CARTESIAN_POINT('',(124.670771736479,119.622,80.));
#10666=CARTESIAN_POINT('',(124.670771736479,102.74775,77.));
#10667=CARTESIAN_POINT('Origin',(152.670771736479,119.622,80.));
#10668=CARTESIAN_POINT('',(152.670771736479,119.622,80.));
#10669=CARTESIAN_POINT('',(124.64838586824,119.622,80.));
#10670=CARTESIAN_POINT('',(152.670771736479,119.622,77.));
#10671=CARTESIAN_POINT('',(152.670771736479,119.622,80.));
#10672=CARTESIAN_POINT('',(124.64838586824,119.622,77.));
#10673=CARTESIAN_POINT('Origin',(152.670771736479,147.622,80.));
#10674=CARTESIAN_POINT('',(152.670771736479,148.95025,80.));
#10675=CARTESIAN_POINT('',(152.670771736479,116.74775,77.));
#10676=CARTESIAN_POINT('Origin',(172.252,36.4583333333333,80.));
#10677=CARTESIAN_POINT('',(174.252,36.4583333333333,80.));
#10678=CARTESIAN_POINT('Origin',(172.252,36.4583333333333,80.));
#10679=CARTESIAN_POINT('',(174.252,36.4583333333333,77.));
#10680=CARTESIAN_POINT('',(174.252,36.4583333333333,80.));
#10681=CARTESIAN_POINT('Origin',(172.252,36.4583333333333,77.));
#10682=CARTESIAN_POINT('Origin',(190.127,131.935,0.));
#10683=CARTESIAN_POINT('',(187.002,131.935,0.));
#10684=CARTESIAN_POINT('',(190.127,128.81,0.));
#10685=CARTESIAN_POINT('Origin',(190.127,131.935,0.));
#10686=CARTESIAN_POINT('',(190.127,128.81,3.));
#10687=CARTESIAN_POINT('',(190.127,128.81,0.));
#10688=CARTESIAN_POINT('',(187.002,131.935,3.));
#10689=CARTESIAN_POINT('Origin',(190.127,131.935,3.));
#10690=CARTESIAN_POINT('',(187.002,131.935,0.));
#10691=CARTESIAN_POINT('Origin',(96.626,150.2785,0.));
#10692=CARTESIAN_POINT('',(187.002,165.497,0.));
#10693=CARTESIAN_POINT('',(187.002,6.25,0.));
#10694=CARTESIAN_POINT('',(193.252,165.497,0.));
#10695=CARTESIAN_POINT('',(144.939,165.497,0.));
#10696=CARTESIAN_POINT('',(193.252,128.81,0.));
#10697=CARTESIAN_POINT('',(193.252,171.747,0.));
#10698=CARTESIAN_POINT('',(193.252,128.81,0.));
#10699=CARTESIAN_POINT('Origin',(187.002,42.937,0.));
#10700=CARTESIAN_POINT('',(187.002,165.497,3.));
#10701=CARTESIAN_POINT('',(187.002,95.04525,3.));
#10702=CARTESIAN_POINT('',(187.002,165.497,0.));
#10703=CARTESIAN_POINT('Origin',(190.127,39.812,0.));
#10704=CARTESIAN_POINT('',(190.127,42.937,0.));
#10705=CARTESIAN_POINT('',(187.002,39.812,0.));
#10706=CARTESIAN_POINT('Origin',(190.127,39.812,0.));
#10707=CARTESIAN_POINT('',(187.002,39.812,3.));
#10708=CARTESIAN_POINT('',(187.002,39.812,0.));
#10709=CARTESIAN_POINT('',(190.127,42.937,3.));
#10710=CARTESIAN_POINT('Origin',(190.127,39.812,3.));
#10711=CARTESIAN_POINT('',(190.127,42.937,0.));
#10712=CARTESIAN_POINT('Origin',(96.626,21.4685,0.));
#10713=CARTESIAN_POINT('',(193.252,42.937,0.));
#10714=CARTESIAN_POINT('',(193.252,42.937,0.));
#10715=CARTESIAN_POINT('',(193.252,6.25,0.));
#10716=CARTESIAN_POINT('',(193.252,-1.16704166385473E-16,0.));
#10717=CARTESIAN_POINT('',(187.002,6.25,0.));
#10718=CARTESIAN_POINT('',(48.313,6.25,0.));
#10719=CARTESIAN_POINT('',(187.002,6.25,0.));
#10720=CARTESIAN_POINT('Origin',(193.252,42.937,0.));
#10721=CARTESIAN_POINT('',(187.002,42.937,3.));
#10722=CARTESIAN_POINT('',(144.939,42.937,3.));
#10723=CARTESIAN_POINT('',(187.002,42.937,17.5));
#10724=CARTESIAN_POINT('',(187.002,42.937,1.5));
#10725=CARTESIAN_POINT('',(190.127,42.937,20.625));
#10726=CARTESIAN_POINT('',(182.0645,42.937,12.5625));
#10727=CARTESIAN_POINT('',(190.127,42.937,26.95));
#10728=CARTESIAN_POINT('',(190.127,42.937,0.));
#10729=CARTESIAN_POINT('',(193.252,42.937,26.95));
#10730=CARTESIAN_POINT('',(144.939,42.937,26.95));
#10731=CARTESIAN_POINT('',(193.252,42.937,0.));
#10732=CARTESIAN_POINT('Origin',(190.127,39.812,0.));
#10733=CARTESIAN_POINT('',(187.002,39.812,17.5));
#10734=CARTESIAN_POINT('Origin',(190.127,39.812,20.625));
#10735=CARTESIAN_POINT('',(187.002,39.812,26.95));
#10736=CARTESIAN_POINT('',(187.002,39.812,0.));
#10737=CARTESIAN_POINT('Origin',(190.127,39.812,26.95));
#10738=CARTESIAN_POINT('Origin',(190.127,62.187,26.95));
#10739=CARTESIAN_POINT('',(187.002,62.187,49.325));
#10740=CARTESIAN_POINT('',(190.127,62.187,46.2));
#10741=CARTESIAN_POINT('Origin',(190.127,62.187,49.325));
#10742=CARTESIAN_POINT('Origin',(190.127,62.187,26.95));
#10743=CARTESIAN_POINT('Origin',(187.002,62.187,26.95));
#10744=CARTESIAN_POINT('Origin',(190.127,64.40525,49.325));
#10745=CARTESIAN_POINT('',(187.002,109.56,49.325));
#10746=CARTESIAN_POINT('',(190.127,109.56,46.2));
#10747=CARTESIAN_POINT('Origin',(190.127,109.56,49.325));
#10748=CARTESIAN_POINT('',(190.127,64.40525,46.2));
#10749=CARTESIAN_POINT('',(187.002,64.40525,49.325));
#10750=CARTESIAN_POINT('Origin',(190.127,109.56,26.95));
#10751=CARTESIAN_POINT('',(187.002,131.935,26.95));
#10752=CARTESIAN_POINT('',(190.127,128.81,26.95));
#10753=CARTESIAN_POINT('Origin',(190.127,131.935,26.95));
#10754=CARTESIAN_POINT('Origin',(190.127,109.56,26.95));
#10755=CARTESIAN_POINT('Origin',(187.002,109.56,26.95));
#10756=CARTESIAN_POINT('Origin',(190.127,131.935,0.));
#10757=CARTESIAN_POINT('',(190.127,128.81,20.625));
#10758=CARTESIAN_POINT('',(187.002,131.935,17.5));
#10759=CARTESIAN_POINT('Origin',(190.127,131.935,20.625));
#10760=CARTESIAN_POINT('',(190.127,128.81,0.));
#10761=CARTESIAN_POINT('',(187.002,131.935,0.));
#10762=CARTESIAN_POINT('Origin',(187.002,42.937,0.));
#10763=CARTESIAN_POINT('',(187.002,6.25,17.5));
#10764=CARTESIAN_POINT('',(187.002,33.76525,17.5));
#10765=CARTESIAN_POINT('',(187.002,6.25,77.));
#10766=CARTESIAN_POINT('',(187.002,6.25,0.));
#10767=CARTESIAN_POINT('',(187.002,165.497,77.));
#10768=CARTESIAN_POINT('',(187.002,125.68525,77.));
#10769=CARTESIAN_POINT('',(187.002,165.497,17.5));
#10770=CARTESIAN_POINT('',(187.002,165.497,0.));
#10771=CARTESIAN_POINT('',(187.002,95.04525,17.5));
#10772=CARTESIAN_POINT('',(187.002,35.75,22.));
#10773=CARTESIAN_POINT('Origin',(187.002,37.5,22.));
#10774=CARTESIAN_POINT('',(187.002,157.497,71.));
#10775=CARTESIAN_POINT('Origin',(187.002,159.247,71.));
#10776=CARTESIAN_POINT('',(187.002,157.497,22.));
#10777=CARTESIAN_POINT('Origin',(187.002,159.247,22.));
#10778=CARTESIAN_POINT('',(187.002,84.1235,54.75));
#10779=CARTESIAN_POINT('Origin',(187.002,85.8735,54.75));
#10780=CARTESIAN_POINT('',(187.002,10.75,22.));
#10781=CARTESIAN_POINT('Origin',(187.002,12.5,22.));
#10782=CARTESIAN_POINT('',(187.002,10.75,71.));
#10783=CARTESIAN_POINT('Origin',(187.002,12.5,71.));
#10784=CARTESIAN_POINT('',(187.002,132.497,22.));
#10785=CARTESIAN_POINT('Origin',(187.002,134.247,22.));
#10786=CARTESIAN_POINT('',(187.002,35.75,71.));
#10787=CARTESIAN_POINT('Origin',(187.002,37.5,71.));
#10788=CARTESIAN_POINT('',(187.002,132.497,71.));
#10789=CARTESIAN_POINT('Origin',(187.002,134.247,71.));
#10790=CARTESIAN_POINT('Origin',(3.125,39.812,0.));
#10791=CARTESIAN_POINT('',(6.25,39.812,0.));
#10792=CARTESIAN_POINT('',(3.125,42.937,0.));
#10793=CARTESIAN_POINT('Origin',(3.125,39.812,0.));
#10794=CARTESIAN_POINT('',(3.125,42.937,3.));
#10795=CARTESIAN_POINT('',(3.125,42.937,0.));
#10796=CARTESIAN_POINT('',(6.25,39.812,3.));
#10797=CARTESIAN_POINT('Origin',(3.125,39.812,3.));
#10798=CARTESIAN_POINT('',(6.25,39.812,0.));
#10799=CARTESIAN_POINT('Origin',(96.626,21.4685,0.));
#10800=CARTESIAN_POINT('',(6.25,6.25,0.));
#10801=CARTESIAN_POINT('',(6.25,165.497,0.));
#10802=CARTESIAN_POINT('',(1.1514455845853E-15,6.25,0.));
#10803=CARTESIAN_POINT('',(48.313,6.25,0.));
#10804=CARTESIAN_POINT('',(7.91033905045424E-15,42.937,0.));
#10805=CARTESIAN_POINT('',(0.,-3.30872245021211E-23,0.));
#10806=CARTESIAN_POINT('',(7.91033905045424E-15,42.937,0.));
#10807=CARTESIAN_POINT('Origin',(6.25,128.81,0.));
#10808=CARTESIAN_POINT('',(6.25,6.25,3.));
#10809=CARTESIAN_POINT('',(6.25,76.70175,3.));
#10810=CARTESIAN_POINT('',(6.25,6.25,0.));
#10811=CARTESIAN_POINT('Origin',(3.125,131.935,0.));
#10812=CARTESIAN_POINT('',(3.125,128.81,0.));
#10813=CARTESIAN_POINT('',(6.25,131.935,0.));
#10814=CARTESIAN_POINT('Origin',(3.125,131.935,0.));
#10815=CARTESIAN_POINT('',(6.25,131.935,3.));
#10816=CARTESIAN_POINT('',(6.25,131.935,0.));
#10817=CARTESIAN_POINT('',(3.125,128.81,3.));
#10818=CARTESIAN_POINT('Origin',(3.125,131.935,3.));
#10819=CARTESIAN_POINT('',(3.125,128.81,0.));
#10820=CARTESIAN_POINT('Origin',(96.626,150.2785,0.));
#10821=CARTESIAN_POINT('',(0.,128.81,0.));
#10822=CARTESIAN_POINT('',(0.,128.81,0.));
#10823=CARTESIAN_POINT('',(0.,165.497,0.));
#10824=CARTESIAN_POINT('',(0.,171.747,0.));
#10825=CARTESIAN_POINT('',(6.25,165.497,0.));
#10826=CARTESIAN_POINT('',(144.939,165.497,0.));
#10827=CARTESIAN_POINT('',(6.25,165.497,0.));
#10828=CARTESIAN_POINT('Origin',(0.,128.81,0.));
#10829=CARTESIAN_POINT('',(6.25,128.81,3.));
#10830=CARTESIAN_POINT('',(21.7190000391155,128.81,3.));
#10831=CARTESIAN_POINT('',(6.25,128.81,17.5));
#10832=CARTESIAN_POINT('',(6.25,128.81,1.5));
#10833=CARTESIAN_POINT('',(3.125,128.81,20.625));
#10834=CARTESIAN_POINT('',(11.1875,128.81,12.5625));
#10835=CARTESIAN_POINT('',(3.125,128.81,26.95));
#10836=CARTESIAN_POINT('',(3.125,128.81,0.));
#10837=CARTESIAN_POINT('',(0.,128.81,26.95));
#10838=CARTESIAN_POINT('',(48.313,128.81,26.95));
#10839=CARTESIAN_POINT('',(0.,128.81,0.));
#10840=CARTESIAN_POINT('Origin',(3.125,131.935,0.));
#10841=CARTESIAN_POINT('',(6.25,131.935,17.5));
#10842=CARTESIAN_POINT('Origin',(3.125,131.935,20.625));
#10843=CARTESIAN_POINT('',(6.25,131.935,26.95));
#10844=CARTESIAN_POINT('',(6.25,131.935,0.));
#10845=CARTESIAN_POINT('Origin',(3.125,131.935,26.95));
#10846=CARTESIAN_POINT('Origin',(3.125,109.56,26.95));
#10847=CARTESIAN_POINT('',(6.25,109.56,49.325));
#10848=CARTESIAN_POINT('',(3.125,109.56,46.2));
#10849=CARTESIAN_POINT('Origin',(3.125,109.56,49.325));
#10850=CARTESIAN_POINT('Origin',(3.125,109.56,26.95));
#10851=CARTESIAN_POINT('Origin',(6.25,109.56,26.95));
#10852=CARTESIAN_POINT('Origin',(3.125,107.34175,49.325));
#10853=CARTESIAN_POINT('',(6.25,62.187,49.325));
#10854=CARTESIAN_POINT('',(3.125,62.187,46.2));
#10855=CARTESIAN_POINT('Origin',(3.125,62.187,49.325));
#10856=CARTESIAN_POINT('',(3.125,107.34175,46.2));
#10857=CARTESIAN_POINT('',(6.25,107.34175,49.325));
#10858=CARTESIAN_POINT('Origin',(3.125,62.187,26.95));
#10859=CARTESIAN_POINT('',(6.25,39.812,26.95));
#10860=CARTESIAN_POINT('',(3.125,42.937,26.95));
#10861=CARTESIAN_POINT('Origin',(3.125,39.812,26.95));
#10862=CARTESIAN_POINT('Origin',(3.125,62.187,26.95));
#10863=CARTESIAN_POINT('Origin',(6.25,62.187,26.95));
#10864=CARTESIAN_POINT('Origin',(3.125,39.812,0.));
#10865=CARTESIAN_POINT('',(3.125,42.937,20.625));
#10866=CARTESIAN_POINT('',(6.25,39.812,17.5));
#10867=CARTESIAN_POINT('Origin',(3.125,39.812,20.625));
#10868=CARTESIAN_POINT('',(3.125,42.937,0.));
#10869=CARTESIAN_POINT('',(6.25,39.812,0.));
#10870=CARTESIAN_POINT('Origin',(6.25,128.81,0.));
#10871=CARTESIAN_POINT('',(6.25,165.497,17.5));
#10872=CARTESIAN_POINT('',(6.25,137.98175,17.5));
#10873=CARTESIAN_POINT('',(6.25,165.497,77.));
#10874=CARTESIAN_POINT('',(6.25,165.497,0.));
#10875=CARTESIAN_POINT('',(6.25,6.25,77.));
#10876=CARTESIAN_POINT('',(6.25,46.06175,77.));
#10877=CARTESIAN_POINT('',(6.25,6.25,17.5));
#10878=CARTESIAN_POINT('',(6.25,6.25,0.));
#10879=CARTESIAN_POINT('',(6.25,76.70175,17.5));
#10880=CARTESIAN_POINT('',(6.25,35.75,22.));
#10881=CARTESIAN_POINT('Origin',(6.25,37.5,22.));
#10882=CARTESIAN_POINT('',(6.25,157.497,71.));
#10883=CARTESIAN_POINT('Origin',(6.25,159.247,71.));
#10884=CARTESIAN_POINT('',(6.25,157.497,22.));
#10885=CARTESIAN_POINT('Origin',(6.25,159.247,22.));
#10886=CARTESIAN_POINT('',(6.25,84.1235,54.75));
#10887=CARTESIAN_POINT('Origin',(6.25,85.8735,54.75));
#10888=CARTESIAN_POINT('',(6.25,10.75,22.));
#10889=CARTESIAN_POINT('Origin',(6.25,12.5,22.));
#10890=CARTESIAN_POINT('',(6.25,10.75,71.));
#10891=CARTESIAN_POINT('Origin',(6.25,12.5,71.));
#10892=CARTESIAN_POINT('',(6.25,132.497,22.));
#10893=CARTESIAN_POINT('Origin',(6.25,134.247,22.));
#10894=CARTESIAN_POINT('',(6.25,35.75,71.));
#10895=CARTESIAN_POINT('Origin',(6.25,37.5,71.));
#10896=CARTESIAN_POINT('',(6.25,132.497,71.));
#10897=CARTESIAN_POINT('Origin',(6.25,134.247,71.));
#10898=CARTESIAN_POINT('Origin',(10.5,10.5,0.));
#10899=CARTESIAN_POINT('',(8.75000000000002,10.5,3.));
#10900=CARTESIAN_POINT('Origin',(10.5,10.5,3.));
#10901=CARTESIAN_POINT('',(8.75000000000002,10.5,4.25));
#10902=CARTESIAN_POINT('',(8.75000000000002,10.5,0.));
#10903=CARTESIAN_POINT('Origin',(10.5,10.5,4.25));
#10904=CARTESIAN_POINT('Origin',(10.5,10.5,0.));
#10905=CARTESIAN_POINT('',(8.75000000000002,10.5,6.95));
#10906=CARTESIAN_POINT('Origin',(10.5,10.5,6.95));
#10907=CARTESIAN_POINT('',(8.75000000000002,10.5,8.5));
#10908=CARTESIAN_POINT('',(8.75000000000002,10.5,0.));
#10909=CARTESIAN_POINT('Origin',(10.5,10.5,8.5));
#10910=CARTESIAN_POINT('Origin',(10.5,10.5,8.5));
#10911=CARTESIAN_POINT('Origin',(182.752,10.5,0.));
#10912=CARTESIAN_POINT('',(181.002,10.5,3.));
#10913=CARTESIAN_POINT('Origin',(182.752,10.5,3.));
#10914=CARTESIAN_POINT('',(181.002,10.5,4.25));
#10915=CARTESIAN_POINT('',(181.002,10.5,0.));
#10916=CARTESIAN_POINT('Origin',(182.752,10.5,4.25));
#10917=CARTESIAN_POINT('Origin',(182.752,10.5,0.));
#10918=CARTESIAN_POINT('',(181.002,10.5,6.95));
#10919=CARTESIAN_POINT('Origin',(182.752,10.5,6.95));
#10920=CARTESIAN_POINT('',(181.002,10.5,8.5));
#10921=CARTESIAN_POINT('',(181.002,10.5,0.));
#10922=CARTESIAN_POINT('Origin',(182.752,10.5,8.5));
#10923=CARTESIAN_POINT('Origin',(182.752,10.5,8.5));
#10924=CARTESIAN_POINT('Origin',(10.5,161.247,0.));
#10925=CARTESIAN_POINT('',(8.75000000000002,161.247,3.));
#10926=CARTESIAN_POINT('Origin',(10.5,161.247,3.));
#10927=CARTESIAN_POINT('',(8.75000000000002,161.247,4.25));
#10928=CARTESIAN_POINT('',(8.75000000000002,161.247,0.));
#10929=CARTESIAN_POINT('Origin',(10.5,161.247,4.25));
#10930=CARTESIAN_POINT('Origin',(10.5,161.247,0.));
#10931=CARTESIAN_POINT('',(8.75000000000002,161.247,6.95));
#10932=CARTESIAN_POINT('Origin',(10.5,161.247,6.95));
#10933=CARTESIAN_POINT('',(8.75000000000002,161.247,8.5));
#10934=CARTESIAN_POINT('',(8.75000000000002,161.247,0.));
#10935=CARTESIAN_POINT('Origin',(10.5,161.247,8.5));
#10936=CARTESIAN_POINT('Origin',(10.5,161.247,8.5));
#10937=CARTESIAN_POINT('Origin',(182.752,161.247,0.));
#10938=CARTESIAN_POINT('',(181.002,161.247,3.));
#10939=CARTESIAN_POINT('Origin',(182.752,161.247,3.));
#10940=CARTESIAN_POINT('',(181.002,161.247,4.25));
#10941=CARTESIAN_POINT('',(181.002,161.247,0.));
#10942=CARTESIAN_POINT('Origin',(182.752,161.247,4.25));
#10943=CARTESIAN_POINT('Origin',(182.752,161.247,0.));
#10944=CARTESIAN_POINT('',(181.002,161.247,6.95));
#10945=CARTESIAN_POINT('Origin',(182.752,161.247,6.95));
#10946=CARTESIAN_POINT('',(181.002,161.247,8.5));
#10947=CARTESIAN_POINT('',(181.002,161.247,0.));
#10948=CARTESIAN_POINT('Origin',(182.752,161.247,8.5));
#10949=CARTESIAN_POINT('Origin',(182.752,161.247,8.5));
#10950=CARTESIAN_POINT('Origin',(72.1260001564622,165.497,3.));
#10951=CARTESIAN_POINT('',(80.6260001564622,165.497,17.5));
#10952=CARTESIAN_POINT('',(72.1260001564622,156.997,9.));
#10953=CARTESIAN_POINT('Origin',(72.1260001564622,165.497,17.5));
#10954=CARTESIAN_POINT('',(72.1260001564622,156.997,3.));
#10955=CARTESIAN_POINT('',(72.1260001564622,156.997,3.));
#10956=CARTESIAN_POINT('',(80.6260001564622,165.497,3.));
#10957=CARTESIAN_POINT('Origin',(72.1260001564622,165.497,3.));
#10958=CARTESIAN_POINT('',(80.6260001564622,165.497,1.5));
#10959=CARTESIAN_POINT('Origin',(14.75,156.997,3.));
#10960=CARTESIAN_POINT('',(14.75,156.997,9.));
#10961=CARTESIAN_POINT('',(178.502,156.997,9.));
#10962=CARTESIAN_POINT('',(14.75,156.997,3.));
#10963=CARTESIAN_POINT('',(14.75,156.997,3.));
#10964=CARTESIAN_POINT('',(178.502,156.997,3.));
#10965=CARTESIAN_POINT('Origin',(24.8440000391155,161.247,13.25));
#10966=CARTESIAN_POINT('',(24.8440000391155,165.497,17.5));
#10967=CARTESIAN_POINT('',(14.75,156.997,9.));
#10968=CARTESIAN_POINT('Origin',(121.126000156462,165.497,3.));
#10969=CARTESIAN_POINT('',(121.126000156462,156.997,9.));
#10970=CARTESIAN_POINT('',(112.626000156462,165.497,17.5));
#10971=CARTESIAN_POINT('Origin',(121.126000156462,165.497,17.5));
#10972=CARTESIAN_POINT('',(112.626000156462,165.497,3.));
#10973=CARTESIAN_POINT('',(112.626000156462,165.497,1.5));
#10974=CARTESIAN_POINT('',(121.126000156462,156.997,3.));
#10975=CARTESIAN_POINT('Origin',(121.126000156462,165.497,3.));
#10976=CARTESIAN_POINT('',(121.126000156462,156.997,3.));
#10977=CARTESIAN_POINT('Origin',(78.0320000391156,161.247,13.25));
#10978=CARTESIAN_POINT('',(178.502,156.997,9.));
#10979=CARTESIAN_POINT('',(178.502,156.997,9.));
#10980=CARTESIAN_POINT('',(178.502,156.997,9.));
#10981=CARTESIAN_POINT('',(78.0320000391156,165.497,17.5));
#10982=CARTESIAN_POINT('Origin',(187.002,34.437,1.5));
#10983=CARTESIAN_POINT('',(178.502,34.437,9.));
#10984=CARTESIAN_POINT('Origin',(187.002,34.437,17.5));
#10985=CARTESIAN_POINT('',(178.502,34.437,3.));
#10986=CARTESIAN_POINT('Origin',(187.002,34.437,3.));
#10987=CARTESIAN_POINT('',(178.502,34.437,1.5));
#10988=CARTESIAN_POINT('Origin',(182.752,33.76525,13.25));
#10989=CARTESIAN_POINT('',(178.502,14.75,9.));
#10990=CARTESIAN_POINT('',(178.502,14.75,9.));
#10991=CARTESIAN_POINT('',(178.502,14.75,9.));
#10992=CARTESIAN_POINT('Origin',(187.002,137.31,1.5));
#10993=CARTESIAN_POINT('',(187.002,128.81,17.5));
#10994=CARTESIAN_POINT('',(178.502,137.31,9.));
#10995=CARTESIAN_POINT('Origin',(187.002,137.31,17.5));
#10996=CARTESIAN_POINT('',(178.502,137.31,3.));
#10997=CARTESIAN_POINT('',(178.502,137.31,1.5));
#10998=CARTESIAN_POINT('',(187.002,128.81,3.));
#10999=CARTESIAN_POINT('Origin',(187.002,137.31,3.));
#11000=CARTESIAN_POINT('',(187.002,128.81,1.5));
#11001=CARTESIAN_POINT('Origin',(178.502,156.997,3.));
#11002=CARTESIAN_POINT('',(178.502,14.75,9.));
#11003=CARTESIAN_POINT('',(178.502,156.997,3.));
#11004=CARTESIAN_POINT('',(178.502,156.997,3.));
#11005=CARTESIAN_POINT('',(178.502,14.75,3.));
#11006=CARTESIAN_POINT('Origin',(182.752,95.04525,13.25));
#11007=CARTESIAN_POINT('',(180.502,128.81,11.));
#11008=CARTESIAN_POINT('Origin',(6.25,34.437,1.5));
#11009=CARTESIAN_POINT('',(6.25,42.937,17.5));
#11010=CARTESIAN_POINT('',(14.75,34.437,9.));
#11011=CARTESIAN_POINT('Origin',(6.25,34.437,17.5));
#11012=CARTESIAN_POINT('',(14.75,34.437,3.));
#11013=CARTESIAN_POINT('',(14.75,34.437,1.5));
#11014=CARTESIAN_POINT('',(6.25,42.937,3.));
#11015=CARTESIAN_POINT('Origin',(6.25,34.437,3.));
#11016=CARTESIAN_POINT('',(6.25,42.937,1.5));
#11017=CARTESIAN_POINT('Origin',(14.75,14.75,3.));
#11018=CARTESIAN_POINT('',(14.75,14.75,9.));
#11019=CARTESIAN_POINT('',(14.75,156.997,9.));
#11020=CARTESIAN_POINT('',(14.75,14.75,3.));
#11021=CARTESIAN_POINT('',(14.75,14.75,3.));
#11022=CARTESIAN_POINT('',(14.75,156.997,3.));
#11023=CARTESIAN_POINT('Origin',(10.5,76.70175,13.25));
#11024=CARTESIAN_POINT('',(12.75,42.937,11.));
#11025=CARTESIAN_POINT('',(14.75,14.75,9.));
#11026=CARTESIAN_POINT('Origin',(6.25,137.31,1.5));
#11027=CARTESIAN_POINT('',(14.75,137.31,9.));
#11028=CARTESIAN_POINT('Origin',(6.25,137.31,17.5));
#11029=CARTESIAN_POINT('',(14.75,137.31,3.));
#11030=CARTESIAN_POINT('Origin',(6.25,137.31,3.));
#11031=CARTESIAN_POINT('',(14.75,137.31,1.5));
#11032=CARTESIAN_POINT('Origin',(10.5,137.98175,13.25));
#11033=CARTESIAN_POINT('',(14.75,156.997,9.));
#11034=CARTESIAN_POINT('Origin',(141.814,10.5,13.25));
#11035=CARTESIAN_POINT('',(141.814,6.25,17.5));
#11036=CARTESIAN_POINT('',(14.75,14.75,9.));
#11037=CARTESIAN_POINT('Origin',(187.002,6.25,0.));
#11038=CARTESIAN_POINT('',(141.814,6.25,77.));
#11039=CARTESIAN_POINT('Origin',(6.25,165.497,0.));
#11040=CARTESIAN_POINT('',(51.438,165.497,77.));
#11041=CARTESIAN_POINT('',(6.25,165.497,3.));
#11042=CARTESIAN_POINT('',(24.8440000391155,165.497,3.));
#11043=CARTESIAN_POINT('',(6.25,165.497,0.));
#11044=CARTESIAN_POINT('',(82.5015531081745,165.497,0.));
#11045=CARTESIAN_POINT('',(187.002,165.497,0.));
#11046=CARTESIAN_POINT('',(110.750446891826,165.497,0.));
#11047=CARTESIAN_POINT('',(187.002,165.497,0.));
#11048=CARTESIAN_POINT('',(187.002,165.497,0.));
#11049=CARTESIAN_POINT('',(78.0320000391156,165.497,3.));
#11050=CARTESIAN_POINT('',(108.626,165.497,17.));
#11051=CARTESIAN_POINT('Origin',(96.626,165.497,17.));
#11052=CARTESIAN_POINT('Origin',(178.502,14.75,3.));
#11053=CARTESIAN_POINT('',(178.502,14.75,3.));
#11054=CARTESIAN_POINT('',(14.75,14.75,3.));
#11055=CARTESIAN_POINT('',(178.502,14.75,3.));
#11056=CARTESIAN_POINT('Origin',(178.502,42.937,3.));
#11057=CARTESIAN_POINT('',(178.502,14.75,3.));
#11058=CARTESIAN_POINT('Origin',(96.626,24.5935,3.));
#11059=CARTESIAN_POINT('',(187.002,6.25,3.));
#11060=CARTESIAN_POINT('',(187.002,33.76525,3.));
#11061=CARTESIAN_POINT('',(141.814,6.25,3.));
#11062=CARTESIAN_POINT('',(51.438,42.937,3.));
#11063=CARTESIAN_POINT('Origin',(187.002,6.25,0.));
#11064=CARTESIAN_POINT('',(187.002,6.25,0.));
#11065=CARTESIAN_POINT('',(6.25,6.25,0.));
#11066=CARTESIAN_POINT('Origin',(187.002,42.937,0.));
#11067=CARTESIAN_POINT('Origin',(14.75,128.81,3.));
#11068=CARTESIAN_POINT('',(14.75,156.997,3.));
#11069=CARTESIAN_POINT('Origin',(43.4380000782311,147.1535,3.));
#11070=CARTESIAN_POINT('',(6.25,137.98175,3.));
#11071=CARTESIAN_POINT('Origin',(6.25,128.81,0.));
#11072=CARTESIAN_POINT('Origin',(112.626000156462,156.997,3.));
#11073=CARTESIAN_POINT('',(178.502,156.997,3.));
#11074=CARTESIAN_POINT('Origin',(149.814000078231,147.1535,3.));
#11075=CARTESIAN_POINT('',(168.408000039116,128.81,3.));
#11076=CARTESIAN_POINT('Origin',(65.7276669926824,58.1286933819445,71.35));
#11077=CARTESIAN_POINT('',(64.0776669926824,58.1286933819445,71.));
#11078=CARTESIAN_POINT('Origin',(65.7276669926824,58.1286933819445,71.));
#11079=CARTESIAN_POINT('',(64.4276669926824,58.1286933819445,71.35));
#11080=CARTESIAN_POINT('Origin',(64.0776669926824,58.1286933819445,71.35));
#11081=CARTESIAN_POINT('Origin',(65.7276669926824,58.1286933819445,71.35));
#11082=CARTESIAN_POINT('Origin',(65.7276669926824,58.1286933819445,76.));
#11083=CARTESIAN_POINT('',(64.4276669926824,58.1286933819445,76.));
#11084=CARTESIAN_POINT('',(64.4276669926824,58.1286933819445,76.));
#11085=CARTESIAN_POINT('Origin',(65.7276669926824,58.1286933819445,76.));
#11086=CARTESIAN_POINT('Origin',(91.4176088683687,77.6432392751009,71.));
#11087=CARTESIAN_POINT('',(63.7276669926824,58.1286933819445,71.));
#11088=CARTESIAN_POINT('Origin',(65.7276669926824,58.1286933819445,71.));
#11089=CARTESIAN_POINT('Origin',(117.752927350513,53.3987584246864,71.35));
#11090=CARTESIAN_POINT('',(116.102927350513,53.3987584246864,71.));
#11091=CARTESIAN_POINT('Origin',(117.752927350513,53.3987584246864,71.));
#11092=CARTESIAN_POINT('',(116.452927350513,53.3987584246864,71.35));
#11093=CARTESIAN_POINT('Origin',(116.102927350513,53.3987584246864,71.35));
#11094=CARTESIAN_POINT('Origin',(117.752927350513,53.3987584246864,71.35));
#11095=CARTESIAN_POINT('Origin',(117.752927350513,53.3987584246864,76.));
#11096=CARTESIAN_POINT('',(116.452927350513,53.3987584246864,76.));
#11097=CARTESIAN_POINT('',(116.452927350513,53.3987584246864,76.));
#11098=CARTESIAN_POINT('Origin',(117.752927350513,53.3987584246864,76.));
#11099=CARTESIAN_POINT('Origin',(91.4176088683687,77.6432392751009,71.));
#11100=CARTESIAN_POINT('',(115.752927350513,53.3987584246864,71.));
#11101=CARTESIAN_POINT('Origin',(117.752927350513,53.3987584246864,71.));
#11102=CARTESIAN_POINT('Origin',(115.501129585268,101.887720125515,71.35));
#11103=CARTESIAN_POINT('',(113.851129585268,101.887720125515,71.));
#11104=CARTESIAN_POINT('Origin',(115.501129585268,101.887720125515,71.));
#11105=CARTESIAN_POINT('',(114.201129585268,101.887720125515,71.35));
#11106=CARTESIAN_POINT('Origin',(113.851129585268,101.887720125515,71.35));
#11107=CARTESIAN_POINT('Origin',(115.501129585268,101.887720125515,71.35));
#11108=CARTESIAN_POINT('Origin',(115.501129585268,101.887720125515,76.));
#11109=CARTESIAN_POINT('',(114.201129585268,101.887720125515,76.));
#11110=CARTESIAN_POINT('',(114.201129585268,101.887720125515,76.));
#11111=CARTESIAN_POINT('Origin',(115.501129585268,101.887720125515,76.));
#11112=CARTESIAN_POINT('Origin',(91.4176088683687,77.6432392751009,71.));
#11113=CARTESIAN_POINT('',(113.501129585268,101.887720125515,71.));
#11114=CARTESIAN_POINT('Origin',(115.501129585268,101.887720125515,71.));
#11115=CARTESIAN_POINT('Origin',(65.0822903862239,86.1257198139754,71.35));
#11116=CARTESIAN_POINT('',(63.4322903862239,86.1257198139754,71.));
#11117=CARTESIAN_POINT('Origin',(65.0822903862239,86.1257198139754,71.));
#11118=CARTESIAN_POINT('',(63.7822903862239,86.1257198139754,71.35));
#11119=CARTESIAN_POINT('Origin',(63.4322903862239,86.1257198139754,71.35));
#11120=CARTESIAN_POINT('Origin',(65.0822903862239,86.1257198139754,71.35));
#11121=CARTESIAN_POINT('Origin',(65.0822903862239,86.1257198139754,76.));
#11122=CARTESIAN_POINT('',(63.7822903862239,86.1257198139754,76.));
#11123=CARTESIAN_POINT('',(63.7822903862239,86.1257198139754,76.));
#11124=CARTESIAN_POINT('Origin',(65.0822903862239,86.1257198139754,76.));
#11125=CARTESIAN_POINT('Origin',(91.4176088683687,77.6432392751009,71.));
#11126=CARTESIAN_POINT('',(63.0822903862239,86.1257198139754,71.));
#11127=CARTESIAN_POINT('Origin',(65.0822903862239,86.1257198139754,71.));
#11128=CARTESIAN_POINT('Origin',(113.758173532425,52.3780028550858,77.));
#11129=CARTESIAN_POINT('',(119.495339334979,51.4077786466905,77.));
#11130=CARTESIAN_POINT('',(130.76313663675,51.4662847952859,77.));
#11131=CARTESIAN_POINT('',(113.784352920261,51.3781253071017,77.));
#11132=CARTESIAN_POINT('',(119.490147072608,52.4077651668053,76.));
#11133=CARTESIAN_POINT('Origin',(119.490147072608,52.4077651668053,77.));
#11134=CARTESIAN_POINT('',(129.757957854263,52.4610790530294,76.));
#11135=CARTESIAN_POINT('',(113.758173532425,52.3780028550858,76.));
#11136=CARTESIAN_POINT('Origin',(129.757957854263,52.4610790530294,77.));
#11137=CARTESIAN_POINT('Origin',(129.556757687369,91.2105567074807,77.));
#11138=CARTESIAN_POINT('',(129.493152473319,103.460391578888,76.));
#11139=CARTESIAN_POINT('',(129.556757687369,91.2105567074807,76.));
#11140=CARTESIAN_POINT('',(130.487946731062,104.465570361374,77.));
#11141=CARTESIAN_POINT('Origin',(129.493152473319,103.460391578888,77.));
#11142=CARTESIAN_POINT('',(130.535757082019,95.2576946688713,77.));
#11143=CARTESIAN_POINT('Origin',(79.4938264675747,103.200778460315,77.));
#11144=CARTESIAN_POINT('',(114.17048336839,103.380831188199,76.));
#11145=CARTESIAN_POINT('',(116.816199015031,103.394568623176,76.));
#11146=CARTESIAN_POINT('Ctrl Pts',(114.17048336839,103.380831188199,76.));
#11147=CARTESIAN_POINT('Ctrl Pts',(114.339015999917,103.531025848307,76.));
#11148=CARTESIAN_POINT('Ctrl Pts',(114.540724363545,103.657639411351,76.0341164317558));
#11149=CARTESIAN_POINT('Ctrl Pts',(114.993670243614,103.838785611832,76.1032883761969));
#11150=CARTESIAN_POINT('Ctrl Pts',(115.248455705119,103.886435118884,76.1339745962157));
#11151=CARTESIAN_POINT('Ctrl Pts',(115.73303441593,103.888951212606,76.1339745962157));
#11152=CARTESIAN_POINT('Ctrl Pts',(115.988300950428,103.843950065041,76.1032883761969));
#11153=CARTESIAN_POINT('Ctrl Pts',(116.443103499871,103.667517196108,76.0341164317558));
#11154=CARTESIAN_POINT('Ctrl Pts',(116.646115791505,103.54300507722,76.));
#11155=CARTESIAN_POINT('Ctrl Pts',(116.816199015031,103.394568623176,76.));
#11156=CARTESIAN_POINT('',(63.4940421457366,103.117702262371,76.));
#11157=CARTESIAN_POINT('',(79.4938264675747,103.200778460315,76.));
#11158=CARTESIAN_POINT('',(62.4888633632503,104.112496520114,77.));
#11159=CARTESIAN_POINT('Origin',(63.4940421457366,103.117702262371,77.));
#11160=CARTESIAN_POINT('',(79.5096213306678,104.20087395256,77.));
#11161=CARTESIAN_POINT('',(79.4938264675747,103.200778460315,76.));
#11162=CARTESIAN_POINT('Origin',(63.695242312631,64.3682246079196,77.));
#11163=CARTESIAN_POINT('',(63.5891793235399,84.7950735970977,76.));
#11164=CARTESIAN_POINT('',(63.0822903862239,86.1257198186559,76.1339590315164));
#11165=CARTESIAN_POINT('Ctrl Pts',(63.58917932354,84.7950735970977,76.));
#11166=CARTESIAN_POINT('Ctrl Pts',(63.4389846634324,84.9636062286253,76.));
#11167=CARTESIAN_POINT('Ctrl Pts',(63.3123711003879,85.1653145922531,76.0341164317558));
#11168=CARTESIAN_POINT('Ctrl Pts',(63.1312248999071,85.6182604723219,76.1032883761969));
#11169=CARTESIAN_POINT('Ctrl Pts',(63.0835753928555,85.873045933827,76.1339745962156));
#11170=CARTESIAN_POINT('Ctrl Pts',(63.0822993862676,86.1187941830876,76.1339745962156));
#11171=CARTESIAN_POINT('Ctrl Pts',(63.0822903862077,86.1222557263965,76.13396941529));
#11172=CARTESIAN_POINT('Ctrl Pts',(63.0822903862239,86.1257198233363,76.1339590315164));
#11173=CARTESIAN_POINT('',(63.7276939524527,58.1183088572016,76.));
#11174=CARTESIAN_POINT('',(63.695242312631,64.3682246079196,76.));
#11175=CARTESIAN_POINT('',(63.7588475266815,52.1183897365123,76.));
#11176=CARTESIAN_POINT('',(63.695242312631,64.3682246079196,76.));
#11177=CARTESIAN_POINT('',(62.7640532689381,51.113210954026,77.));
#11178=CARTESIAN_POINT('Origin',(63.7588475266815,52.1183897365123,77.));
#11179=CARTESIAN_POINT('',(62.6742686670516,68.4049780445673,77.));
#11180=CARTESIAN_POINT('',(63.5754418885632,87.4407892437387,76.));
#11181=CARTESIAN_POINT('',(63.695242312631,64.3682246079196,76.));
#11182=CARTESIAN_POINT('Ctrl Pts',(63.0822903862239,86.1257198233363,76.1339590315164));
#11183=CARTESIAN_POINT('Ctrl Pts',(63.0822903873434,86.3649095486187,76.1332420504439));
#11184=CARTESIAN_POINT('Ctrl Pts',(63.1273684059953,86.616262791389,76.1027755800928));
#11185=CARTESIAN_POINT('Ctrl Pts',(63.3024933156307,87.0676937285789,76.0341164317558));
#11186=CARTESIAN_POINT('Ctrl Pts',(63.4270054345187,87.2707060202123,76.));
#11187=CARTESIAN_POINT('Ctrl Pts',(63.5754418885633,87.4407892437387,76.));
#11188=CARTESIAN_POINT('Origin',(113.758173532425,52.3780028550858,77.));
#11189=CARTESIAN_POINT('',(116.026092153162,52.3897786423381,76.));
#11190=CARTESIAN_POINT('',(113.758173532425,52.3780028550858,76.));
#11191=CARTESIAN_POINT('',(116.031284415533,51.3897921222232,77.));
#11192=CARTESIAN_POINT('Origin',(116.026092153162,52.3897786423381,77.));
#11193=CARTESIAN_POINT('',(113.784352920261,51.3781253071017,77.));
#11194=CARTESIAN_POINT('Ctrl Pts',(117.763311875256,51.3987853844567,76.));
#11195=CARTESIAN_POINT('Ctrl Pts',(117.765420033486,51.3987963307149,76.));
#11196=CARTESIAN_POINT('Ctrl Pts',(117.76752020699,51.398814682465,76.));
#11197=CARTESIAN_POINT('Ctrl Pts',(118.157458157293,51.4009815799978,76.0000000000008));
#11198=CARTESIAN_POINT('Ctrl Pts',(118.711967688553,51.5934872115782,76.0000000000001));
#11199=CARTESIAN_POINT('Ctrl Pts',(119.264096155983,52.0510915083878,76.0000000000004));
#11200=CARTESIAN_POINT('Ctrl Pts',(119.422569871266,52.2893017504282,76.));
#11201=CARTESIAN_POINT('Ctrl Pts',(119.490147072608,52.4077651668053,76.));
#11202=CARTESIAN_POINT('Ctrl Pts',(117.763311875256,51.3987853844567,76.));
#11203=CARTESIAN_POINT('Ctrl Pts',(117.765100093222,51.3988327152873,76.0002342971784));
#11204=CARTESIAN_POINT('Ctrl Pts',(117.767233477601,51.398774301388,76.0003693555578));
#11205=CARTESIAN_POINT('Ctrl Pts',(118.11692644426,51.4019020221871,76.0381834879915));
#11206=CARTESIAN_POINT('Ctrl Pts',(118.631584168804,51.5191572647939,76.0896517816983));
#11207=CARTESIAN_POINT('Ctrl Pts',(119.226928905109,51.8307261875299,76.0886230782331));
#11208=CARTESIAN_POINT('Ctrl Pts',(119.425028498343,52.01190339623,76.0370105100834));
#11209=CARTESIAN_POINT('Ctrl Pts',(119.491700593877,52.1085698996357,76.));
#11210=CARTESIAN_POINT('Ctrl Pts',(117.763311875256,51.3987853844566,76.));
#11211=CARTESIAN_POINT('Ctrl Pts',(117.764815635076,51.3988126818196,76.0005771671807));
#11212=CARTESIAN_POINT('Ctrl Pts',(117.766471173063,51.3987843796405,76.0010799270129));
#11213=CARTESIAN_POINT('Ctrl Pts',(118.052082800075,51.4009017765866,76.1034144590799));
#11214=CARTESIAN_POINT('Ctrl Pts',(118.479878261722,51.4288130362521,76.2517207905513));
#11215=CARTESIAN_POINT('Ctrl Pts',(119.0956412419,51.5092677394692,76.3542203119361));
#11216=CARTESIAN_POINT('Ctrl Pts',(119.377784245583,51.5610450915588,76.3105236985133));
#11217=CARTESIAN_POINT('Ctrl Pts',(119.494389040597,51.590797435933,76.251313523266));
#11218=CARTESIAN_POINT('Ctrl Pts',(117.763311875256,51.3987853844567,76.));
#11219=CARTESIAN_POINT('Ctrl Pts',(117.764524345099,51.3987916800031,76.0009097169503));
#11220=CARTESIAN_POINT('Ctrl Pts',(117.765712827087,51.3987978509967,76.0018006723253));
#11221=CARTESIAN_POINT('Ctrl Pts',(117.987771156539,51.399950851644,76.1683011629246));
#11222=CARTESIAN_POINT('Ctrl Pts',(118.319850912858,51.4016751201127,76.4158223260621));
#11223=CARTESIAN_POINT('Ctrl Pts',(118.902311751035,51.4046994503721,76.716198942488));
#11224=CARTESIAN_POINT('Ctrl Pts',(119.269875324052,51.4066079626097,76.7933606702284));
#11225=CARTESIAN_POINT('Ctrl Pts',(119.495339334979,51.4077786466905,76.7756005247436));
#11226=CARTESIAN_POINT('Ctrl Pts',(117.763311875256,51.3987853844567,76.));
#11227=CARTESIAN_POINT('Ctrl Pts',(117.764365954485,51.3987908575863,76.0010540933238));
#11228=CARTESIAN_POINT('Ctrl Pts',(117.765419135336,51.3987963260516,76.00210785193));
#11229=CARTESIAN_POINT('Ctrl Pts',(117.959587017617,51.3998045102274,76.1961232191434));
#11230=CARTESIAN_POINT('Ctrl Pts',(118.250964831692,51.4013174406841,76.4861476261795));
#11231=CARTESIAN_POINT('Ctrl Pts',(118.818881019967,51.4042662502871,76.8712923263104));
#11232=CARTESIAN_POINT('Ctrl Pts',(119.222577477636,51.406362376471,77.));
#11233=CARTESIAN_POINT('Ctrl Pts',(119.495339334979,51.4077786466905,77.));
#11234=CARTESIAN_POINT('',(117.763311875256,51.3987853844568,76.));
#11235=CARTESIAN_POINT('Ctrl Pts',(119.495339334979,51.4077786466905,77.));
#11236=CARTESIAN_POINT('Ctrl Pts',(119.222577477636,51.406362376471,77.));
#11237=CARTESIAN_POINT('Ctrl Pts',(118.818881019967,51.4042662502871,76.8712923263104));
#11238=CARTESIAN_POINT('Ctrl Pts',(118.250964831692,51.4013174406841,76.4861476261795));
#11239=CARTESIAN_POINT('Ctrl Pts',(117.959587017617,51.3998045102274,76.1961232191434));
#11240=CARTESIAN_POINT('Ctrl Pts',(117.765419135336,51.3987963260516,76.00210785193));
#11241=CARTESIAN_POINT('Ctrl Pts',(117.764365954485,51.3987908575863,76.0010540933238));
#11242=CARTESIAN_POINT('Ctrl Pts',(117.763311875256,51.3987853844567,76.));
#11243=CARTESIAN_POINT('Origin',(117.752927350513,53.3987584246864,76.));
#11244=CARTESIAN_POINT('Ctrl Pts',(116.026092153162,52.3897786423381,76.));
#11245=CARTESIAN_POINT('Ctrl Pts',(116.129297744157,52.213145720439,76.));
#11246=CARTESIAN_POINT('Ctrl Pts',(116.382686826654,51.8276951810122,75.9999999999997));
#11247=CARTESIAN_POINT('Ctrl Pts',(117.179290472492,51.4517033811176,75.9999999999999));
#11248=CARTESIAN_POINT('Ctrl Pts',(117.564130141179,51.3983410283123,75.9999999999995));
#11249=CARTESIAN_POINT('Ctrl Pts',(117.759095438871,51.3987670016447,76.));
#11250=CARTESIAN_POINT('Ctrl Pts',(117.761203717023,51.3987744381984,76.));
#11251=CARTESIAN_POINT('Ctrl Pts',(117.763311875256,51.3987853844567,76.));
#11252=CARTESIAN_POINT('Ctrl Pts',(116.027645674431,52.0905833751684,76.));
#11253=CARTESIAN_POINT('Ctrl Pts',(116.12969452253,51.9478561012442,76.054628331664));
#11254=CARTESIAN_POINT('Ctrl Pts',(116.46508782874,51.6673109769674,76.1155498166886));
#11255=CARTESIAN_POINT('Ctrl Pts',(117.235230563898,51.4312913351388,76.0544574770795));
#11256=CARTESIAN_POINT('Ctrl Pts',(117.583108456118,51.3982366142243,76.0190249833151));
#11257=CARTESIAN_POINT('Ctrl Pts',(117.759496955896,51.3987675981562,76.0004011465485));
#11258=CARTESIAN_POINT('Ctrl Pts',(117.761404493977,51.3987754806991,76.0002007796811));
#11259=CARTESIAN_POINT('Ctrl Pts',(117.763311875256,51.3987853844567,76.));
#11260=CARTESIAN_POINT('Ctrl Pts',(116.030334123853,51.5728103911369,76.2513130896019));
#11261=CARTESIAN_POINT('Ctrl Pts',(116.210189518376,51.530592958125,76.3355483495157));
#11262=CARTESIAN_POINT('Ctrl Pts',(116.651872942698,51.4573871652075,76.3559510174013));
#11263=CARTESIAN_POINT('Ctrl Pts',(117.33119380329,51.4046781671684,76.1500688666264));
#11264=CARTESIAN_POINT('Ctrl Pts',(117.616312572452,51.3981009226539,76.0521520591286));
#11265=CARTESIAN_POINT('Ctrl Pts',(117.760199637812,51.3987697693705,76.0011043882724));
#11266=CARTESIAN_POINT('Ctrl Pts',(117.761755853645,51.3987773050753,76.0005521441229));
#11267=CARTESIAN_POINT('Ctrl Pts',(117.763311875256,51.3987853844567,76.));
#11268=CARTESIAN_POINT('Ctrl Pts',(116.031284415533,51.3897921222232,76.7756005247436));
#11269=CARTESIAN_POINT('Ctrl Pts',(116.371707114651,51.3920165504977,76.8006907207706));
#11270=CARTESIAN_POINT('Ctrl Pts',(116.869366578405,51.3943600836773,76.6266795916612));
#11271=CARTESIAN_POINT('Ctrl Pts',(117.426603040788,51.3972082109571,76.2501604514751));
#11272=CARTESIAN_POINT('Ctrl Pts',(117.649501520677,51.3982081127869,76.0853481267242));
#11273=CARTESIAN_POINT('Ctrl Pts',(117.760902411824,51.3987727746626,76.0018071722095));
#11274=CARTESIAN_POINT('Ctrl Pts',(117.762107213313,51.3987791294515,76.0009035085648));
#11275=CARTESIAN_POINT('Ctrl Pts',(117.763311875256,51.3987853844567,76.));
#11276=CARTESIAN_POINT('Ctrl Pts',(116.031284415533,51.3897921222232,77.));
#11277=CARTESIAN_POINT('Ctrl Pts',(116.440427201548,51.3919165275523,77.));
#11278=CARTESIAN_POINT('Ctrl Pts',(116.962428194372,51.3946269302002,76.7428104429861));
#11279=CARTESIAN_POINT('Ctrl Pts',(117.467474465802,51.3972492983009,76.2931160982003));
#11280=CARTESIAN_POINT('Ctrl Pts',(117.663725373919,51.3982682982414,76.0995807070441));
#11281=CARTESIAN_POINT('Ctrl Pts',(117.761203598031,51.3987744375808,76.0021083239202));
#11282=CARTESIAN_POINT('Ctrl Pts',(117.762257796028,51.398779911327,76.0010540933256));
#11283=CARTESIAN_POINT('Ctrl Pts',(117.763311875256,51.3987853844567,76.));
#11284=CARTESIAN_POINT('Origin',(117.752927350513,53.3987584246864,76.));
#11285=CARTESIAN_POINT('Ctrl Pts',(117.763311875256,51.3987853844567,76.));
#11286=CARTESIAN_POINT('Ctrl Pts',(117.762257796028,51.398779911327,76.0010540933256));
#11287=CARTESIAN_POINT('Ctrl Pts',(117.761203598031,51.3987744375808,76.0021083239202));
#11288=CARTESIAN_POINT('Ctrl Pts',(117.663725373919,51.3982682982414,76.0995807070441));
#11289=CARTESIAN_POINT('Ctrl Pts',(117.467474465802,51.3972492983009,76.2931160982003));
#11290=CARTESIAN_POINT('Ctrl Pts',(116.962428194372,51.3946269302002,76.7428104429861));
#11291=CARTESIAN_POINT('Ctrl Pts',(116.440427201548,51.3919165275523,77.));
#11292=CARTESIAN_POINT('Ctrl Pts',(116.031284415533,51.3897921222232,77.));
#11293=CARTESIAN_POINT('Origin',(130.76313663675,51.4662847952859,77.));
#11294=CARTESIAN_POINT('',(113.784352920261,51.3781253071017,77.));
#11295=CARTESIAN_POINT('Origin',(96.626,77.7893906577002,76.));
#11296=CARTESIAN_POINT('',(115.752927350513,53.3987584246864,76.));
#11297=CARTESIAN_POINT('Origin',(117.752927350513,53.3987584246864,76.));
#11298=CARTESIAN_POINT('Origin',(117.752927350513,53.3987584246864,76.));
#11299=CARTESIAN_POINT('',(63.7276669926824,58.1286933819445,76.));
#11300=CARTESIAN_POINT('Origin',(65.7276669926824,58.1286933819445,76.));
#11301=CARTESIAN_POINT('Origin',(65.7276669926824,58.1286933819445,76.));
#11302=CARTESIAN_POINT('Origin',(65.0822903862239,86.1257198139754,76.));
#11303=CARTESIAN_POINT('',(113.501129585268,101.887720125515,76.));
#11304=CARTESIAN_POINT('Origin',(115.501129585268,101.887720125515,76.));
#11305=CARTESIAN_POINT('Origin',(115.501129585268,101.887720125515,76.));
#11306=CARTESIAN_POINT('Origin',(65.0822903862239,86.1257198139754,76.));
#11307=CARTESIAN_POINT('',(63.0822903862239,86.1257198139754,76.));
#11308=CARTESIAN_POINT('Origin',(115.501129585268,101.887720125515,76.));
#11309=CARTESIAN_POINT('',(113.501129585268,101.887720125515,76.));
#11310=CARTESIAN_POINT('Origin',(96.626,77.7893906577002,76.));
#11311=CARTESIAN_POINT('Origin',(65.7276669926824,58.1286933819445,76.));
#11312=CARTESIAN_POINT('',(63.7276669926824,58.1286933819445,76.));
#11313=CARTESIAN_POINT('Origin',(96.626,77.7893906577002,76.));
#11314=CARTESIAN_POINT('Origin',(117.752927350513,53.3987584246864,76.));
#11315=CARTESIAN_POINT('',(115.752927350513,53.3987584246864,76.));
#11316=CARTESIAN_POINT('Origin',(96.626,77.7893906577002,76.));
#11317=CARTESIAN_POINT('Origin',(96.626,77.7893906577002,76.));
#11318=CARTESIAN_POINT('Origin',(48.313,109.56,26.95));
#11319=CARTESIAN_POINT('',(0.,109.56,46.2));
#11320=CARTESIAN_POINT('',(48.313,109.56,46.2));
#11321=CARTESIAN_POINT('Origin',(0.,109.56,26.95));
#11322=CARTESIAN_POINT('Origin',(96.626,85.8735,46.2));
#11323=CARTESIAN_POINT('',(0.,62.187,46.2));
#11324=CARTESIAN_POINT('',(51.438,62.187,46.2));
#11325=CARTESIAN_POINT('',(0.,107.34175,46.2));
#11326=CARTESIAN_POINT('Origin',(51.438,62.187,26.95));
#11327=CARTESIAN_POINT('',(7.91033905045424E-15,42.937,26.95));
#11328=CARTESIAN_POINT('',(51.438,42.937,26.95));
#11329=CARTESIAN_POINT('Origin',(0.,62.187,26.95));
#11330=CARTESIAN_POINT('Origin',(141.814,109.56,26.95));
#11331=CARTESIAN_POINT('',(193.252,128.81,26.95));
#11332=CARTESIAN_POINT('',(141.814,128.81,26.95));
#11333=CARTESIAN_POINT('',(193.252,109.56,46.2));
#11334=CARTESIAN_POINT('Origin',(193.252,109.56,26.95));
#11335=CARTESIAN_POINT('',(141.814,109.56,46.2));
#11336=CARTESIAN_POINT('Origin',(96.626,85.8735,46.2));
#11337=CARTESIAN_POINT('',(193.252,62.187,46.2));
#11338=CARTESIAN_POINT('',(193.252,64.40525,46.2));
#11339=CARTESIAN_POINT('',(144.939,62.187,46.2));
#11340=CARTESIAN_POINT('Origin',(144.939,62.187,26.95));
#11341=CARTESIAN_POINT('Origin',(193.252,62.187,26.95));
#11342=CARTESIAN_POINT('Origin',(144.939,168.622,76.875));
#11343=CARTESIAN_POINT('',(0.,171.747,76.875));
#11344=CARTESIAN_POINT('',(0.,168.622,80.));
#11345=CARTESIAN_POINT('Origin',(0.,168.622,76.875));
#11346=CARTESIAN_POINT('',(193.252,168.622,80.));
#11347=CARTESIAN_POINT('',(144.939,168.622,80.));
#11348=CARTESIAN_POINT('',(193.252,171.747,76.875));
#11349=CARTESIAN_POINT('Origin',(193.252,168.622,76.875));
#11350=CARTESIAN_POINT('',(144.939,171.747,76.875));
#11351=CARTESIAN_POINT('Origin',(193.252,171.747,0.));
#11352=CARTESIAN_POINT('',(193.252,171.747,6.25));
#11353=CARTESIAN_POINT('',(193.252,171.747,0.));
#11354=CARTESIAN_POINT('',(110.750446891826,171.747,6.25));
#11355=CARTESIAN_POINT('',(144.939,171.747,6.25));
#11356=CARTESIAN_POINT('',(96.626,171.747,34.75));
#11357=CARTESIAN_POINT('Origin',(96.626,171.747,17.));
#11358=CARTESIAN_POINT('',(82.5015531081745,171.747,6.25));
#11359=CARTESIAN_POINT('Origin',(96.626,171.747,17.));
#11360=CARTESIAN_POINT('',(0.,171.747,6.25));
#11361=CARTESIAN_POINT('',(144.939,171.747,6.25));
#11362=CARTESIAN_POINT('',(0.,171.747,0.));
#11363=CARTESIAN_POINT('Origin',(193.252,128.81,0.));
#11364=CARTESIAN_POINT('',(193.252,3.125,80.));
#11365=CARTESIAN_POINT('',(193.252,-1.16704166385473E-16,80.));
#11366=CARTESIAN_POINT('',(193.252,-1.16704166385473E-16,76.875));
#11367=CARTESIAN_POINT('Origin',(193.252,3.125,76.875));
#11368=CARTESIAN_POINT('',(193.252,-1.16704166385473E-16,6.25));
#11369=CARTESIAN_POINT('',(193.252,-1.16704166385473E-16,0.));
#11370=CARTESIAN_POINT('Origin',(193.252,6.25,6.25));
#11371=CARTESIAN_POINT('',(193.252,128.81,0.));
#11372=CARTESIAN_POINT('Origin',(193.252,165.497,6.25));
#11373=CARTESIAN_POINT('',(193.252,132.497,71.));
#11374=CARTESIAN_POINT('Origin',(193.252,134.247,71.));
#11375=CARTESIAN_POINT('',(193.252,35.75,71.));
#11376=CARTESIAN_POINT('Origin',(193.252,37.5,71.));
#11377=CARTESIAN_POINT('',(193.252,132.497,22.));
#11378=CARTESIAN_POINT('Origin',(193.252,134.247,22.));
#11379=CARTESIAN_POINT('',(193.252,10.75,71.));
#11380=CARTESIAN_POINT('Origin',(193.252,12.5,71.));
#11381=CARTESIAN_POINT('',(193.252,10.75,22.));
#11382=CARTESIAN_POINT('Origin',(193.252,12.5,22.));
#11383=CARTESIAN_POINT('',(193.252,84.1235,54.75));
#11384=CARTESIAN_POINT('Origin',(193.252,85.8735,54.75));
#11385=CARTESIAN_POINT('',(193.252,157.497,22.));
#11386=CARTESIAN_POINT('Origin',(193.252,159.247,22.));
#11387=CARTESIAN_POINT('',(193.252,157.497,71.));
#11388=CARTESIAN_POINT('Origin',(193.252,159.247,71.));
#11389=CARTESIAN_POINT('',(193.252,35.75,22.));
#11390=CARTESIAN_POINT('Origin',(193.252,37.5,22.));
#11391=CARTESIAN_POINT('Origin',(48.313,3.125,76.875));
#11392=CARTESIAN_POINT('',(0.,3.125,80.));
#11393=CARTESIAN_POINT('',(48.313,3.125,80.));
#11394=CARTESIAN_POINT('',(0.,-3.30872245021211E-23,76.875));
#11395=CARTESIAN_POINT('Origin',(0.,3.125,76.875));
#11396=CARTESIAN_POINT('',(48.313,0.,76.875));
#11397=CARTESIAN_POINT('Origin',(0.,-3.30872245021211E-23,0.));
#11398=CARTESIAN_POINT('',(0.,-3.30872245021211E-23,6.25));
#11399=CARTESIAN_POINT('',(0.,-3.30872245021211E-23,0.));
#11400=CARTESIAN_POINT('',(48.313,0.,6.25));
#11401=CARTESIAN_POINT('Origin',(96.626,37.5,22.));
#11402=CARTESIAN_POINT('',(0.,35.75,22.));
#11403=CARTESIAN_POINT('Origin',(0.,37.5,22.));
#11404=CARTESIAN_POINT('',(96.626,35.75,22.));
#11405=CARTESIAN_POINT('Origin',(96.626,37.5,22.));
#11406=CARTESIAN_POINT('',(96.626,35.75,22.));
#11407=CARTESIAN_POINT('Origin',(96.626,159.247,71.));
#11408=CARTESIAN_POINT('',(0.,157.497,71.));
#11409=CARTESIAN_POINT('Origin',(0.,159.247,71.));
#11410=CARTESIAN_POINT('',(96.626,157.497,71.));
#11411=CARTESIAN_POINT('Origin',(96.626,159.247,71.));
#11412=CARTESIAN_POINT('',(96.626,157.497,71.));
#11413=CARTESIAN_POINT('Origin',(96.626,159.247,22.));
#11414=CARTESIAN_POINT('',(0.,157.497,22.));
#11415=CARTESIAN_POINT('Origin',(0.,159.247,22.));
#11416=CARTESIAN_POINT('',(96.626,157.497,22.));
#11417=CARTESIAN_POINT('Origin',(96.626,159.247,22.));
#11418=CARTESIAN_POINT('',(96.626,157.497,22.));
#11419=CARTESIAN_POINT('Origin',(96.626,85.8735,54.75));
#11420=CARTESIAN_POINT('',(0.,84.1235,54.75));
#11421=CARTESIAN_POINT('Origin',(0.,85.8735,54.75));
#11422=CARTESIAN_POINT('',(96.626,84.1235,54.75));
#11423=CARTESIAN_POINT('Origin',(96.626,85.8735,54.75));
#11424=CARTESIAN_POINT('',(96.626,84.1235,54.75));
#11425=CARTESIAN_POINT('Origin',(96.626,12.5,22.));
#11426=CARTESIAN_POINT('',(0.,10.75,22.));
#11427=CARTESIAN_POINT('Origin',(0.,12.5,22.));
#11428=CARTESIAN_POINT('',(96.626,10.75,22.));
#11429=CARTESIAN_POINT('Origin',(96.626,12.5,22.));
#11430=CARTESIAN_POINT('',(96.626,10.75,22.));
#11431=CARTESIAN_POINT('Origin',(96.626,12.5,71.));
#11432=CARTESIAN_POINT('',(0.,10.75,71.));
#11433=CARTESIAN_POINT('Origin',(0.,12.5,71.));
#11434=CARTESIAN_POINT('',(96.626,10.75,71.));
#11435=CARTESIAN_POINT('Origin',(96.626,12.5,71.));
#11436=CARTESIAN_POINT('',(96.626,10.75,71.));
#11437=CARTESIAN_POINT('Origin',(96.626,134.247,22.));
#11438=CARTESIAN_POINT('',(0.,132.497,22.));
#11439=CARTESIAN_POINT('Origin',(0.,134.247,22.));
#11440=CARTESIAN_POINT('',(96.626,132.497,22.));
#11441=CARTESIAN_POINT('Origin',(96.626,134.247,22.));
#11442=CARTESIAN_POINT('',(96.626,132.497,22.));
#11443=CARTESIAN_POINT('Origin',(96.626,37.5,71.));
#11444=CARTESIAN_POINT('',(0.,35.75,71.));
#11445=CARTESIAN_POINT('Origin',(0.,37.5,71.));
#11446=CARTESIAN_POINT('',(96.626,35.75,71.));
#11447=CARTESIAN_POINT('Origin',(96.626,37.5,71.));
#11448=CARTESIAN_POINT('',(96.626,35.75,71.));
#11449=CARTESIAN_POINT('Origin',(96.626,134.247,71.));
#11450=CARTESIAN_POINT('',(0.,132.497,71.));
#11451=CARTESIAN_POINT('Origin',(0.,134.247,71.));
#11452=CARTESIAN_POINT('',(96.626,132.497,71.));
#11453=CARTESIAN_POINT('Origin',(96.626,134.247,71.));
#11454=CARTESIAN_POINT('',(96.626,132.497,71.));
#11455=CARTESIAN_POINT('Origin',(96.626,85.8735,77.));
#11456=CARTESIAN_POINT('Origin',(6.25,42.937,0.));
#11457=CARTESIAN_POINT('',(7.91033905045424E-15,42.937,0.));
#11458=CARTESIAN_POINT('Origin',(48.313,6.25,6.25));
#11459=CARTESIAN_POINT('Origin',(8.88178419700125E-15,6.25,6.25));
#11460=CARTESIAN_POINT('Origin',(187.002,128.81,0.));
#11461=CARTESIAN_POINT('Origin',(144.939,165.497,6.25));
#11462=CARTESIAN_POINT('Origin',(110.750446891826,165.497,6.25));
#11463=CARTESIAN_POINT('Ctrl Pts',(82.5015531081745,171.747,6.25000000000001));
#11464=CARTESIAN_POINT('Ctrl Pts',(83.3344525919925,171.747,5.83481408848251));
#11465=CARTESIAN_POINT('Ctrl Pts',(85.1765532691944,171.883796266939,4.8923159131961));
#11466=CARTESIAN_POINT('Ctrl Pts',(88.7024922584954,172.341440180273,3.26070079379773));
#11467=CARTESIAN_POINT('Ctrl Pts',(92.737617218044,172.74012750713,2.09294807865891));
#11468=CARTESIAN_POINT('Ctrl Pts',(96.6221936021353,172.84529663513,1.80247759955324));
#11469=CARTESIAN_POINT('Ctrl Pts',(100.502665045724,172.741256553828,2.09047340207915));
#11470=CARTESIAN_POINT('Ctrl Pts',(104.55492074842,172.339728117753,3.26550947709998));
#11471=CARTESIAN_POINT('Ctrl Pts',(108.075012030502,171.884317646521,4.89007392434674));
#11472=CARTESIAN_POINT('Ctrl Pts',(109.917547408007,171.747,5.8348140884825));
#11473=CARTESIAN_POINT('Ctrl Pts',(110.750446891826,171.747,6.25));
#11474=CARTESIAN_POINT('Ctrl Pts',(82.5015531081745,171.747,5.31500218643161));
#11475=CARTESIAN_POINT('Ctrl Pts',(83.3343610584152,171.684709588669,4.93941979001108));
#11476=CARTESIAN_POINT('Ctrl Pts',(85.2102711659513,171.697432478821,4.09913286235697));
#11477=CARTESIAN_POINT('Ctrl Pts',(88.8110213491818,172.037652905388,2.69420771647871));
#11478=CARTESIAN_POINT('Ctrl Pts',(92.8222687503424,172.409802720511,1.71770276003477));
#11479=CARTESIAN_POINT('Ctrl Pts',(96.6226755708726,172.512982149396,1.47709361682737));
#11480=CARTESIAN_POINT('Ctrl Pts',(100.419507776823,172.411131182579,1.71572971799915));
#11481=CARTESIAN_POINT('Ctrl Pts',(104.445685186223,172.03543040294,2.69799871809487));
#11482=CARTESIAN_POINT('Ctrl Pts',(108.041316376857,171.698135370647,4.09739695345735));
#11483=CARTESIAN_POINT('Ctrl Pts',(109.917638941585,171.684709588669,4.93941979001108));
#11484=CARTESIAN_POINT('Ctrl Pts',(110.750446891826,171.747,5.31500218643161));
#11485=CARTESIAN_POINT('Ctrl Pts',(82.5015531081745,171.31873801704,3.45010021911023));
#11486=CARTESIAN_POINT('Ctrl Pts',(83.3717159042564,171.169181737792,3.18153785043097));
#11487=CARTESIAN_POINT('Ctrl Pts',(85.357430307867,171.027976919167,2.5937598010281));
#11488=CARTESIAN_POINT('Ctrl Pts',(89.085008206097,171.271586066633,1.66510213413951));
#11489=CARTESIAN_POINT('Ctrl Pts',(93.0105009748822,171.661460908061,1.04983455670834));
#11490=CARTESIAN_POINT('Ctrl Pts',(96.6234452212904,171.775581845763,0.900553389476529));
#11491=CARTESIAN_POINT('Ctrl Pts',(100.233722156907,171.663139497457,1.04863404923776));
#11492=CARTESIAN_POINT('Ctrl Pts',(104.170368905019,171.268575420896,1.66739512119825));
#11493=CARTESIAN_POINT('Ctrl Pts',(107.894304587696,171.029029266376,2.59284862601908));
#11494=CARTESIAN_POINT('Ctrl Pts',(109.880284095744,171.169181737792,3.18153785043096));
#11495=CARTESIAN_POINT('Ctrl Pts',(110.750446891826,171.31873801704,3.45010021911022));
#11496=CARTESIAN_POINT('Ctrl Pts',(82.5015531081745,169.228401763127,0.819660174294325));
#11497=CARTESIAN_POINT('Ctrl Pts',(83.5542520730192,169.07197899804,0.747694369012156));
#11498=CARTESIAN_POINT('Ctrl Pts',(85.848044479055,168.997930188339,0.594840707179093));
#11499=CARTESIAN_POINT('Ctrl Pts',(89.7185007349712,169.499826527878,0.369303736048452));
#11500=CARTESIAN_POINT('Ctrl Pts',(93.3896689654985,170.118376151644,0.229091383961368));
#11501=CARTESIAN_POINT('Ctrl Pts',(96.6243353745383,170.292592459482,0.19576096279857));
#11502=CARTESIAN_POINT('Ctrl Pts',(99.8574052721103,170.120648691618,0.228859344858625));
#11503=CARTESIAN_POINT('Ctrl Pts',(103.535181926555,169.495937548816,0.369719895045365));
#11504=CARTESIAN_POINT('Ctrl Pts',(107.403967069529,168.999316091963,0.594667975092149));
#11505=CARTESIAN_POINT('Ctrl Pts',(109.697747926981,169.07197899804,0.747694369012152));
#11506=CARTESIAN_POINT('Ctrl Pts',(110.750446891826,169.228401763127,0.819660174294323));
#11507=CARTESIAN_POINT('Ctrl Pts',(82.5015531081745,166.899496720353,8.58781559697229E-17));
#11508=CARTESIAN_POINT('Ctrl Pts',(83.7574007567642,166.839813000231,0.00107206821890879));
#11509=CARTESIAN_POINT('Ctrl Pts',(86.3373997086091,167.038785545453,0.000888387774783226));
#11510=CARTESIAN_POINT('Ctrl Pts',(90.2582003633817,167.988513885684,0.00224507806603138));
#11511=CARTESIAN_POINT('Ctrl Pts',(93.6881449861895,168.88475681655,0.00241443878331451));
#11512=CARTESIAN_POINT('Ctrl Pts',(96.6247432246729,169.125335500952,0.00243304282833851));
#11513=CARTESIAN_POINT('Ctrl Pts',(99.5601800813451,168.887531224497,0.002250921779506));
#11514=CARTESIAN_POINT('Ctrl Pts',(102.994794738876,167.984087201495,0.00265400163085326));
#11515=CARTESIAN_POINT('Ctrl Pts',(106.914706458709,167.040150880453,0.00101168055127409));
#11516=CARTESIAN_POINT('Ctrl Pts',(109.494599243236,166.839813000231,0.00107206821890676));
#11517=CARTESIAN_POINT('Ctrl Pts',(110.750446891826,166.899496720353,8.58781559697228E-17));
#11518=CARTESIAN_POINT('Ctrl Pts',(82.5015531081745,165.497,0.));
#11519=CARTESIAN_POINT('Ctrl Pts',(83.8799662066402,165.497,1.76585059467123E-15));
#11520=CARTESIAN_POINT('Ctrl Pts',(86.6318927299876,165.861790045172,-7.68784606715768E-15));
#11521=CARTESIAN_POINT('Ctrl Pts',(90.5822817590012,167.082173814062,1.01146954896642E-15));
#11522=CARTESIAN_POINT('Ctrl Pts',(93.8672775971545,168.145340019012,-4.3785496174277E-15));
#11523=CARTESIAN_POINT('Ctrl Pts',(96.6249895519534,168.425791027013,-4.23842232881404E-16));
#11524=CARTESIAN_POINT('Ctrl Pts',(99.3817875431909,168.148350810207,2.22579736385878E-15));
#11525=CARTESIAN_POINT('Ctrl Pts',(102.67030214775,167.077608314009,-4.03102899158479E-15));
#11526=CARTESIAN_POINT('Ctrl Pts',(106.620279805225,165.863180390722,1.83188305411393E-15));
#11527=CARTESIAN_POINT('Ctrl Pts',(109.37203379336,165.497,8.68895300154122E-17));
#11528=CARTESIAN_POINT('Ctrl Pts',(110.750446891826,165.497,0.));
#11529=CARTESIAN_POINT('Ctrl Pts',(110.750446891826,165.497,0.));
#11530=CARTESIAN_POINT('Ctrl Pts',(109.37203379336,165.497,8.68895300154122E-17));
#11531=CARTESIAN_POINT('Ctrl Pts',(106.620279805225,165.863180390722,1.83188305411393E-15));
#11532=CARTESIAN_POINT('Ctrl Pts',(102.67030214775,167.077608314009,-4.03102899158479E-15));
#11533=CARTESIAN_POINT('Ctrl Pts',(99.3817875431909,168.148350810207,2.22579736385878E-15));
#11534=CARTESIAN_POINT('Ctrl Pts',(96.6249895519534,168.425791027013,-4.23842232881404E-16));
#11535=CARTESIAN_POINT('Ctrl Pts',(93.8672775971545,168.145340019012,-4.3785496174277E-15));
#11536=CARTESIAN_POINT('Ctrl Pts',(90.5822817590012,167.082173814062,1.01146954896642E-15));
#11537=CARTESIAN_POINT('Ctrl Pts',(86.6318927299876,165.861790045172,-7.68784606715768E-15));
#11538=CARTESIAN_POINT('Ctrl Pts',(83.8799662066402,165.497,1.76585059467123E-15));
#11539=CARTESIAN_POINT('Ctrl Pts',(82.5015531081745,165.497,0.));
#11540=CARTESIAN_POINT('Origin',(82.5015531081745,165.497,6.25));
#11541=CARTESIAN_POINT('Ctrl Pts',(82.5015531081745,171.747,6.25000000000001));
#11542=CARTESIAN_POINT('Ctrl Pts',(83.3344525919925,171.747,5.83481408848251));
#11543=CARTESIAN_POINT('Ctrl Pts',(85.1765532691944,171.883796266939,4.8923159131961));
#11544=CARTESIAN_POINT('Ctrl Pts',(88.7024922584954,172.341440180273,3.26070079379773));
#11545=CARTESIAN_POINT('Ctrl Pts',(92.737617218044,172.74012750713,2.09294807865891));
#11546=CARTESIAN_POINT('Ctrl Pts',(96.6221936021353,172.84529663513,1.80247759955324));
#11547=CARTESIAN_POINT('Ctrl Pts',(100.502665045724,172.741256553828,2.09047340207915));
#11548=CARTESIAN_POINT('Ctrl Pts',(104.55492074842,172.339728117753,3.26550947709998));
#11549=CARTESIAN_POINT('Ctrl Pts',(108.075012030502,171.884317646521,4.89007392434674));
#11550=CARTESIAN_POINT('Ctrl Pts',(109.917547408007,171.747,5.8348140884825));
#11551=CARTESIAN_POINT('Ctrl Pts',(110.750446891826,171.747,6.25));
#11552=CARTESIAN_POINT('Origin',(144.939,165.497,6.25));
#11553=CARTESIAN_POINT('Origin',(0.,165.497,6.25));
#11554=CARTESIAN_POINT('Origin',(96.626,175.497,17.));
#11555=CARTESIAN_POINT('',(96.626,175.497,31.));
#11556=CARTESIAN_POINT('Origin',(96.626,175.497,17.));
#11557=CARTESIAN_POINT('Origin',(96.626,175.497,34.75));
#11558=CARTESIAN_POINT('Origin',(96.626,150.2785,0.));
#11559=CARTESIAN_POINT('Origin',(0.,171.747,0.));
#11560=CARTESIAN_POINT('',(0.,171.747,80.));
#11561=CARTESIAN_POINT('Origin',(96.626,175.497,17.));
#11562=CARTESIAN_POINT('',(108.626,175.497,17.));
#11563=CARTESIAN_POINT('Origin',(96.626,175.497,17.));
#11564=CARTESIAN_POINT('Origin',(96.626,171.747,17.));
#11565=CARTESIAN_POINT('',(108.626,171.747,17.));
#11566=CARTESIAN_POINT('Origin',(96.626,150.2785,80.));
#11567=CARTESIAN_POINT('Origin',(179.252,161.247,4.25));
#11568=CARTESIAN_POINT('',(179.252,161.247,4.25));
#11569=CARTESIAN_POINT('',(181.002,158.215911086754,4.25));
#11570=CARTESIAN_POINT('',(185.242591443037,150.870991253273,4.25));
#11571=CARTESIAN_POINT('',(179.252,161.247,6.95));
#11572=CARTESIAN_POINT('',(179.252,161.247,4.25));
#11573=CARTESIAN_POINT('',(181.002,158.215911086754,6.95));
#11574=CARTESIAN_POINT('',(185.242591443037,150.870991253273,6.95));
#11575=CARTESIAN_POINT('',(181.002,158.215911086754,4.25));
#11576=CARTESIAN_POINT('Origin',(181.002,164.278088913246,4.25));
#11577=CARTESIAN_POINT('',(181.002,164.278088913246,4.25));
#11578=CARTESIAN_POINT('',(153.479908556963,116.60842820335,4.25));
#11579=CARTESIAN_POINT('',(181.002,164.278088913246,6.95));
#11580=CARTESIAN_POINT('',(181.002,164.278088913246,4.25));
#11581=CARTESIAN_POINT('',(153.479908556963,116.60842820335,6.95));
#11582=CARTESIAN_POINT('Origin',(184.502,164.278088913246,4.25));
#11583=CARTESIAN_POINT('',(184.502,164.278088913246,4.25));
#11584=CARTESIAN_POINT('',(140.564,164.278088913246,4.25));
#11585=CARTESIAN_POINT('',(184.502,164.278088913246,6.95));
#11586=CARTESIAN_POINT('',(184.502,164.278088913246,4.25));
#11587=CARTESIAN_POINT('',(140.564,164.278088913246,6.95));
#11588=CARTESIAN_POINT('Origin',(186.252,161.247,4.25));
#11589=CARTESIAN_POINT('',(186.252,161.247,4.25));
#11590=CARTESIAN_POINT('',(191.367591443037,152.386535709896,4.25));
#11591=CARTESIAN_POINT('',(186.252,161.247,6.95));
#11592=CARTESIAN_POINT('',(186.252,161.247,4.25));
#11593=CARTESIAN_POINT('',(191.367591443037,152.386535709896,6.95));
#11594=CARTESIAN_POINT('Origin',(184.502,158.215911086754,4.25));
#11595=CARTESIAN_POINT('',(184.502,158.215911086754,4.25));
#11596=CARTESIAN_POINT('',(157.854908556963,112.061794833481,4.25));
#11597=CARTESIAN_POINT('',(184.502,158.215911086754,6.95));
#11598=CARTESIAN_POINT('',(184.502,158.215911086754,4.25));
#11599=CARTESIAN_POINT('',(157.854908556963,112.061794833481,6.95));
#11600=CARTESIAN_POINT('Origin',(181.002,158.215911086754,4.25));
#11601=CARTESIAN_POINT('',(138.814,158.215911086754,4.25));
#11602=CARTESIAN_POINT('',(138.814,158.215911086754,6.95));
#11603=CARTESIAN_POINT('Origin',(96.626,85.8735,6.95));
#11604=CARTESIAN_POINT('Origin',(96.626,85.8735,4.25));
#11605=CARTESIAN_POINT('Origin',(6.99999999999998,161.247,4.25));
#11606=CARTESIAN_POINT('',(6.99999999999999,161.247,4.25));
#11607=CARTESIAN_POINT('',(8.75,158.215911086754,4.25));
#11608=CARTESIAN_POINT('',(34.5220914430367,113.577339290104,4.25));
#11609=CARTESIAN_POINT('',(6.99999999999999,161.247,6.95));
#11610=CARTESIAN_POINT('',(6.99999999999999,161.247,4.25));
#11611=CARTESIAN_POINT('',(8.75,158.215911086754,6.95));
#11612=CARTESIAN_POINT('',(34.5220914430367,113.577339290104,6.95));
#11613=CARTESIAN_POINT('',(8.75,158.215911086754,4.25));
#11614=CARTESIAN_POINT('Origin',(8.74999999999999,164.278088913246,4.25));
#11615=CARTESIAN_POINT('',(8.75,164.278088913246,4.25));
#11616=CARTESIAN_POINT('',(2.75940855696336,153.902080166519,4.25));
#11617=CARTESIAN_POINT('',(8.75,164.278088913246,6.95));
#11618=CARTESIAN_POINT('',(8.75,164.278088913246,4.25));
#11619=CARTESIAN_POINT('',(2.75940855696336,153.902080166519,6.95));
#11620=CARTESIAN_POINT('Origin',(12.25,164.278088913246,4.25));
#11621=CARTESIAN_POINT('',(12.25,164.278088913246,4.25));
#11622=CARTESIAN_POINT('',(54.438,164.278088913246,4.25));
#11623=CARTESIAN_POINT('',(12.25,164.278088913246,6.95));
#11624=CARTESIAN_POINT('',(12.25,164.278088913246,4.25));
#11625=CARTESIAN_POINT('',(54.438,164.278088913246,6.95));
#11626=CARTESIAN_POINT('Origin',(14.,161.247,4.25));
#11627=CARTESIAN_POINT('',(14.,161.247,4.25));
#11628=CARTESIAN_POINT('',(40.6470914430366,115.092883746727,4.25));
#11629=CARTESIAN_POINT('',(14.,161.247,6.95));
#11630=CARTESIAN_POINT('',(14.,161.247,4.25));
#11631=CARTESIAN_POINT('',(40.6470914430366,115.092883746727,6.95));
#11632=CARTESIAN_POINT('Origin',(12.25,158.215911086754,4.25));
#11633=CARTESIAN_POINT('',(12.25,158.215911086754,4.25));
#11634=CARTESIAN_POINT('',(7.13440855696339,149.35544679665,4.25));
#11635=CARTESIAN_POINT('',(12.25,158.215911086754,6.95));
#11636=CARTESIAN_POINT('',(12.25,158.215911086754,4.25));
#11637=CARTESIAN_POINT('',(7.13440855696339,149.35544679665,6.95));
#11638=CARTESIAN_POINT('Origin',(8.75,158.215911086754,4.25));
#11639=CARTESIAN_POINT('',(52.688,158.215911086754,4.25));
#11640=CARTESIAN_POINT('',(52.688,158.215911086754,6.95));
#11641=CARTESIAN_POINT('Origin',(96.626,85.8735,6.95));
#11642=CARTESIAN_POINT('Origin',(96.626,85.8735,4.25));
#11643=CARTESIAN_POINT('Origin',(184.502,7.46891108675445,4.25));
#11644=CARTESIAN_POINT('',(184.502,7.46891108675445,4.25));
#11645=CARTESIAN_POINT('',(186.252,10.5,4.25));
#11646=CARTESIAN_POINT('',(190.492591443037,17.8449198334812,4.25));
#11647=CARTESIAN_POINT('',(184.502,7.46891108675445,6.95));
#11648=CARTESIAN_POINT('',(184.502,7.46891108675445,4.25));
#11649=CARTESIAN_POINT('',(186.252,10.5,6.95));
#11650=CARTESIAN_POINT('',(190.492591443037,17.8449198334812,6.95));
#11651=CARTESIAN_POINT('',(186.252,10.5,4.25));
#11652=CARTESIAN_POINT('Origin',(181.002,7.46891108675445,4.25));
#11653=CARTESIAN_POINT('',(181.002,7.46891108675446,4.25));
#11654=CARTESIAN_POINT('',(138.814,7.46891108675445,4.25));
#11655=CARTESIAN_POINT('',(181.002,7.46891108675446,6.95));
#11656=CARTESIAN_POINT('',(181.002,7.46891108675446,4.25));
#11657=CARTESIAN_POINT('',(138.814,7.46891108675445,6.95));
#11658=CARTESIAN_POINT('Origin',(179.252,10.5,4.25));
#11659=CARTESIAN_POINT('',(179.252,10.5,4.25));
#11660=CARTESIAN_POINT('',(152.604908556963,56.6541162532733,4.25));
#11661=CARTESIAN_POINT('',(179.252,10.5,6.95));
#11662=CARTESIAN_POINT('',(179.252,10.5,4.25));
#11663=CARTESIAN_POINT('',(152.604908556963,56.6541162532733,6.95));
#11664=CARTESIAN_POINT('Origin',(181.002,13.5310889132456,4.25));
#11665=CARTESIAN_POINT('',(181.002,13.5310889132456,4.25));
#11666=CARTESIAN_POINT('',(186.117591443037,22.3915532033496,4.25));
#11667=CARTESIAN_POINT('',(181.002,13.5310889132456,6.95));
#11668=CARTESIAN_POINT('',(181.002,13.5310889132456,4.25));
#11669=CARTESIAN_POINT('',(186.117591443037,22.3915532033496,6.95));
#11670=CARTESIAN_POINT('Origin',(184.502,13.5310889132455,4.25));
#11671=CARTESIAN_POINT('',(184.502,13.5310889132455,4.25));
#11672=CARTESIAN_POINT('',(140.564,13.5310889132455,4.25));
#11673=CARTESIAN_POINT('',(184.502,13.5310889132455,6.95));
#11674=CARTESIAN_POINT('',(184.502,13.5310889132455,4.25));
#11675=CARTESIAN_POINT('',(140.564,13.5310889132455,6.95));
#11676=CARTESIAN_POINT('Origin',(186.252,10.5,4.25));
#11677=CARTESIAN_POINT('',(158.729908556963,58.169660709896,4.25));
#11678=CARTESIAN_POINT('',(158.729908556963,58.169660709896,6.95));
#11679=CARTESIAN_POINT('Origin',(96.626,85.8735,6.95));
#11680=CARTESIAN_POINT('Origin',(96.626,85.8735,4.25));
#11681=CARTESIAN_POINT('Origin',(6.99999999999998,10.5,4.25));
#11682=CARTESIAN_POINT('',(6.99999999999999,10.5,4.25));
#11683=CARTESIAN_POINT('',(8.75,7.46891108675446,4.25));
#11684=CARTESIAN_POINT('',(1.88440855696342,19.3604642901039,4.25));
#11685=CARTESIAN_POINT('',(6.99999999999999,10.5,6.95));
#11686=CARTESIAN_POINT('',(6.99999999999999,10.5,4.25));
#11687=CARTESIAN_POINT('',(8.75,7.46891108675446,6.95));
#11688=CARTESIAN_POINT('',(1.88440855696342,19.3604642901039,6.95));
#11689=CARTESIAN_POINT('',(8.75,7.46891108675446,4.25));
#11690=CARTESIAN_POINT('Origin',(8.75,13.5310889132455,4.25));
#11691=CARTESIAN_POINT('',(8.75,13.5310889132455,4.25));
#11692=CARTESIAN_POINT('',(35.3970914430365,59.6852051665188,4.25));
#11693=CARTESIAN_POINT('',(8.75,13.5310889132455,6.95));
#11694=CARTESIAN_POINT('',(8.75,13.5310889132455,4.25));
#11695=CARTESIAN_POINT('',(35.3970914430365,59.6852051665188,6.95));
#11696=CARTESIAN_POINT('Origin',(12.25,13.5310889132455,4.25));
#11697=CARTESIAN_POINT('',(12.25,13.5310889132455,4.25));
#11698=CARTESIAN_POINT('',(54.438,13.5310889132455,4.25));
#11699=CARTESIAN_POINT('',(12.25,13.5310889132455,6.95));
#11700=CARTESIAN_POINT('',(12.25,13.5310889132455,4.25));
#11701=CARTESIAN_POINT('',(54.438,13.5310889132455,6.95));
#11702=CARTESIAN_POINT('Origin',(14.,10.5,4.25));
#11703=CARTESIAN_POINT('',(14.,10.5,4.25));
#11704=CARTESIAN_POINT('',(8.0094085569634,20.8760087467268,4.25));
#11705=CARTESIAN_POINT('',(14.,10.5,6.95));
#11706=CARTESIAN_POINT('',(14.,10.5,4.25));
#11707=CARTESIAN_POINT('',(8.0094085569634,20.8760087467268,6.95));
#11708=CARTESIAN_POINT('Origin',(12.25,7.46891108675446,4.25));
#11709=CARTESIAN_POINT('',(12.25,7.46891108675446,4.25));
#11710=CARTESIAN_POINT('',(39.7720914430366,55.1385717966505,4.25));
#11711=CARTESIAN_POINT('',(12.25,7.46891108675446,6.95));
#11712=CARTESIAN_POINT('',(12.25,7.46891108675446,4.25));
#11713=CARTESIAN_POINT('',(39.7720914430366,55.1385717966505,6.95));
#11714=CARTESIAN_POINT('Origin',(8.75,7.46891108675445,4.25));
#11715=CARTESIAN_POINT('',(52.688,7.46891108675445,4.25));
#11716=CARTESIAN_POINT('',(52.688,7.46891108675445,6.95));
#11717=CARTESIAN_POINT('Origin',(96.626,85.8735,6.95));
#11718=CARTESIAN_POINT('Origin',(96.626,85.8735,4.25));
#11719=CARTESIAN_POINT('Origin',(88.3759992847443,102.371999761581,80.));
#11720=CARTESIAN_POINT('',(88.3759992847443,102.371999761581,80.));
#11721=CARTESIAN_POINT('',(88.3759992847443,104.696074268341,80.));
#11722=CARTESIAN_POINT('',(88.3759992847443,102.371999761581,80.));
#11723=CARTESIAN_POINT('',(88.3759992847443,104.696074268341,77.));
#11724=CARTESIAN_POINT('',(88.3759992847443,104.696074268341,80.));
#11725=CARTESIAN_POINT('',(88.3759992847443,102.371999761581,77.));
#11726=CARTESIAN_POINT('',(88.3759992847443,102.371999761581,77.));
#11727=CARTESIAN_POINT('',(88.3759992847443,102.371999761581,80.));
#11728=CARTESIAN_POINT('Origin',(89.7324805984497,102.371999761581,80.));
#11729=CARTESIAN_POINT('',(89.7324805984497,102.371999761581,80.));
#11730=CARTESIAN_POINT('',(89.7324805984497,102.371999761581,80.));
#11731=CARTESIAN_POINT('',(89.7324805984497,102.371999761581,77.));
#11732=CARTESIAN_POINT('',(89.7324805984497,102.371999761581,77.));
#11733=CARTESIAN_POINT('',(89.7324805984497,102.371999761581,80.));
#11734=CARTESIAN_POINT('Origin',(89.7324805984497,108.367371103287,80.));
#11735=CARTESIAN_POINT('',(89.7324805984497,108.367371103287,80.));
#11736=CARTESIAN_POINT('',(89.7324805984497,108.367371103287,80.));
#11737=CARTESIAN_POINT('',(89.7324805984497,108.367371103287,77.));
#11738=CARTESIAN_POINT('',(89.7324805984497,108.367371103287,77.));
#11739=CARTESIAN_POINT('',(89.7324805984497,108.367371103287,80.));
#11740=CARTESIAN_POINT('Origin',(88.3759992847443,108.367371103287,80.));
#11741=CARTESIAN_POINT('',(88.3759992847443,108.367371103287,80.));
#11742=CARTESIAN_POINT('',(88.3759992847443,108.367371103287,80.));
#11743=CARTESIAN_POINT('',(88.3759992847443,108.367371103287,77.));
#11744=CARTESIAN_POINT('',(88.3759992847443,108.367371103287,77.));
#11745=CARTESIAN_POINT('',(88.3759992847443,108.367371103287,80.));
#11746=CARTESIAN_POINT('Origin',(88.3759992847443,106.043296596527,80.));
#11747=CARTESIAN_POINT('',(88.3759992847443,106.043296596527,80.));
#11748=CARTESIAN_POINT('',(88.3759992847443,106.043296596527,80.));
#11749=CARTESIAN_POINT('',(88.3759992847443,106.043296596527,77.));
#11750=CARTESIAN_POINT('',(88.3759992847443,106.043296596527,77.));
#11751=CARTESIAN_POINT('',(88.3759992847443,106.043296596527,80.));
#11752=CARTESIAN_POINT('Origin',(86.2463697323799,106.043296596527,80.));
#11753=CARTESIAN_POINT('',(86.2463697323799,106.043296596527,80.));
#11754=CARTESIAN_POINT('',(86.2463697323799,106.043296596527,80.));
#11755=CARTESIAN_POINT('',(86.2463697323799,106.043296596527,77.));
#11756=CARTESIAN_POINT('',(86.2463697323799,106.043296596527,77.));
#11757=CARTESIAN_POINT('',(86.2463697323799,106.043296596527,80.));
#11758=CARTESIAN_POINT('Origin',(86.2463697323799,108.367371103287,80.));
#11759=CARTESIAN_POINT('',(86.2463697323799,108.367371103287,80.));
#11760=CARTESIAN_POINT('',(86.2463697323799,108.367371103287,80.));
#11761=CARTESIAN_POINT('',(86.2463697323799,108.367371103287,77.));
#11762=CARTESIAN_POINT('',(86.2463697323799,108.367371103287,77.));
#11763=CARTESIAN_POINT('',(86.2463697323799,108.367371103287,80.));
#11764=CARTESIAN_POINT('Origin',(84.8898881206512,108.367371103287,80.));
#11765=CARTESIAN_POINT('',(84.8898881206512,108.367371103287,80.));
#11766=CARTESIAN_POINT('',(84.8898881206512,108.367371103287,80.));
#11767=CARTESIAN_POINT('',(84.8898881206512,108.367371103287,77.));
#11768=CARTESIAN_POINT('',(84.8898881206512,108.367371103287,77.));
#11769=CARTESIAN_POINT('',(84.8898881206512,108.367371103287,80.));
#11770=CARTESIAN_POINT('Origin',(84.8898881206512,102.371999761581,80.));
#11771=CARTESIAN_POINT('',(84.8898881206512,102.371999761581,80.));
#11772=CARTESIAN_POINT('',(84.8898881206512,102.371999761581,80.));
#11773=CARTESIAN_POINT('',(84.8898881206512,102.371999761581,77.));
#11774=CARTESIAN_POINT('',(84.8898881206512,102.371999761581,77.));
#11775=CARTESIAN_POINT('',(84.8898881206512,102.371999761581,80.));
#11776=CARTESIAN_POINT('Origin',(86.2463697323799,102.371999761581,80.));
#11777=CARTESIAN_POINT('',(86.2463697323799,102.371999761581,80.));
#11778=CARTESIAN_POINT('',(86.2463697323799,102.371999761581,80.));
#11779=CARTESIAN_POINT('',(86.2463697323799,102.371999761581,77.));
#11780=CARTESIAN_POINT('',(86.2463697323799,102.371999761581,77.));
#11781=CARTESIAN_POINT('',(86.2463697323799,102.371999761581,80.));
#11782=CARTESIAN_POINT('Origin',(86.2463697323799,104.696074268341,80.));
#11783=CARTESIAN_POINT('',(86.2463697323799,104.696074268341,80.));
#11784=CARTESIAN_POINT('',(86.2463697323799,104.696074268341,80.));
#11785=CARTESIAN_POINT('',(86.2463697323799,104.696074268341,77.));
#11786=CARTESIAN_POINT('',(86.2463697323799,104.696074268341,77.));
#11787=CARTESIAN_POINT('',(86.2463697323799,104.696074268341,80.));
#11788=CARTESIAN_POINT('Origin',(88.3759992847443,104.696074268341,80.));
#11789=CARTESIAN_POINT('',(88.3759992847443,104.696074268341,80.));
#11790=CARTESIAN_POINT('',(88.3759992847443,104.696074268341,77.));
#11791=CARTESIAN_POINT('Origin',(87.3111843595505,105.369685432434,80.));
#11792=CARTESIAN_POINT('Origin',(87.3111843595505,105.369685432434,77.));
#11793=CARTESIAN_POINT('Origin',(58.7926672229767,104.696074268341,80.));
#11794=CARTESIAN_POINT('',(58.7926672229767,104.696074268341,80.));
#11795=CARTESIAN_POINT('',(56.468592716217,104.696074268341,80.));
#11796=CARTESIAN_POINT('',(58.7926672229767,104.696074268341,80.));
#11797=CARTESIAN_POINT('',(56.468592716217,104.696074268341,77.));
#11798=CARTESIAN_POINT('',(56.468592716217,104.696074268341,80.));
#11799=CARTESIAN_POINT('',(58.7926672229767,104.696074268341,77.));
#11800=CARTESIAN_POINT('',(58.7926672229767,104.696074268341,77.));
#11801=CARTESIAN_POINT('',(58.7926672229767,104.696074268341,80.));
#11802=CARTESIAN_POINT('Origin',(58.7926672229767,106.043296596527,80.));
#11803=CARTESIAN_POINT('',(58.7926672229767,106.043296596527,80.));
#11804=CARTESIAN_POINT('',(58.7926672229767,106.043296596527,80.));
#11805=CARTESIAN_POINT('',(58.7926672229767,106.043296596527,77.));
#11806=CARTESIAN_POINT('',(58.7926672229767,106.043296596527,77.));
#11807=CARTESIAN_POINT('',(58.7926672229767,106.043296596527,80.));
#11808=CARTESIAN_POINT('Origin',(56.468592716217,106.043296596527,80.));
#11809=CARTESIAN_POINT('',(56.468592716217,106.043296596527,80.));
#11810=CARTESIAN_POINT('',(56.468592716217,106.043296596527,80.));
#11811=CARTESIAN_POINT('',(56.468592716217,106.043296596527,77.));
#11812=CARTESIAN_POINT('',(56.468592716217,106.043296596527,77.));
#11813=CARTESIAN_POINT('',(56.468592716217,106.043296596527,80.));
#11814=CARTESIAN_POINT('Origin',(56.468592716217,107.020148775101,80.));
#11815=CARTESIAN_POINT('',(56.468592716217,107.020148775101,80.));
#11816=CARTESIAN_POINT('',(56.468592716217,107.020148775101,80.));
#11817=CARTESIAN_POINT('',(56.468592716217,107.020148775101,77.));
#11818=CARTESIAN_POINT('',(56.468592716217,107.020148775101,77.));
#11819=CARTESIAN_POINT('',(56.468592716217,107.020148775101,80.));
#11820=CARTESIAN_POINT('Origin',(59.954705072403,107.020148775101,80.));
#11821=CARTESIAN_POINT('',(59.954705072403,107.020148775101,80.));
#11822=CARTESIAN_POINT('',(59.954705072403,107.020148775101,80.));
#11823=CARTESIAN_POINT('',(59.954705072403,107.020148775101,77.));
#11824=CARTESIAN_POINT('',(59.954705072403,107.020148775101,77.));
#11825=CARTESIAN_POINT('',(59.954705072403,107.020148775101,80.));
#11826=CARTESIAN_POINT('Origin',(59.954705072403,108.367371103287,80.));
#11827=CARTESIAN_POINT('',(59.954705072403,108.367371103287,80.));
#11828=CARTESIAN_POINT('',(59.954705072403,108.367371103287,80.));
#11829=CARTESIAN_POINT('',(59.954705072403,108.367371103287,77.));
#11830=CARTESIAN_POINT('',(59.954705072403,108.367371103287,77.));
#11831=CARTESIAN_POINT('',(59.954705072403,108.367371103287,80.));
#11832=CARTESIAN_POINT('Origin',(55.1121114025116,108.367371103287,80.));
#11833=CARTESIAN_POINT('',(55.1121114025116,108.367371103287,80.));
#11834=CARTESIAN_POINT('',(55.1121114025116,108.367371103287,80.));
#11835=CARTESIAN_POINT('',(55.1121114025116,108.367371103287,77.));
#11836=CARTESIAN_POINT('',(55.1121114025116,108.367371103287,77.));
#11837=CARTESIAN_POINT('',(55.1121114025116,108.367371103287,80.));
#11838=CARTESIAN_POINT('Origin',(55.1121114025116,102.371999761581,80.));
#11839=CARTESIAN_POINT('',(55.1121114025116,102.371999761581,80.));
#11840=CARTESIAN_POINT('',(55.1121114025116,102.371999761581,80.));
#11841=CARTESIAN_POINT('',(55.1121114025116,102.371999761581,77.));
#11842=CARTESIAN_POINT('',(55.1121114025116,102.371999761581,77.));
#11843=CARTESIAN_POINT('',(55.1121114025116,102.371999761581,80.));
#11844=CARTESIAN_POINT('Origin',(59.954705072403,102.371999761581,80.));
#11845=CARTESIAN_POINT('',(59.954705072403,102.371999761581,80.));
#11846=CARTESIAN_POINT('',(59.954705072403,102.371999761581,80.));
#11847=CARTESIAN_POINT('',(59.954705072403,102.371999761581,77.));
#11848=CARTESIAN_POINT('',(59.954705072403,102.371999761581,77.));
#11849=CARTESIAN_POINT('',(59.954705072403,102.371999761581,80.));
#11850=CARTESIAN_POINT('Origin',(59.954705072403,103.719222089767,80.));
#11851=CARTESIAN_POINT('',(59.954705072403,103.719222089767,80.));
#11852=CARTESIAN_POINT('',(59.954705072403,103.719222089767,80.));
#11853=CARTESIAN_POINT('',(59.954705072403,103.719222089767,77.));
#11854=CARTESIAN_POINT('',(59.954705072403,103.719222089767,77.));
#11855=CARTESIAN_POINT('',(59.954705072403,103.719222089767,80.));
#11856=CARTESIAN_POINT('Origin',(56.468592716217,103.719222089767,80.));
#11857=CARTESIAN_POINT('',(56.468592716217,103.719222089767,80.));
#11858=CARTESIAN_POINT('',(56.468592716217,103.719222089767,80.));
#11859=CARTESIAN_POINT('',(56.468592716217,103.719222089767,77.));
#11860=CARTESIAN_POINT('',(56.468592716217,103.719222089767,77.));
#11861=CARTESIAN_POINT('',(56.468592716217,103.719222089767,80.));
#11862=CARTESIAN_POINT('Origin',(56.468592716217,104.696074268341,80.));
#11863=CARTESIAN_POINT('',(56.468592716217,104.696074268341,80.));
#11864=CARTESIAN_POINT('',(56.468592716217,104.696074268341,77.));
#11865=CARTESIAN_POINT('Origin',(57.5334082374573,105.369685432434,80.));
#11866=CARTESIAN_POINT('Origin',(57.5334082374573,105.369685432434,77.));
#11867=CARTESIAN_POINT('Origin',(143.380630088806,107.020148775101,80.));
#11868=CARTESIAN_POINT('',(143.380630088806,106.043296596527,80.));
#11869=CARTESIAN_POINT('',(143.380630088806,107.020148775101,80.));
#11870=CARTESIAN_POINT('',(143.380630088806,107.020148775101,80.));
#11871=CARTESIAN_POINT('',(143.380630088806,106.043296596527,77.));
#11872=CARTESIAN_POINT('',(143.380630088806,106.043296596527,80.));
#11873=CARTESIAN_POINT('',(143.380630088806,107.020148775101,77.));
#11874=CARTESIAN_POINT('',(143.380630088806,107.020148775101,77.));
#11875=CARTESIAN_POINT('',(143.380630088806,107.020148775101,80.));
#11876=CARTESIAN_POINT('Origin',(145.510261131287,107.020148775101,80.));
#11877=CARTESIAN_POINT('',(145.510261131287,107.020148775101,80.));
#11878=CARTESIAN_POINT('',(145.704705787659,107.020148775101,80.));
#11879=CARTESIAN_POINT('',(145.510261131287,107.020148775101,77.));
#11880=CARTESIAN_POINT('',(145.704705787659,107.020148775101,77.));
#11881=CARTESIAN_POINT('',(145.510261131287,107.020148775101,80.));
#11882=CARTESIAN_POINT('Origin',(145.510261131287,106.043296596527,80.));
#11883=CARTESIAN_POINT('',(145.510261131287,106.043296596527,80.));
#11884=CARTESIAN_POINT('',(145.510261131287,105.858110925674,80.));
#11885=CARTESIAN_POINT('',(145.510261131287,106.043296596527,77.));
#11886=CARTESIAN_POINT('',(145.510261131287,105.858110925674,77.));
#11887=CARTESIAN_POINT('',(145.510261131287,106.043296596527,80.));
#11888=CARTESIAN_POINT('Origin',(143.380630088806,106.043296596527,80.));
#11889=CARTESIAN_POINT('',(143.380630088806,106.043296596527,80.));
#11890=CARTESIAN_POINT('',(143.380630088806,106.043296596527,77.));
#11891=CARTESIAN_POINT('Origin',(145.704705787659,105.858110925674,80.));
#11892=CARTESIAN_POINT('',(145.704705787659,105.858110925674,80.));
#11893=CARTESIAN_POINT('',(145.704705787659,104.881258747101,80.));
#11894=CARTESIAN_POINT('',(145.704705787659,106.043296596527,80.));
#11895=CARTESIAN_POINT('',(145.704705787659,104.881258747101,77.));
#11896=CARTESIAN_POINT('',(145.704705787659,104.881258747101,80.));
#11897=CARTESIAN_POINT('',(145.704705787659,105.858110925674,77.));
#11898=CARTESIAN_POINT('',(145.704705787659,106.043296596527,77.));
#11899=CARTESIAN_POINT('',(145.704705787659,105.858110925674,80.));
#11900=CARTESIAN_POINT('Origin',(146.866743637085,105.858110925674,80.));
#11901=CARTESIAN_POINT('',(146.866743637085,105.858110925674,80.));
#11902=CARTESIAN_POINT('',(146.866743637085,105.858110925674,80.));
#11903=CARTESIAN_POINT('',(146.866743637085,105.858110925674,77.));
#11904=CARTESIAN_POINT('',(146.866743637085,105.858110925674,77.));
#11905=CARTESIAN_POINT('',(146.866743637085,105.858110925674,80.));
#11906=CARTESIAN_POINT('Origin',(146.866743637085,107.20533325386,80.));
#11907=CARTESIAN_POINT('',(146.866743637085,107.20533325386,80.));
#11908=CARTESIAN_POINT('',(146.866743637085,107.20533325386,80.));
#11909=CARTESIAN_POINT('',(146.866743637085,107.20533325386,77.));
#11910=CARTESIAN_POINT('',(146.866743637085,107.20533325386,77.));
#11911=CARTESIAN_POINT('',(146.866743637085,107.20533325386,80.));
#11912=CARTESIAN_POINT('Origin',(145.704705787659,107.20533325386,80.));
#11913=CARTESIAN_POINT('',(145.704705787659,107.20533325386,80.));
#11914=CARTESIAN_POINT('',(145.510261131287,107.20533325386,80.));
#11915=CARTESIAN_POINT('',(145.704705787659,107.20533325386,77.));
#11916=CARTESIAN_POINT('',(145.510261131287,107.20533325386,77.));
#11917=CARTESIAN_POINT('',(145.704705787659,107.20533325386,80.));
#11918=CARTESIAN_POINT('Origin',(145.704705787659,108.367371103287,80.));
#11919=CARTESIAN_POINT('',(145.704705787659,108.367371103287,80.));
#11920=CARTESIAN_POINT('',(145.704705787659,108.367371103287,80.));
#11921=CARTESIAN_POINT('',(145.704705787659,108.367371103287,77.));
#11922=CARTESIAN_POINT('',(145.704705787659,108.367371103287,77.));
#11923=CARTESIAN_POINT('',(145.704705787659,108.367371103287,80.));
#11924=CARTESIAN_POINT('Origin',(142.024148775101,108.367371103287,80.));
#11925=CARTESIAN_POINT('',(142.024148775101,108.367371103287,80.));
#11926=CARTESIAN_POINT('',(142.024148775101,108.367371103287,80.));
#11927=CARTESIAN_POINT('',(142.024148775101,108.367371103287,77.));
#11928=CARTESIAN_POINT('',(142.024148775101,108.367371103287,77.));
#11929=CARTESIAN_POINT('',(142.024148775101,108.367371103287,80.));
#11930=CARTESIAN_POINT('Origin',(142.024148775101,102.371999761581,80.));
#11931=CARTESIAN_POINT('',(142.024148775101,102.371999761581,80.));
#11932=CARTESIAN_POINT('',(142.024148775101,102.371999761581,80.));
#11933=CARTESIAN_POINT('',(142.024148775101,102.371999761581,77.));
#11934=CARTESIAN_POINT('',(142.024148775101,102.371999761581,77.));
#11935=CARTESIAN_POINT('',(142.024148775101,102.371999761581,80.));
#11936=CARTESIAN_POINT('Origin',(143.380630088806,102.371999761581,80.));
#11937=CARTESIAN_POINT('',(143.380630088806,102.371999761581,80.));
#11938=CARTESIAN_POINT('',(143.380630088806,102.371999761581,80.));
#11939=CARTESIAN_POINT('',(143.380630088806,102.371999761581,77.));
#11940=CARTESIAN_POINT('',(143.380630088806,102.371999761581,77.));
#11941=CARTESIAN_POINT('',(143.380630088806,102.371999761581,80.));
#11942=CARTESIAN_POINT('Origin',(143.380630088806,104.696074268341,80.));
#11943=CARTESIAN_POINT('',(143.380630088806,104.696074268341,80.));
#11944=CARTESIAN_POINT('',(143.380630088806,104.696074268341,80.));
#11945=CARTESIAN_POINT('',(143.380630088806,104.696074268341,77.));
#11946=CARTESIAN_POINT('',(143.380630088806,104.696074268341,77.));
#11947=CARTESIAN_POINT('',(143.380630088806,104.696074268341,80.));
#11948=CARTESIAN_POINT('Origin',(145.510261131287,104.696074268341,80.));
#11949=CARTESIAN_POINT('',(145.510261131287,104.696074268341,80.));
#11950=CARTESIAN_POINT('',(145.704705787659,104.696074268341,80.));
#11951=CARTESIAN_POINT('',(145.510261131287,104.696074268341,77.));
#11952=CARTESIAN_POINT('',(145.704705787659,104.696074268341,77.));
#11953=CARTESIAN_POINT('',(145.510261131287,104.696074268341,80.));
#11954=CARTESIAN_POINT('Origin',(145.510261131287,102.371999761581,80.));
#11955=CARTESIAN_POINT('',(145.510261131287,102.371999761581,80.));
#11956=CARTESIAN_POINT('',(145.510261131287,102.371999761581,80.));
#11957=CARTESIAN_POINT('',(145.510261131287,102.371999761581,77.));
#11958=CARTESIAN_POINT('',(145.510261131287,102.371999761581,77.));
#11959=CARTESIAN_POINT('',(145.510261131287,102.371999761581,80.));
#11960=CARTESIAN_POINT('Origin',(146.866743637085,102.371999761581,80.));
#11961=CARTESIAN_POINT('',(146.866743637085,102.371999761581,80.));
#11962=CARTESIAN_POINT('',(146.866743637085,102.371999761581,80.));
#11963=CARTESIAN_POINT('',(146.866743637085,102.371999761581,77.));
#11964=CARTESIAN_POINT('',(146.866743637085,102.371999761581,77.));
#11965=CARTESIAN_POINT('',(146.866743637085,102.371999761581,80.));
#11966=CARTESIAN_POINT('Origin',(146.866743637085,104.881258747101,80.));
#11967=CARTESIAN_POINT('',(146.866743637085,104.881258747101,80.));
#11968=CARTESIAN_POINT('',(146.866743637085,104.881258747101,80.));
#11969=CARTESIAN_POINT('',(146.866743637085,104.881258747101,77.));
#11970=CARTESIAN_POINT('',(146.866743637085,104.881258747101,77.));
#11971=CARTESIAN_POINT('',(146.866743637085,104.881258747101,80.));
#11972=CARTESIAN_POINT('Origin',(145.704705787659,104.881258747101,80.));
#11973=CARTESIAN_POINT('',(145.510261131287,104.881258747101,80.));
#11974=CARTESIAN_POINT('',(145.510261131287,104.881258747101,77.));
#11975=CARTESIAN_POINT('Origin',(144.445446206093,105.369685432434,80.));
#11976=CARTESIAN_POINT('Origin',(144.445446206093,105.369685432434,77.));
#11977=CARTESIAN_POINT('Origin',(137.556555343628,106.043296596527,80.));
#11978=CARTESIAN_POINT('',(139.686185194016,106.043296596527,80.));
#11979=CARTESIAN_POINT('',(137.556555343628,106.043296596527,80.));
#11980=CARTESIAN_POINT('',(137.556555343628,106.043296596527,80.));
#11981=CARTESIAN_POINT('',(139.686185194016,106.043296596527,77.));
#11982=CARTESIAN_POINT('',(139.686185194016,106.043296596527,80.));
#11983=CARTESIAN_POINT('',(137.556555343628,106.043296596527,77.));
#11984=CARTESIAN_POINT('',(137.556555343628,106.043296596527,77.));
#11985=CARTESIAN_POINT('',(137.556555343628,106.043296596527,80.));
#11986=CARTESIAN_POINT('Origin',(137.556555343628,107.020148775101,80.));
#11987=CARTESIAN_POINT('',(137.556555343628,107.020148775101,80.));
#11988=CARTESIAN_POINT('',(137.556555343628,107.20533325386,80.));
#11989=CARTESIAN_POINT('',(137.556555343628,107.020148775101,77.));
#11990=CARTESIAN_POINT('',(137.556555343628,107.20533325386,77.));
#11991=CARTESIAN_POINT('',(137.556555343628,107.020148775101,80.));
#11992=CARTESIAN_POINT('Origin',(139.686185194016,107.020148775101,80.));
#11993=CARTESIAN_POINT('',(139.686185194016,107.020148775101,80.));
#11994=CARTESIAN_POINT('',(139.880629850388,107.020148775101,80.));
#11995=CARTESIAN_POINT('',(139.686185194016,107.020148775101,77.));
#11996=CARTESIAN_POINT('',(139.880629850388,107.020148775101,77.));
#11997=CARTESIAN_POINT('',(139.686185194016,107.020148775101,80.));
#11998=CARTESIAN_POINT('Origin',(139.686185194016,106.043296596527,80.));
#11999=CARTESIAN_POINT('',(139.686185194016,106.043296596527,80.));
#12000=CARTESIAN_POINT('',(139.686185194016,106.043296596527,77.));
#12001=CARTESIAN_POINT('Origin',(139.686185194016,102.371999761581,80.));
#12002=CARTESIAN_POINT('',(139.686185194016,102.371999761581,80.));
#12003=CARTESIAN_POINT('',(139.686185194016,104.696074268341,80.));
#12004=CARTESIAN_POINT('',(139.686185194016,102.371999761581,80.));
#12005=CARTESIAN_POINT('',(139.686185194016,104.696074268341,77.));
#12006=CARTESIAN_POINT('',(139.686185194016,104.696074268341,80.));
#12007=CARTESIAN_POINT('',(139.686185194016,102.371999761581,77.));
#12008=CARTESIAN_POINT('',(139.686185194016,102.371999761581,77.));
#12009=CARTESIAN_POINT('',(139.686185194016,102.371999761581,80.));
#12010=CARTESIAN_POINT('Origin',(141.042666507721,102.371999761581,80.));
#12011=CARTESIAN_POINT('',(141.042666507721,102.371999761581,80.));
#12012=CARTESIAN_POINT('',(141.042666507721,102.371999761581,80.));
#12013=CARTESIAN_POINT('',(141.042666507721,102.371999761581,77.));
#12014=CARTESIAN_POINT('',(141.042666507721,102.371999761581,77.));
#12015=CARTESIAN_POINT('',(141.042666507721,102.371999761581,80.));
#12016=CARTESIAN_POINT('Origin',(141.042666507721,107.20533325386,80.));
#12017=CARTESIAN_POINT('',(141.042666507721,107.20533325386,80.));
#12018=CARTESIAN_POINT('',(141.042666507721,107.20533325386,80.));
#12019=CARTESIAN_POINT('',(141.042666507721,107.20533325386,77.));
#12020=CARTESIAN_POINT('',(141.042666507721,107.20533325386,77.));
#12021=CARTESIAN_POINT('',(141.042666507721,107.20533325386,80.));
#12022=CARTESIAN_POINT('Origin',(139.880629850388,107.20533325386,80.));
#12023=CARTESIAN_POINT('',(139.880629850388,107.20533325386,80.));
#12024=CARTESIAN_POINT('',(139.686185194016,107.20533325386,80.));
#12025=CARTESIAN_POINT('',(139.880629850388,107.20533325386,77.));
#12026=CARTESIAN_POINT('',(139.686185194016,107.20533325386,77.));
#12027=CARTESIAN_POINT('',(139.880629850388,107.20533325386,80.));
#12028=CARTESIAN_POINT('Origin',(139.880629850388,108.367371103287,80.));
#12029=CARTESIAN_POINT('',(139.880629850388,108.367371103287,80.));
#12030=CARTESIAN_POINT('',(139.880629850388,108.367371103287,80.));
#12031=CARTESIAN_POINT('',(139.880629850388,108.367371103287,77.));
#12032=CARTESIAN_POINT('',(139.880629850388,108.367371103287,77.));
#12033=CARTESIAN_POINT('',(139.880629850388,108.367371103287,80.));
#12034=CARTESIAN_POINT('Origin',(137.362110687256,108.367371103287,80.));
#12035=CARTESIAN_POINT('',(137.362110687256,108.367371103287,80.));
#12036=CARTESIAN_POINT('',(137.362110687256,108.367371103287,80.));
#12037=CARTESIAN_POINT('',(137.362110687256,108.367371103287,77.));
#12038=CARTESIAN_POINT('',(137.362110687256,108.367371103287,77.));
#12039=CARTESIAN_POINT('',(137.362110687256,108.367371103287,80.));
#12040=CARTESIAN_POINT('Origin',(137.362110687256,107.20533325386,80.));
#12041=CARTESIAN_POINT('',(137.362110687256,107.20533325386,80.));
#12042=CARTESIAN_POINT('',(137.362110687256,107.020148775101,80.));
#12043=CARTESIAN_POINT('',(137.362110687256,107.20533325386,77.));
#12044=CARTESIAN_POINT('',(137.362110687256,107.020148775101,77.));
#12045=CARTESIAN_POINT('',(137.362110687256,107.20533325386,80.));
#12046=CARTESIAN_POINT('Origin',(136.200074029923,107.20533325386,80.));
#12047=CARTESIAN_POINT('',(136.200074029923,107.20533325386,80.));
#12048=CARTESIAN_POINT('',(136.200074029923,107.20533325386,80.));
#12049=CARTESIAN_POINT('',(136.200074029923,107.20533325386,77.));
#12050=CARTESIAN_POINT('',(136.200074029923,107.20533325386,77.));
#12051=CARTESIAN_POINT('',(136.200074029923,107.20533325386,80.));
#12052=CARTESIAN_POINT('Origin',(136.200074029923,102.371999761581,80.));
#12053=CARTESIAN_POINT('',(136.200074029923,102.371999761581,80.));
#12054=CARTESIAN_POINT('',(136.200074029923,102.371999761581,80.));
#12055=CARTESIAN_POINT('',(136.200074029923,102.371999761581,77.));
#12056=CARTESIAN_POINT('',(136.200074029923,102.371999761581,77.));
#12057=CARTESIAN_POINT('',(136.200074029923,102.371999761581,80.));
#12058=CARTESIAN_POINT('Origin',(137.556555343628,102.371999761581,80.));
#12059=CARTESIAN_POINT('',(137.556555343628,102.371999761581,80.));
#12060=CARTESIAN_POINT('',(137.556555343628,102.371999761581,80.));
#12061=CARTESIAN_POINT('',(137.556555343628,102.371999761581,77.));
#12062=CARTESIAN_POINT('',(137.556555343628,102.371999761581,77.));
#12063=CARTESIAN_POINT('',(137.556555343628,102.371999761581,80.));
#12064=CARTESIAN_POINT('Origin',(137.556555343628,104.696074268341,80.));
#12065=CARTESIAN_POINT('',(137.556555343628,104.696074268341,80.));
#12066=CARTESIAN_POINT('',(137.556555343628,104.696074268341,80.));
#12067=CARTESIAN_POINT('',(137.556555343628,104.696074268341,77.));
#12068=CARTESIAN_POINT('',(137.556555343628,104.696074268341,77.));
#12069=CARTESIAN_POINT('',(137.556555343628,104.696074268341,80.));
#12070=CARTESIAN_POINT('Origin',(139.686185194016,104.696074268341,80.));
#12071=CARTESIAN_POINT('',(139.686185194016,104.696074268341,80.));
#12072=CARTESIAN_POINT('',(139.686185194016,104.696074268341,77.));
#12073=CARTESIAN_POINT('Origin',(138.621370268822,105.369685432434,80.));
#12074=CARTESIAN_POINT('Origin',(138.621370268822,105.369685432434,77.));
#12075=CARTESIAN_POINT('Origin',(107.200074745178,104.696074268341,80.));
#12076=CARTESIAN_POINT('',(107.200074745178,104.696074268341,80.));
#12077=CARTESIAN_POINT('',(104.875999046326,104.696074268341,80.));
#12078=CARTESIAN_POINT('',(107.200074745178,104.696074268341,80.));
#12079=CARTESIAN_POINT('',(104.875999046326,104.696074268341,77.));
#12080=CARTESIAN_POINT('',(104.875999046326,104.696074268341,80.));
#12081=CARTESIAN_POINT('',(107.200074745178,104.696074268341,77.));
#12082=CARTESIAN_POINT('',(107.200074745178,104.696074268341,77.));
#12083=CARTESIAN_POINT('',(107.200074745178,104.696074268341,80.));
#12084=CARTESIAN_POINT('Origin',(107.200074745178,106.043296596527,80.));
#12085=CARTESIAN_POINT('',(107.200074745178,106.043296596527,80.));
#12086=CARTESIAN_POINT('',(107.200074745178,106.043296596527,80.));
#12087=CARTESIAN_POINT('',(107.200074745178,106.043296596527,77.));
#12088=CARTESIAN_POINT('',(107.200074745178,106.043296596527,77.));
#12089=CARTESIAN_POINT('',(107.200074745178,106.043296596527,80.));
#12090=CARTESIAN_POINT('Origin',(104.875999046326,106.043296596527,80.));
#12091=CARTESIAN_POINT('',(104.875999046326,106.043296596527,80.));
#12092=CARTESIAN_POINT('',(104.875999046326,106.043296596527,80.));
#12093=CARTESIAN_POINT('',(104.875999046326,106.043296596527,77.));
#12094=CARTESIAN_POINT('',(104.875999046326,106.043296596527,77.));
#12095=CARTESIAN_POINT('',(104.875999046326,106.043296596527,80.));
#12096=CARTESIAN_POINT('Origin',(104.875999046326,107.020148775101,80.));
#12097=CARTESIAN_POINT('',(104.875999046326,107.020148775101,80.));
#12098=CARTESIAN_POINT('',(104.875999046326,107.020148775101,80.));
#12099=CARTESIAN_POINT('',(104.875999046326,107.020148775101,77.));
#12100=CARTESIAN_POINT('',(104.875999046326,107.020148775101,77.));
#12101=CARTESIAN_POINT('',(104.875999046326,107.020148775101,80.));
#12102=CARTESIAN_POINT('Origin',(108.362112594604,107.020148775101,80.));
#12103=CARTESIAN_POINT('',(108.362112594604,107.020148775101,80.));
#12104=CARTESIAN_POINT('',(108.362112594604,107.020148775101,80.));
#12105=CARTESIAN_POINT('',(108.362112594604,107.020148775101,77.));
#12106=CARTESIAN_POINT('',(108.362112594604,107.020148775101,77.));
#12107=CARTESIAN_POINT('',(108.362112594604,107.020148775101,80.));
#12108=CARTESIAN_POINT('Origin',(108.362112594604,108.367371103287,80.));
#12109=CARTESIAN_POINT('',(108.362112594604,108.367371103287,80.));
#12110=CARTESIAN_POINT('',(108.362112594604,108.367371103287,80.));
#12111=CARTESIAN_POINT('',(108.362112594604,108.367371103287,77.));
#12112=CARTESIAN_POINT('',(108.362112594604,108.367371103287,77.));
#12113=CARTESIAN_POINT('',(108.362112594604,108.367371103287,80.));
#12114=CARTESIAN_POINT('Origin',(103.519518924713,108.367371103287,80.));
#12115=CARTESIAN_POINT('',(103.519518924713,108.367371103287,80.));
#12116=CARTESIAN_POINT('',(103.519518924713,108.367371103287,80.));
#12117=CARTESIAN_POINT('',(103.519518924713,108.367371103287,77.));
#12118=CARTESIAN_POINT('',(103.519518924713,108.367371103287,77.));
#12119=CARTESIAN_POINT('',(103.519518924713,108.367371103287,80.));
#12120=CARTESIAN_POINT('Origin',(103.519518924713,102.371999761581,80.));
#12121=CARTESIAN_POINT('',(103.519518924713,102.371999761581,80.));
#12122=CARTESIAN_POINT('',(103.519518924713,102.371999761581,80.));
#12123=CARTESIAN_POINT('',(103.519518924713,102.371999761581,77.));
#12124=CARTESIAN_POINT('',(103.519518924713,102.371999761581,77.));
#12125=CARTESIAN_POINT('',(103.519518924713,102.371999761581,80.));
#12126=CARTESIAN_POINT('Origin',(108.362112594604,102.371999761581,80.));
#12127=CARTESIAN_POINT('',(108.362112594604,102.371999761581,80.));
#12128=CARTESIAN_POINT('',(108.362112594604,102.371999761581,80.));
#12129=CARTESIAN_POINT('',(108.362112594604,102.371999761581,77.));
#12130=CARTESIAN_POINT('',(108.362112594604,102.371999761581,77.));
#12131=CARTESIAN_POINT('',(108.362112594604,102.371999761581,80.));
#12132=CARTESIAN_POINT('Origin',(108.362112594604,103.719222089767,80.));
#12133=CARTESIAN_POINT('',(108.362112594604,103.719222089767,80.));
#12134=CARTESIAN_POINT('',(108.362112594604,103.719222089767,80.));
#12135=CARTESIAN_POINT('',(108.362112594604,103.719222089767,77.));
#12136=CARTESIAN_POINT('',(108.362112594604,103.719222089767,77.));
#12137=CARTESIAN_POINT('',(108.362112594604,103.719222089767,80.));
#12138=CARTESIAN_POINT('Origin',(104.875999046326,103.719222089767,80.));
#12139=CARTESIAN_POINT('',(104.875999046326,103.719222089767,80.));
#12140=CARTESIAN_POINT('',(104.875999046326,103.719222089767,80.));
#12141=CARTESIAN_POINT('',(104.875999046326,103.719222089767,77.));
#12142=CARTESIAN_POINT('',(104.875999046326,103.719222089767,77.));
#12143=CARTESIAN_POINT('',(104.875999046326,103.719222089767,80.));
#12144=CARTESIAN_POINT('Origin',(104.875999046326,104.696074268341,80.));
#12145=CARTESIAN_POINT('',(104.875999046326,104.696074268341,80.));
#12146=CARTESIAN_POINT('',(104.875999046326,104.696074268341,77.));
#12147=CARTESIAN_POINT('Origin',(105.940815759659,105.369685432434,80.));
#12148=CARTESIAN_POINT('Origin',(105.940815759659,105.369685432434,77.));
#12149=CARTESIAN_POINT('Origin',(94.2000728378296,107.020148775101,80.));
#12150=CARTESIAN_POINT('',(92.0704441795349,107.020148775101,80.));
#12151=CARTESIAN_POINT('',(94.2000728378296,107.020148775101,80.));
#12152=CARTESIAN_POINT('',(94.3945174942017,107.020148775101,80.));
#12153=CARTESIAN_POINT('',(92.0704441795349,107.020148775101,77.));
#12154=CARTESIAN_POINT('',(92.0704441795349,107.020148775101,80.));
#12155=CARTESIAN_POINT('',(94.2000728378296,107.020148775101,77.));
#12156=CARTESIAN_POINT('',(94.3945174942017,107.020148775101,77.));
#12157=CARTESIAN_POINT('',(94.2000728378296,107.020148775101,80.));
#12158=CARTESIAN_POINT('Origin',(94.2000728378296,103.719222089767,80.));
#12159=CARTESIAN_POINT('',(94.2000728378296,103.719222089767,80.));
#12160=CARTESIAN_POINT('',(94.2000728378296,103.534036418915,80.));
#12161=CARTESIAN_POINT('',(94.2000728378296,103.719222089767,77.));
#12162=CARTESIAN_POINT('',(94.2000728378296,103.534036418915,77.));
#12163=CARTESIAN_POINT('',(94.2000728378296,103.719222089767,80.));
#12164=CARTESIAN_POINT('Origin',(92.0704441795349,103.719222089767,80.));
#12165=CARTESIAN_POINT('',(92.0704441795349,103.719222089767,80.));
#12166=CARTESIAN_POINT('',(91.8759995231628,103.719222089767,80.));
#12167=CARTESIAN_POINT('',(92.0704441795349,103.719222089767,77.));
#12168=CARTESIAN_POINT('',(91.8759995231628,103.719222089767,77.));
#12169=CARTESIAN_POINT('',(92.0704441795349,103.719222089767,80.));
#12170=CARTESIAN_POINT('Origin',(92.0704441795349,107.020148775101,80.));
#12171=CARTESIAN_POINT('',(92.0704441795349,107.20533325386,80.));
#12172=CARTESIAN_POINT('',(92.0704441795349,107.20533325386,77.));
#12173=CARTESIAN_POINT('Origin',(94.3945174942017,103.534036418915,80.));
#12174=CARTESIAN_POINT('',(94.3945174942017,103.534036418915,80.));
#12175=CARTESIAN_POINT('',(94.3945174942017,102.371999761581,80.));
#12176=CARTESIAN_POINT('',(94.3945174942017,103.719222089767,80.));
#12177=CARTESIAN_POINT('',(94.3945174942017,102.371999761581,77.));
#12178=CARTESIAN_POINT('',(94.3945174942017,102.371999761581,80.));
#12179=CARTESIAN_POINT('',(94.3945174942017,103.534036418915,77.));
#12180=CARTESIAN_POINT('',(94.3945174942017,103.719222089767,77.));
#12181=CARTESIAN_POINT('',(94.3945174942017,103.534036418915,80.));
#12182=CARTESIAN_POINT('Origin',(95.5565553436279,103.534036418915,80.));
#12183=CARTESIAN_POINT('',(95.5565553436279,103.534036418915,80.));
#12184=CARTESIAN_POINT('',(95.5565553436279,103.534036418915,80.));
#12185=CARTESIAN_POINT('',(95.5565553436279,103.534036418915,77.));
#12186=CARTESIAN_POINT('',(95.5565553436279,103.534036418915,77.));
#12187=CARTESIAN_POINT('',(95.5565553436279,103.534036418915,80.));
#12188=CARTESIAN_POINT('Origin',(95.5565553436279,107.20533325386,80.));
#12189=CARTESIAN_POINT('',(95.5565553436279,107.20533325386,80.));
#12190=CARTESIAN_POINT('',(95.5565553436279,107.20533325386,80.));
#12191=CARTESIAN_POINT('',(95.5565553436279,107.20533325386,77.));
#12192=CARTESIAN_POINT('',(95.5565553436279,107.20533325386,77.));
#12193=CARTESIAN_POINT('',(95.5565553436279,107.20533325386,80.));
#12194=CARTESIAN_POINT('Origin',(94.3945174942017,107.20533325386,80.));
#12195=CARTESIAN_POINT('',(94.3945174942017,107.20533325386,80.));
#12196=CARTESIAN_POINT('',(94.2000728378296,107.20533325386,80.));
#12197=CARTESIAN_POINT('',(94.3945174942017,107.20533325386,77.));
#12198=CARTESIAN_POINT('',(94.2000728378296,107.20533325386,77.));
#12199=CARTESIAN_POINT('',(94.3945174942017,107.20533325386,80.));
#12200=CARTESIAN_POINT('Origin',(94.3945174942017,108.367371103287,80.));
#12201=CARTESIAN_POINT('',(94.3945174942017,108.367371103287,80.));
#12202=CARTESIAN_POINT('',(94.3945174942017,108.367371103287,80.));
#12203=CARTESIAN_POINT('',(94.3945174942017,108.367371103287,77.));
#12204=CARTESIAN_POINT('',(94.3945174942017,108.367371103287,77.));
#12205=CARTESIAN_POINT('',(94.3945174942017,108.367371103287,80.));
#12206=CARTESIAN_POINT('Origin',(91.8759995231628,108.367371103287,80.));
#12207=CARTESIAN_POINT('',(91.8759995231628,108.367371103287,80.));
#12208=CARTESIAN_POINT('',(91.8759995231628,108.367371103287,80.));
#12209=CARTESIAN_POINT('',(91.8759995231628,108.367371103287,77.));
#12210=CARTESIAN_POINT('',(91.8759995231628,108.367371103287,77.));
#12211=CARTESIAN_POINT('',(91.8759995231628,108.367371103287,80.));
#12212=CARTESIAN_POINT('Origin',(91.8759995231628,107.20533325386,80.));
#12213=CARTESIAN_POINT('',(91.8759995231628,107.20533325386,80.));
#12214=CARTESIAN_POINT('',(91.8759995231628,107.020148775101,80.));
#12215=CARTESIAN_POINT('',(91.8759995231628,107.20533325386,77.));
#12216=CARTESIAN_POINT('',(91.8759995231628,107.020148775101,77.));
#12217=CARTESIAN_POINT('',(91.8759995231628,107.20533325386,80.));
#12218=CARTESIAN_POINT('Origin',(90.713962269783,107.20533325386,80.));
#12219=CARTESIAN_POINT('',(90.713962269783,107.20533325386,80.));
#12220=CARTESIAN_POINT('',(90.713962269783,107.20533325386,80.));
#12221=CARTESIAN_POINT('',(90.713962269783,107.20533325386,77.));
#12222=CARTESIAN_POINT('',(90.713962269783,107.20533325386,77.));
#12223=CARTESIAN_POINT('',(90.713962269783,107.20533325386,80.));
#12224=CARTESIAN_POINT('Origin',(90.713962269783,103.534036418915,80.));
#12225=CARTESIAN_POINT('',(90.713962269783,103.534036418915,80.));
#12226=CARTESIAN_POINT('',(90.713962269783,103.534036418915,80.));
#12227=CARTESIAN_POINT('',(90.713962269783,103.534036418915,77.));
#12228=CARTESIAN_POINT('',(90.713962269783,103.534036418915,77.));
#12229=CARTESIAN_POINT('',(90.713962269783,103.534036418915,80.));
#12230=CARTESIAN_POINT('Origin',(91.8759995231628,103.534036418915,80.));
#12231=CARTESIAN_POINT('',(91.8759995231628,103.534036418915,80.));
#12232=CARTESIAN_POINT('',(92.0704441795349,103.534036418915,80.));
#12233=CARTESIAN_POINT('',(91.8759995231628,103.534036418915,77.));
#12234=CARTESIAN_POINT('',(92.0704441795349,103.534036418915,77.));
#12235=CARTESIAN_POINT('',(91.8759995231628,103.534036418915,80.));
#12236=CARTESIAN_POINT('Origin',(91.8759995231628,102.371999761581,80.));
#12237=CARTESIAN_POINT('',(91.8759995231628,102.371999761581,80.));
#12238=CARTESIAN_POINT('',(91.8759995231628,102.371999761581,80.));
#12239=CARTESIAN_POINT('',(91.8759995231628,102.371999761581,77.));
#12240=CARTESIAN_POINT('',(91.8759995231628,102.371999761581,77.));
#12241=CARTESIAN_POINT('',(91.8759995231628,102.371999761581,80.));
#12242=CARTESIAN_POINT('Origin',(94.3945174942017,102.371999761581,80.));
#12243=CARTESIAN_POINT('',(94.3945174942017,102.371999761581,80.));
#12244=CARTESIAN_POINT('',(94.3945174942017,102.371999761581,77.));
#12245=CARTESIAN_POINT('Origin',(93.1352588067055,105.369685432434,80.));
#12246=CARTESIAN_POINT('Origin',(93.1352588067055,105.369685432434,77.));
#12247=CARTESIAN_POINT('Origin',(42.4871109256744,102.371999761581,80.));
#12248=CARTESIAN_POINT('',(42.4871109256744,102.371999761581,80.));
#12249=CARTESIAN_POINT('',(38.8065551052093,102.371999761581,80.));
#12250=CARTESIAN_POINT('',(42.4871109256744,102.371999761581,80.));
#12251=CARTESIAN_POINT('',(38.8065551052093,102.371999761581,77.));
#12252=CARTESIAN_POINT('',(38.8065551052093,102.371999761581,80.));
#12253=CARTESIAN_POINT('',(42.4871109256744,102.371999761581,77.));
#12254=CARTESIAN_POINT('',(42.4871109256744,102.371999761581,77.));
#12255=CARTESIAN_POINT('',(42.4871109256744,102.371999761581,80.));
#12256=CARTESIAN_POINT('Origin',(42.4871109256744,103.534036418915,80.));
#12257=CARTESIAN_POINT('',(42.4871109256744,103.534036418915,80.));
#12258=CARTESIAN_POINT('',(42.4871109256744,103.719222089767,80.));
#12259=CARTESIAN_POINT('',(42.4871109256744,103.534036418915,77.));
#12260=CARTESIAN_POINT('',(42.4871109256744,103.719222089767,77.));
#12261=CARTESIAN_POINT('',(42.4871109256744,103.534036418915,80.));
#12262=CARTESIAN_POINT('Origin',(43.649147881031,103.534036418915,80.));
#12263=CARTESIAN_POINT('',(43.649147881031,103.534036418915,80.));
#12264=CARTESIAN_POINT('',(43.649147881031,103.534036418915,80.));
#12265=CARTESIAN_POINT('',(43.649147881031,103.534036418915,77.));
#12266=CARTESIAN_POINT('',(43.649147881031,103.534036418915,77.));
#12267=CARTESIAN_POINT('',(43.649147881031,103.534036418915,80.));
#12268=CARTESIAN_POINT('Origin',(43.649147881031,104.881258747101,80.));
#12269=CARTESIAN_POINT('',(43.649147881031,104.881258747101,80.));
#12270=CARTESIAN_POINT('',(43.649147881031,104.881258747101,80.));
#12271=CARTESIAN_POINT('',(43.649147881031,104.881258747101,77.));
#12272=CARTESIAN_POINT('',(43.649147881031,104.881258747101,77.));
#12273=CARTESIAN_POINT('',(43.649147881031,104.881258747101,80.));
#12274=CARTESIAN_POINT('Origin',(42.4871109256744,104.881258747101,80.));
#12275=CARTESIAN_POINT('',(42.4871109256744,104.881258747101,80.));
#12276=CARTESIAN_POINT('',(42.2926662693024,104.881258747101,80.));
#12277=CARTESIAN_POINT('',(42.4871109256744,104.881258747101,77.));
#12278=CARTESIAN_POINT('',(42.2926662693024,104.881258747101,77.));
#12279=CARTESIAN_POINT('',(42.4871109256744,104.881258747101,80.));
#12280=CARTESIAN_POINT('Origin',(42.4871109256744,106.043296596527,80.));
#12281=CARTESIAN_POINT('',(42.4871109256744,106.043296596527,80.));
#12282=CARTESIAN_POINT('',(42.4871109256744,106.043296596527,80.));
#12283=CARTESIAN_POINT('',(42.4871109256744,106.043296596527,77.));
#12284=CARTESIAN_POINT('',(42.4871109256744,106.043296596527,77.));
#12285=CARTESIAN_POINT('',(42.4871109256744,106.043296596527,80.));
#12286=CARTESIAN_POINT('Origin',(40.163036716938,106.043296596527,80.));
#12287=CARTESIAN_POINT('',(40.163036716938,106.043296596527,80.));
#12288=CARTESIAN_POINT('',(39.9685922840834,106.043296596527,80.));
#12289=CARTESIAN_POINT('',(40.163036716938,106.043296596527,77.));
#12290=CARTESIAN_POINT('',(39.9685922840834,106.043296596527,77.));
#12291=CARTESIAN_POINT('',(40.163036716938,106.043296596527,80.));
#12292=CARTESIAN_POINT('Origin',(40.163036716938,107.020148775101,80.));
#12293=CARTESIAN_POINT('',(40.163036716938,107.020148775101,80.));
#12294=CARTESIAN_POINT('',(40.163036716938,107.20533325386,80.));
#12295=CARTESIAN_POINT('',(40.163036716938,107.020148775101,77.));
#12296=CARTESIAN_POINT('',(40.163036716938,107.20533325386,77.));
#12297=CARTESIAN_POINT('',(40.163036716938,107.020148775101,80.));
#12298=CARTESIAN_POINT('Origin',(43.649147881031,107.020148775101,80.));
#12299=CARTESIAN_POINT('',(43.649147881031,107.020148775101,80.));
#12300=CARTESIAN_POINT('',(43.649147881031,107.020148775101,80.));
#12301=CARTESIAN_POINT('',(43.649147881031,107.020148775101,77.));
#12302=CARTESIAN_POINT('',(43.649147881031,107.020148775101,77.));
#12303=CARTESIAN_POINT('',(43.649147881031,107.020148775101,80.));
#12304=CARTESIAN_POINT('Origin',(43.649147881031,108.367371103287,80.));
#12305=CARTESIAN_POINT('',(43.649147881031,108.367371103287,80.));
#12306=CARTESIAN_POINT('',(43.649147881031,108.367371103287,80.));
#12307=CARTESIAN_POINT('',(43.649147881031,108.367371103287,77.));
#12308=CARTESIAN_POINT('',(43.649147881031,108.367371103287,77.));
#12309=CARTESIAN_POINT('',(43.649147881031,108.367371103287,80.));
#12310=CARTESIAN_POINT('Origin',(39.9685922840834,108.367371103287,80.));
#12311=CARTESIAN_POINT('',(39.9685922840834,108.367371103287,80.));
#12312=CARTESIAN_POINT('',(39.9685922840834,108.367371103287,80.));
#12313=CARTESIAN_POINT('',(39.9685922840834,108.367371103287,77.));
#12314=CARTESIAN_POINT('',(39.9685922840834,108.367371103287,77.));
#12315=CARTESIAN_POINT('',(39.9685922840834,108.367371103287,80.));
#12316=CARTESIAN_POINT('Origin',(39.9685922840834,107.20533325386,80.));
#12317=CARTESIAN_POINT('',(39.9685922840834,107.20533325386,80.));
#12318=CARTESIAN_POINT('',(39.9685922840834,107.020148775101,80.));
#12319=CARTESIAN_POINT('',(39.9685922840834,107.20533325386,77.));
#12320=CARTESIAN_POINT('',(39.9685922840834,107.020148775101,77.));
#12321=CARTESIAN_POINT('',(39.9685922840834,107.20533325386,80.));
#12322=CARTESIAN_POINT('Origin',(38.8065551052093,107.20533325386,80.));
#12323=CARTESIAN_POINT('',(38.8065551052093,107.20533325386,80.));
#12324=CARTESIAN_POINT('',(38.8065551052093,107.20533325386,80.));
#12325=CARTESIAN_POINT('',(38.8065551052093,107.20533325386,77.));
#12326=CARTESIAN_POINT('',(38.8065551052093,107.20533325386,77.));
#12327=CARTESIAN_POINT('',(38.8065551052093,107.20533325386,80.));
#12328=CARTESIAN_POINT('Origin',(38.8065551052093,105.858110925674,80.));
#12329=CARTESIAN_POINT('',(38.8065551052093,105.858110925674,80.));
#12330=CARTESIAN_POINT('',(38.8065551052093,105.858110925674,80.));
#12331=CARTESIAN_POINT('',(38.8065551052093,105.858110925674,77.));
#12332=CARTESIAN_POINT('',(38.8065551052093,105.858110925674,77.));
#12333=CARTESIAN_POINT('',(38.8065551052093,105.858110925674,80.));
#12334=CARTESIAN_POINT('Origin',(39.9685922840834,105.858110925674,80.));
#12335=CARTESIAN_POINT('',(39.9685922840834,105.858110925674,80.));
#12336=CARTESIAN_POINT('',(40.163036716938,105.858110925674,80.));
#12337=CARTESIAN_POINT('',(39.9685922840834,105.858110925674,77.));
#12338=CARTESIAN_POINT('',(40.163036716938,105.858110925674,77.));
#12339=CARTESIAN_POINT('',(39.9685922840834,105.858110925674,80.));
#12340=CARTESIAN_POINT('Origin',(39.9685922840834,104.696074268341,80.));
#12341=CARTESIAN_POINT('',(39.9685922840834,104.696074268341,80.));
#12342=CARTESIAN_POINT('',(39.9685922840834,104.696074268341,80.));
#12343=CARTESIAN_POINT('',(39.9685922840834,104.696074268341,77.));
#12344=CARTESIAN_POINT('',(39.9685922840834,104.696074268341,77.));
#12345=CARTESIAN_POINT('',(39.9685922840834,104.696074268341,80.));
#12346=CARTESIAN_POINT('Origin',(42.2926662693024,104.696074268341,80.));
#12347=CARTESIAN_POINT('',(42.2926662693024,104.696074268341,80.));
#12348=CARTESIAN_POINT('',(42.4871109256744,104.696074268341,80.));
#12349=CARTESIAN_POINT('',(42.2926662693024,104.696074268341,77.));
#12350=CARTESIAN_POINT('',(42.4871109256744,104.696074268341,77.));
#12351=CARTESIAN_POINT('',(42.2926662693024,104.696074268341,80.));
#12352=CARTESIAN_POINT('Origin',(42.2926662693024,103.719222089767,80.));
#12353=CARTESIAN_POINT('',(42.2926662693024,103.719222089767,80.));
#12354=CARTESIAN_POINT('',(42.2926662693024,103.534036418915,80.));
#12355=CARTESIAN_POINT('',(42.2926662693024,103.719222089767,77.));
#12356=CARTESIAN_POINT('',(42.2926662693024,103.534036418915,77.));
#12357=CARTESIAN_POINT('',(42.2926662693024,103.719222089767,80.));
#12358=CARTESIAN_POINT('Origin',(38.8065551052093,103.719222089767,80.));
#12359=CARTESIAN_POINT('',(38.8065551052093,103.719222089767,80.));
#12360=CARTESIAN_POINT('',(38.8065551052093,103.719222089767,80.));
#12361=CARTESIAN_POINT('',(38.8065551052093,103.719222089767,77.));
#12362=CARTESIAN_POINT('',(38.8065551052093,103.719222089767,77.));
#12363=CARTESIAN_POINT('',(38.8065551052093,103.719222089767,80.));
#12364=CARTESIAN_POINT('Origin',(38.8065551052093,102.371999761581,80.));
#12365=CARTESIAN_POINT('',(38.8065551052093,102.371999761581,80.));
#12366=CARTESIAN_POINT('',(38.8065551052093,102.371999761581,77.));
#12367=CARTESIAN_POINT('Origin',(41.2278514931202,105.369685432434,80.));
#12368=CARTESIAN_POINT('Origin',(41.2278514931202,105.369685432434,77.));
#12369=CARTESIAN_POINT('Origin',(129.399148298264,102.371999761581,80.));
#12370=CARTESIAN_POINT('',(129.399148298264,102.371999761581,80.));
#12371=CARTESIAN_POINT('',(125.718592477798,102.371999761581,80.));
#12372=CARTESIAN_POINT('',(129.399148298264,102.371999761581,80.));
#12373=CARTESIAN_POINT('',(125.718592477798,102.371999761581,77.));
#12374=CARTESIAN_POINT('',(125.718592477798,102.371999761581,80.));
#12375=CARTESIAN_POINT('',(129.399148298264,102.371999761581,77.));
#12376=CARTESIAN_POINT('',(129.399148298264,102.371999761581,77.));
#12377=CARTESIAN_POINT('',(129.399148298264,102.371999761581,80.));
#12378=CARTESIAN_POINT('Origin',(129.399148298264,103.534036418915,80.));
#12379=CARTESIAN_POINT('',(129.399148298264,103.534036418915,80.));
#12380=CARTESIAN_POINT('',(129.399148298264,103.719222089767,80.));
#12381=CARTESIAN_POINT('',(129.399148298264,103.534036418915,77.));
#12382=CARTESIAN_POINT('',(129.399148298264,103.719222089767,77.));
#12383=CARTESIAN_POINT('',(129.399148298264,103.534036418915,80.));
#12384=CARTESIAN_POINT('Origin',(130.561184955597,103.534036418915,80.));
#12385=CARTESIAN_POINT('',(130.561184955597,103.534036418915,80.));
#12386=CARTESIAN_POINT('',(130.561184955597,103.534036418915,80.));
#12387=CARTESIAN_POINT('',(130.561184955597,103.534036418915,77.));
#12388=CARTESIAN_POINT('',(130.561184955597,103.534036418915,77.));
#12389=CARTESIAN_POINT('',(130.561184955597,103.534036418915,80.));
#12390=CARTESIAN_POINT('Origin',(130.561184955597,104.881258747101,80.));
#12391=CARTESIAN_POINT('',(130.561184955597,104.881258747101,80.));
#12392=CARTESIAN_POINT('',(130.561184955597,104.881258747101,80.));
#12393=CARTESIAN_POINT('',(130.561184955597,104.881258747101,77.));
#12394=CARTESIAN_POINT('',(130.561184955597,104.881258747101,77.));
#12395=CARTESIAN_POINT('',(130.561184955597,104.881258747101,80.));
#12396=CARTESIAN_POINT('Origin',(129.399148298264,104.881258747101,80.));
#12397=CARTESIAN_POINT('',(129.399148298264,104.881258747101,80.));
#12398=CARTESIAN_POINT('',(129.204703641892,104.881258747101,80.));
#12399=CARTESIAN_POINT('',(129.399148298264,104.881258747101,77.));
#12400=CARTESIAN_POINT('',(129.204703641892,104.881258747101,77.));
#12401=CARTESIAN_POINT('',(129.399148298264,104.881258747101,80.));
#12402=CARTESIAN_POINT('Origin',(129.399148298264,106.043296596527,80.));
#12403=CARTESIAN_POINT('',(129.399148298264,106.043296596527,80.));
#12404=CARTESIAN_POINT('',(129.399148298264,106.043296596527,80.));
#12405=CARTESIAN_POINT('',(129.399148298264,106.043296596527,77.));
#12406=CARTESIAN_POINT('',(129.399148298264,106.043296596527,77.));
#12407=CARTESIAN_POINT('',(129.399148298264,106.043296596527,80.));
#12408=CARTESIAN_POINT('Origin',(127.075074089527,106.043296596527,80.));
#12409=CARTESIAN_POINT('',(127.075074089527,106.043296596527,80.));
#12410=CARTESIAN_POINT('',(126.880629731178,106.043296596527,80.));
#12411=CARTESIAN_POINT('',(127.075074089527,106.043296596527,77.));
#12412=CARTESIAN_POINT('',(126.880629731178,106.043296596527,77.));
#12413=CARTESIAN_POINT('',(127.075074089527,106.043296596527,80.));
#12414=CARTESIAN_POINT('Origin',(127.075074089527,107.020148775101,80.));
#12415=CARTESIAN_POINT('',(127.075074089527,107.020148775101,80.));
#12416=CARTESIAN_POINT('',(127.075074089527,107.20533325386,80.));
#12417=CARTESIAN_POINT('',(127.075074089527,107.020148775101,77.));
#12418=CARTESIAN_POINT('',(127.075074089527,107.20533325386,77.));
#12419=CARTESIAN_POINT('',(127.075074089527,107.020148775101,80.));
#12420=CARTESIAN_POINT('Origin',(130.561184955597,107.020148775101,80.));
#12421=CARTESIAN_POINT('',(130.561184955597,107.020148775101,80.));
#12422=CARTESIAN_POINT('',(130.561184955597,107.020148775101,80.));
#12423=CARTESIAN_POINT('',(130.561184955597,107.020148775101,77.));
#12424=CARTESIAN_POINT('',(130.561184955597,107.020148775101,77.));
#12425=CARTESIAN_POINT('',(130.561184955597,107.020148775101,80.));
#12426=CARTESIAN_POINT('Origin',(130.561184955597,108.367371103287,80.));
#12427=CARTESIAN_POINT('',(130.561184955597,108.367371103287,80.));
#12428=CARTESIAN_POINT('',(130.561184955597,108.367371103287,80.));
#12429=CARTESIAN_POINT('',(130.561184955597,108.367371103287,77.));
#12430=CARTESIAN_POINT('',(130.561184955597,108.367371103287,77.));
#12431=CARTESIAN_POINT('',(130.561184955597,108.367371103287,80.));
#12432=CARTESIAN_POINT('Origin',(126.880629731178,108.367371103287,80.));
#12433=CARTESIAN_POINT('',(126.880629731178,108.367371103287,80.));
#12434=CARTESIAN_POINT('',(126.880629731178,108.367371103287,80.));
#12435=CARTESIAN_POINT('',(126.880629731178,108.367371103287,77.));
#12436=CARTESIAN_POINT('',(126.880629731178,108.367371103287,77.));
#12437=CARTESIAN_POINT('',(126.880629731178,108.367371103287,80.));
#12438=CARTESIAN_POINT('Origin',(126.880629731178,107.20533325386,80.));
#12439=CARTESIAN_POINT('',(126.880629731178,107.20533325386,80.));
#12440=CARTESIAN_POINT('',(126.880629731178,107.020148775101,80.));
#12441=CARTESIAN_POINT('',(126.880629731178,107.20533325386,77.));
#12442=CARTESIAN_POINT('',(126.880629731178,107.020148775101,77.));
#12443=CARTESIAN_POINT('',(126.880629731178,107.20533325386,80.));
#12444=CARTESIAN_POINT('Origin',(125.718592477798,107.20533325386,80.));
#12445=CARTESIAN_POINT('',(125.718592477798,107.20533325386,80.));
#12446=CARTESIAN_POINT('',(125.718592477798,107.20533325386,80.));
#12447=CARTESIAN_POINT('',(125.718592477798,107.20533325386,77.));
#12448=CARTESIAN_POINT('',(125.718592477798,107.20533325386,77.));
#12449=CARTESIAN_POINT('',(125.718592477798,107.20533325386,80.));
#12450=CARTESIAN_POINT('Origin',(125.718592477798,105.858110925674,80.));
#12451=CARTESIAN_POINT('',(125.718592477798,105.858110925674,80.));
#12452=CARTESIAN_POINT('',(125.718592477798,105.858110925674,80.));
#12453=CARTESIAN_POINT('',(125.718592477798,105.858110925674,77.));
#12454=CARTESIAN_POINT('',(125.718592477798,105.858110925674,77.));
#12455=CARTESIAN_POINT('',(125.718592477798,105.858110925674,80.));
#12456=CARTESIAN_POINT('Origin',(126.880629731178,105.858110925674,80.));
#12457=CARTESIAN_POINT('',(126.880629731178,105.858110925674,80.));
#12458=CARTESIAN_POINT('',(127.075074089527,105.858110925674,80.));
#12459=CARTESIAN_POINT('',(126.880629731178,105.858110925674,77.));
#12460=CARTESIAN_POINT('',(127.075074089527,105.858110925674,77.));
#12461=CARTESIAN_POINT('',(126.880629731178,105.858110925674,80.));
#12462=CARTESIAN_POINT('Origin',(126.880629731178,104.696074268341,80.));
#12463=CARTESIAN_POINT('',(126.880629731178,104.696074268341,80.));
#12464=CARTESIAN_POINT('',(126.880629731178,104.696074268341,80.));
#12465=CARTESIAN_POINT('',(126.880629731178,104.696074268341,77.));
#12466=CARTESIAN_POINT('',(126.880629731178,104.696074268341,77.));
#12467=CARTESIAN_POINT('',(126.880629731178,104.696074268341,80.));
#12468=CARTESIAN_POINT('Origin',(129.204703641892,104.696074268341,80.));
#12469=CARTESIAN_POINT('',(129.204703641892,104.696074268341,80.));
#12470=CARTESIAN_POINT('',(129.399148298264,104.696074268341,80.));
#12471=CARTESIAN_POINT('',(129.204703641892,104.696074268341,77.));
#12472=CARTESIAN_POINT('',(129.399148298264,104.696074268341,77.));
#12473=CARTESIAN_POINT('',(129.204703641892,104.696074268341,80.));
#12474=CARTESIAN_POINT('Origin',(129.204703641892,103.719222089767,80.));
#12475=CARTESIAN_POINT('',(129.204703641892,103.719222089767,80.));
#12476=CARTESIAN_POINT('',(129.204703641892,103.534036418915,80.));
#12477=CARTESIAN_POINT('',(129.204703641892,103.719222089767,77.));
#12478=CARTESIAN_POINT('',(129.204703641892,103.534036418915,77.));
#12479=CARTESIAN_POINT('',(129.204703641892,103.719222089767,80.));
#12480=CARTESIAN_POINT('Origin',(125.718592477798,103.719222089767,80.));
#12481=CARTESIAN_POINT('',(125.718592477798,103.719222089767,80.));
#12482=CARTESIAN_POINT('',(125.718592477798,103.719222089767,80.));
#12483=CARTESIAN_POINT('',(125.718592477798,103.719222089767,77.));
#12484=CARTESIAN_POINT('',(125.718592477798,103.719222089767,77.));
#12485=CARTESIAN_POINT('',(125.718592477798,103.719222089767,80.));
#12486=CARTESIAN_POINT('Origin',(125.718592477798,102.371999761581,80.));
#12487=CARTESIAN_POINT('',(125.718592477798,102.371999761581,80.));
#12488=CARTESIAN_POINT('',(125.718592477798,102.371999761581,77.));
#12489=CARTESIAN_POINT('Origin',(128.139888716698,105.369685432434,80.));
#12490=CARTESIAN_POINT('Origin',(128.139888716698,105.369685432434,77.));
#12491=CARTESIAN_POINT('Origin',(135.223221851349,108.367371103287,80.));
#12492=CARTESIAN_POINT('',(135.223221851349,108.367371103287,80.));
#12493=CARTESIAN_POINT('',(135.223221851349,107.020148775101,80.));
#12494=CARTESIAN_POINT('',(135.223221851349,108.367371103287,80.));
#12495=CARTESIAN_POINT('',(135.223221851349,107.020148775101,77.));
#12496=CARTESIAN_POINT('',(135.223221851349,107.020148775101,80.));
#12497=CARTESIAN_POINT('',(135.223221851349,108.367371103287,77.));
#12498=CARTESIAN_POINT('',(135.223221851349,108.367371103287,77.));
#12499=CARTESIAN_POINT('',(135.223221851349,108.367371103287,80.));
#12500=CARTESIAN_POINT('Origin',(131.54266662693,108.367371103287,80.));
#12501=CARTESIAN_POINT('',(131.54266662693,108.367371103287,80.));
#12502=CARTESIAN_POINT('',(131.54266662693,108.367371103287,80.));
#12503=CARTESIAN_POINT('',(131.54266662693,108.367371103287,77.));
#12504=CARTESIAN_POINT('',(131.54266662693,108.367371103287,77.));
#12505=CARTESIAN_POINT('',(131.54266662693,108.367371103287,80.));
#12506=CARTESIAN_POINT('Origin',(131.54266662693,107.020148775101,80.));
#12507=CARTESIAN_POINT('',(131.54266662693,107.020148775101,80.));
#12508=CARTESIAN_POINT('',(131.54266662693,107.020148775101,80.));
#12509=CARTESIAN_POINT('',(131.54266662693,107.020148775101,77.));
#12510=CARTESIAN_POINT('',(131.54266662693,107.020148775101,77.));
#12511=CARTESIAN_POINT('',(131.54266662693,107.020148775101,80.));
#12512=CARTESIAN_POINT('Origin',(132.70470388031,107.020148775101,80.));
#12513=CARTESIAN_POINT('',(132.70470388031,107.020148775101,80.));
#12514=CARTESIAN_POINT('',(132.70470388031,107.020148775101,80.));
#12515=CARTESIAN_POINT('',(132.70470388031,107.020148775101,77.));
#12516=CARTESIAN_POINT('',(132.70470388031,107.020148775101,77.));
#12517=CARTESIAN_POINT('',(132.70470388031,107.020148775101,80.));
#12518=CARTESIAN_POINT('Origin',(132.70470388031,102.371999761581,80.));
#12519=CARTESIAN_POINT('',(132.70470388031,102.371999761581,80.));
#12520=CARTESIAN_POINT('',(132.70470388031,102.371999761581,80.));
#12521=CARTESIAN_POINT('',(132.70470388031,102.371999761581,77.));
#12522=CARTESIAN_POINT('',(132.70470388031,102.371999761581,77.));
#12523=CARTESIAN_POINT('',(132.70470388031,102.371999761581,80.));
#12524=CARTESIAN_POINT('Origin',(134.061185194016,102.371999761581,80.));
#12525=CARTESIAN_POINT('',(134.061185194016,102.371999761581,80.));
#12526=CARTESIAN_POINT('',(134.061185194016,102.371999761581,80.));
#12527=CARTESIAN_POINT('',(134.061185194016,102.371999761581,77.));
#12528=CARTESIAN_POINT('',(134.061185194016,102.371999761581,77.));
#12529=CARTESIAN_POINT('',(134.061185194016,102.371999761581,80.));
#12530=CARTESIAN_POINT('Origin',(134.061185194016,107.020148775101,80.));
#12531=CARTESIAN_POINT('',(134.061185194016,107.020148775101,80.));
#12532=CARTESIAN_POINT('',(134.061185194016,107.020148775101,80.));
#12533=CARTESIAN_POINT('',(134.061185194016,107.020148775101,77.));
#12534=CARTESIAN_POINT('',(134.061185194016,107.020148775101,77.));
#12535=CARTESIAN_POINT('',(134.061185194016,107.020148775101,80.));
#12536=CARTESIAN_POINT('Origin',(135.223221851349,107.020148775101,80.));
#12537=CARTESIAN_POINT('',(135.223221851349,107.020148775101,80.));
#12538=CARTESIAN_POINT('',(135.223221851349,107.020148775101,77.));
#12539=CARTESIAN_POINT('Origin',(133.38294423914,105.369685432434,80.));
#12540=CARTESIAN_POINT('Origin',(133.38294423914,105.369685432434,77.));
#12541=CARTESIAN_POINT('Origin',(70.4408155212402,108.367371103287,80.));
#12542=CARTESIAN_POINT('',(70.4408155212402,108.367371103287,80.));
#12543=CARTESIAN_POINT('',(70.4408155212402,107.020148775101,80.));
#12544=CARTESIAN_POINT('',(70.4408155212402,108.367371103287,80.));
#12545=CARTESIAN_POINT('',(70.4408155212402,107.020148775101,77.));
#12546=CARTESIAN_POINT('',(70.4408155212402,107.020148775101,80.));
#12547=CARTESIAN_POINT('',(70.4408155212402,108.367371103287,77.));
#12548=CARTESIAN_POINT('',(70.4408155212402,108.367371103287,77.));
#12549=CARTESIAN_POINT('',(70.4408155212402,108.367371103287,80.));
#12550=CARTESIAN_POINT('Origin',(66.7602620849609,108.367371103287,80.));
#12551=CARTESIAN_POINT('',(66.7602620849609,108.367371103287,80.));
#12552=CARTESIAN_POINT('',(66.7602620849609,108.367371103287,80.));
#12553=CARTESIAN_POINT('',(66.7602620849609,108.367371103287,77.));
#12554=CARTESIAN_POINT('',(66.7602620849609,108.367371103287,77.));
#12555=CARTESIAN_POINT('',(66.7602620849609,108.367371103287,80.));
#12556=CARTESIAN_POINT('Origin',(66.7602620849609,107.020148775101,80.));
#12557=CARTESIAN_POINT('',(66.7602620849609,107.020148775101,80.));
#12558=CARTESIAN_POINT('',(66.7602620849609,107.020148775101,80.));
#12559=CARTESIAN_POINT('',(66.7602620849609,107.020148775101,77.));
#12560=CARTESIAN_POINT('',(66.7602620849609,107.020148775101,77.));
#12561=CARTESIAN_POINT('',(66.7602620849609,107.020148775101,80.));
#12562=CARTESIAN_POINT('Origin',(67.9222999343872,107.020148775101,80.));
#12563=CARTESIAN_POINT('',(67.9222999343872,107.020148775101,80.));
#12564=CARTESIAN_POINT('',(67.9222999343872,107.020148775101,80.));
#12565=CARTESIAN_POINT('',(67.9222999343872,107.020148775101,77.));
#12566=CARTESIAN_POINT('',(67.9222999343872,107.020148775101,77.));
#12567=CARTESIAN_POINT('',(67.9222999343872,107.020148775101,80.));
#12568=CARTESIAN_POINT('Origin',(67.9222999343872,102.371999761581,80.));
#12569=CARTESIAN_POINT('',(67.9222999343872,102.371999761581,80.));
#12570=CARTESIAN_POINT('',(67.9222999343872,102.371999761581,80.));
#12571=CARTESIAN_POINT('',(67.9222999343872,102.371999761581,77.));
#12572=CARTESIAN_POINT('',(67.9222999343872,102.371999761581,77.));
#12573=CARTESIAN_POINT('',(67.9222999343872,102.371999761581,80.));
#12574=CARTESIAN_POINT('Origin',(69.278777671814,102.371999761581,80.));
#12575=CARTESIAN_POINT('',(69.278777671814,102.371999761581,80.));
#12576=CARTESIAN_POINT('',(69.278777671814,102.371999761581,80.));
#12577=CARTESIAN_POINT('',(69.278777671814,102.371999761581,77.));
#12578=CARTESIAN_POINT('',(69.278777671814,102.371999761581,77.));
#12579=CARTESIAN_POINT('',(69.278777671814,102.371999761581,80.));
#12580=CARTESIAN_POINT('Origin',(69.278777671814,107.020148775101,80.));
#12581=CARTESIAN_POINT('',(69.278777671814,107.020148775101,80.));
#12582=CARTESIAN_POINT('',(69.278777671814,107.020148775101,80.));
#12583=CARTESIAN_POINT('',(69.278777671814,107.020148775101,77.));
#12584=CARTESIAN_POINT('',(69.278777671814,107.020148775101,77.));
#12585=CARTESIAN_POINT('',(69.278777671814,107.020148775101,80.));
#12586=CARTESIAN_POINT('Origin',(70.4408155212402,107.020148775101,80.));
#12587=CARTESIAN_POINT('',(70.4408155212402,107.020148775101,80.));
#12588=CARTESIAN_POINT('',(70.4408155212402,107.020148775101,77.));
#12589=CARTESIAN_POINT('Origin',(68.6005388031006,105.369685432434,80.));
#12590=CARTESIAN_POINT('Origin',(68.6005388031006,105.369685432434,77.));
#12591=CARTESIAN_POINT('Origin',(101.186185432434,105.858110925674,80.));
#12592=CARTESIAN_POINT('',(101.186185432434,105.858110925674,80.));
#12593=CARTESIAN_POINT('',(100.21859223938,105.858110925674,80.));
#12594=CARTESIAN_POINT('',(101.186185432434,105.858110925674,80.));
#12595=CARTESIAN_POINT('',(100.21859223938,105.858110925674,77.));
#12596=CARTESIAN_POINT('',(100.21859223938,105.858110925674,80.));
#12597=CARTESIAN_POINT('',(101.186185432434,105.858110925674,77.));
#12598=CARTESIAN_POINT('',(101.186185432434,105.858110925674,77.));
#12599=CARTESIAN_POINT('',(101.186185432434,105.858110925674,80.));
#12600=CARTESIAN_POINT('Origin',(101.186185432434,102.371999761581,80.));
#12601=CARTESIAN_POINT('',(101.186185432434,102.371999761581,80.));
#12602=CARTESIAN_POINT('',(101.186185432434,102.371999761581,80.));
#12603=CARTESIAN_POINT('',(101.186185432434,102.371999761581,77.));
#12604=CARTESIAN_POINT('',(101.186185432434,102.371999761581,77.));
#12605=CARTESIAN_POINT('',(101.186185432434,102.371999761581,80.));
#12606=CARTESIAN_POINT('Origin',(102.54266674614,102.371999761581,80.));
#12607=CARTESIAN_POINT('',(102.54266674614,102.371999761581,80.));
#12608=CARTESIAN_POINT('',(102.54266674614,102.371999761581,80.));
#12609=CARTESIAN_POINT('',(102.54266674614,102.371999761581,77.));
#12610=CARTESIAN_POINT('',(102.54266674614,102.371999761581,77.));
#12611=CARTESIAN_POINT('',(102.54266674614,102.371999761581,80.));
#12612=CARTESIAN_POINT('Origin',(102.54266674614,108.367371103287,80.));
#12613=CARTESIAN_POINT('',(102.54266674614,108.367371103287,80.));
#12614=CARTESIAN_POINT('',(102.54266674614,108.367371103287,80.));
#12615=CARTESIAN_POINT('',(102.54266674614,108.367371103287,77.));
#12616=CARTESIAN_POINT('',(102.54266674614,108.367371103287,77.));
#12617=CARTESIAN_POINT('',(102.54266674614,108.367371103287,80.));
#12618=CARTESIAN_POINT('Origin',(101.186185432434,108.367371103287,80.));
#12619=CARTESIAN_POINT('',(101.186185432434,108.367371103287,80.));
#12620=CARTESIAN_POINT('',(101.186185432434,108.367371103287,80.));
#12621=CARTESIAN_POINT('',(101.186185432434,108.367371103287,77.));
#12622=CARTESIAN_POINT('',(101.186185432434,108.367371103287,77.));
#12623=CARTESIAN_POINT('',(101.186185432434,108.367371103287,80.));
#12624=CARTESIAN_POINT('Origin',(101.186185432434,107.20533325386,80.));
#12625=CARTESIAN_POINT('',(101.186185432434,107.20533325386,80.));
#12626=CARTESIAN_POINT('',(101.186185432434,107.20533325386,80.));
#12627=CARTESIAN_POINT('',(101.186185432434,107.20533325386,77.));
#12628=CARTESIAN_POINT('',(101.186185432434,107.20533325386,77.));
#12629=CARTESIAN_POINT('',(101.186185432434,107.20533325386,80.));
#12630=CARTESIAN_POINT('Origin',(100.024147583008,107.20533325386,80.));
#12631=CARTESIAN_POINT('',(100.024147583008,107.20533325386,80.));
#12632=CARTESIAN_POINT('',(100.024147583008,107.20533325386,80.));
#12633=CARTESIAN_POINT('',(100.024147583008,107.20533325386,77.));
#12634=CARTESIAN_POINT('',(100.024147583008,107.20533325386,77.));
#12635=CARTESIAN_POINT('',(100.024147583008,107.20533325386,80.));
#12636=CARTESIAN_POINT('Origin',(100.024147583008,106.043296596527,80.));
#12637=CARTESIAN_POINT('',(100.024147583008,106.043296596527,80.));
#12638=CARTESIAN_POINT('',(100.024147583008,105.858110925674,80.));
#12639=CARTESIAN_POINT('',(100.024147583008,106.043296596527,77.));
#12640=CARTESIAN_POINT('',(100.024147583008,105.858110925674,77.));
#12641=CARTESIAN_POINT('',(100.024147583008,106.043296596527,80.));
#12642=CARTESIAN_POINT('Origin',(99.0565555820465,106.043296596527,80.));
#12643=CARTESIAN_POINT('',(99.0565555820465,106.043296596527,80.));
#12644=CARTESIAN_POINT('',(98.8621109256744,106.043296596527,80.));
#12645=CARTESIAN_POINT('',(99.0565555820465,106.043296596527,77.));
#12646=CARTESIAN_POINT('',(98.8621109256744,106.043296596527,77.));
#12647=CARTESIAN_POINT('',(99.0565555820465,106.043296596527,80.));
#12648=CARTESIAN_POINT('Origin',(99.0565555820465,107.20533325386,80.));
#12649=CARTESIAN_POINT('',(99.0565555820465,107.20533325386,80.));
#12650=CARTESIAN_POINT('',(99.0565555820465,107.20533325386,80.));
#12651=CARTESIAN_POINT('',(99.0565555820465,107.20533325386,77.));
#12652=CARTESIAN_POINT('',(99.0565555820465,107.20533325386,77.));
#12653=CARTESIAN_POINT('',(99.0565555820465,107.20533325386,80.));
#12654=CARTESIAN_POINT('Origin',(97.8945177326202,107.20533325386,80.));
#12655=CARTESIAN_POINT('',(97.8945177326202,107.20533325386,80.));
#12656=CARTESIAN_POINT('',(97.8945177326202,107.20533325386,80.));
#12657=CARTESIAN_POINT('',(97.8945177326202,107.20533325386,77.));
#12658=CARTESIAN_POINT('',(97.8945177326202,107.20533325386,77.));
#12659=CARTESIAN_POINT('',(97.8945177326202,107.20533325386,80.));
#12660=CARTESIAN_POINT('Origin',(97.8945177326202,108.367371103287,80.));
#12661=CARTESIAN_POINT('',(97.8945177326202,108.367371103287,80.));
#12662=CARTESIAN_POINT('',(97.8945177326202,108.367371103287,80.));
#12663=CARTESIAN_POINT('',(97.8945177326202,108.367371103287,77.));
#12664=CARTESIAN_POINT('',(97.8945177326202,108.367371103287,77.));
#12665=CARTESIAN_POINT('',(97.8945177326202,108.367371103287,80.));
#12666=CARTESIAN_POINT('Origin',(96.5380364189148,108.367371103287,80.));
#12667=CARTESIAN_POINT('',(96.5380364189148,108.367371103287,80.));
#12668=CARTESIAN_POINT('',(96.5380364189148,108.367371103287,80.));
#12669=CARTESIAN_POINT('',(96.5380364189148,108.367371103287,77.));
#12670=CARTESIAN_POINT('',(96.5380364189148,108.367371103287,77.));
#12671=CARTESIAN_POINT('',(96.5380364189148,108.367371103287,80.));
#12672=CARTESIAN_POINT('Origin',(96.5380364189148,102.371999761581,80.));
#12673=CARTESIAN_POINT('',(96.5380364189148,102.371999761581,80.));
#12674=CARTESIAN_POINT('',(96.5380364189148,102.371999761581,80.));
#12675=CARTESIAN_POINT('',(96.5380364189148,102.371999761581,77.));
#12676=CARTESIAN_POINT('',(96.5380364189148,102.371999761581,77.));
#12677=CARTESIAN_POINT('',(96.5380364189148,102.371999761581,80.));
#12678=CARTESIAN_POINT('Origin',(97.8945177326202,102.371999761581,80.));
#12679=CARTESIAN_POINT('',(97.8945177326202,102.371999761581,80.));
#12680=CARTESIAN_POINT('',(97.8945177326202,102.371999761581,80.));
#12681=CARTESIAN_POINT('',(97.8945177326202,102.371999761581,77.));
#12682=CARTESIAN_POINT('',(97.8945177326202,102.371999761581,77.));
#12683=CARTESIAN_POINT('',(97.8945177326202,102.371999761581,80.));
#12684=CARTESIAN_POINT('Origin',(97.8945177326202,105.858110925674,80.));
#12685=CARTESIAN_POINT('',(97.8945177326202,105.858110925674,80.));
#12686=CARTESIAN_POINT('',(97.8945177326202,105.858110925674,80.));
#12687=CARTESIAN_POINT('',(97.8945177326202,105.858110925674,77.));
#12688=CARTESIAN_POINT('',(97.8945177326202,105.858110925674,77.));
#12689=CARTESIAN_POINT('',(97.8945177326202,105.858110925674,80.));
#12690=CARTESIAN_POINT('Origin',(98.8621109256744,105.858110925674,80.));
#12691=CARTESIAN_POINT('',(98.8621109256744,105.858110925674,80.));
#12692=CARTESIAN_POINT('',(99.0565555820465,105.858110925674,80.));
#12693=CARTESIAN_POINT('',(98.8621109256744,105.858110925674,77.));
#12694=CARTESIAN_POINT('',(99.0565555820465,105.858110925674,77.));
#12695=CARTESIAN_POINT('',(98.8621109256744,105.858110925674,80.));
#12696=CARTESIAN_POINT('Origin',(98.8621109256744,104.696074268341,80.));
#12697=CARTESIAN_POINT('',(98.8621109256744,104.696074268341,80.));
#12698=CARTESIAN_POINT('',(98.8621109256744,104.696074268341,80.));
#12699=CARTESIAN_POINT('',(98.8621109256744,104.696074268341,77.));
#12700=CARTESIAN_POINT('',(98.8621109256744,104.696074268341,77.));
#12701=CARTESIAN_POINT('',(98.8621109256744,104.696074268341,80.));
#12702=CARTESIAN_POINT('Origin',(100.21859223938,104.696074268341,80.));
#12703=CARTESIAN_POINT('',(100.21859223938,104.696074268341,80.));
#12704=CARTESIAN_POINT('',(100.21859223938,104.696074268341,80.));
#12705=CARTESIAN_POINT('',(100.21859223938,104.696074268341,77.));
#12706=CARTESIAN_POINT('',(100.21859223938,104.696074268341,77.));
#12707=CARTESIAN_POINT('',(100.21859223938,104.696074268341,80.));
#12708=CARTESIAN_POINT('Origin',(100.21859223938,105.858110925674,80.));
#12709=CARTESIAN_POINT('',(100.21859223938,106.043296596527,80.));
#12710=CARTESIAN_POINT('',(100.21859223938,106.043296596527,77.));
#12711=CARTESIAN_POINT('Origin',(99.5403515825272,105.369685432434,80.));
#12712=CARTESIAN_POINT('Origin',(99.5403515825272,105.369685432434,77.));
#12713=CARTESIAN_POINT('Origin',(64.4222961196899,105.858110925674,80.));
#12714=CARTESIAN_POINT('',(64.4222961196899,105.858110925674,80.));
#12715=CARTESIAN_POINT('',(64.4222961196899,107.020148775101,80.));
#12716=CARTESIAN_POINT('',(64.4222961196899,105.858110925674,80.));
#12717=CARTESIAN_POINT('',(64.4222961196899,107.020148775101,77.));
#12718=CARTESIAN_POINT('',(64.4222961196899,107.020148775101,80.));
#12719=CARTESIAN_POINT('',(64.4222961196899,105.858110925674,77.));
#12720=CARTESIAN_POINT('',(64.4222961196899,105.858110925674,77.));
#12721=CARTESIAN_POINT('',(64.4222961196899,105.858110925674,80.));
#12722=CARTESIAN_POINT('Origin',(65.7787786254883,105.858110925674,80.));
#12723=CARTESIAN_POINT('',(65.7787786254883,105.858110925674,80.));
#12724=CARTESIAN_POINT('',(65.7787786254883,105.858110925674,80.));
#12725=CARTESIAN_POINT('',(65.7787786254883,105.858110925674,77.));
#12726=CARTESIAN_POINT('',(65.7787786254883,105.858110925674,77.));
#12727=CARTESIAN_POINT('',(65.7787786254883,105.858110925674,80.));
#12728=CARTESIAN_POINT('Origin',(65.7787786254883,107.20533325386,80.));
#12729=CARTESIAN_POINT('',(65.7787786254883,107.20533325386,80.));
#12730=CARTESIAN_POINT('',(65.7787786254883,107.20533325386,80.));
#12731=CARTESIAN_POINT('',(65.7787786254883,107.20533325386,77.));
#12732=CARTESIAN_POINT('',(65.7787786254883,107.20533325386,77.));
#12733=CARTESIAN_POINT('',(65.7787786254883,107.20533325386,80.));
#12734=CARTESIAN_POINT('Origin',(64.616740776062,107.20533325386,80.));
#12735=CARTESIAN_POINT('',(64.616740776062,107.20533325386,80.));
#12736=CARTESIAN_POINT('',(64.4222961196899,107.20533325386,80.));
#12737=CARTESIAN_POINT('',(64.616740776062,107.20533325386,77.));
#12738=CARTESIAN_POINT('',(64.4222961196899,107.20533325386,77.));
#12739=CARTESIAN_POINT('',(64.616740776062,107.20533325386,80.));
#12740=CARTESIAN_POINT('Origin',(64.616740776062,108.367371103287,80.));
#12741=CARTESIAN_POINT('',(64.616740776062,108.367371103287,80.));
#12742=CARTESIAN_POINT('',(64.616740776062,108.367371103287,80.));
#12743=CARTESIAN_POINT('',(64.616740776062,108.367371103287,77.));
#12744=CARTESIAN_POINT('',(64.616740776062,108.367371103287,77.));
#12745=CARTESIAN_POINT('',(64.616740776062,108.367371103287,80.));
#12746=CARTESIAN_POINT('Origin',(62.098225189209,108.367371103287,80.));
#12747=CARTESIAN_POINT('',(62.098225189209,108.367371103287,80.));
#12748=CARTESIAN_POINT('',(62.098225189209,108.367371103287,80.));
#12749=CARTESIAN_POINT('',(62.098225189209,108.367371103287,77.));
#12750=CARTESIAN_POINT('',(62.098225189209,108.367371103287,77.));
#12751=CARTESIAN_POINT('',(62.098225189209,108.367371103287,80.));
#12752=CARTESIAN_POINT('Origin',(62.098225189209,107.20533325386,80.));
#12753=CARTESIAN_POINT('',(62.098225189209,107.20533325386,80.));
#12754=CARTESIAN_POINT('',(62.098225189209,107.020148775101,80.));
#12755=CARTESIAN_POINT('',(62.098225189209,107.20533325386,77.));
#12756=CARTESIAN_POINT('',(62.098225189209,107.020148775101,77.));
#12757=CARTESIAN_POINT('',(62.098225189209,107.20533325386,80.));
#12758=CARTESIAN_POINT('Origin',(60.9361873397827,107.20533325386,80.));
#12759=CARTESIAN_POINT('',(60.9361873397827,107.20533325386,80.));
#12760=CARTESIAN_POINT('',(60.9361873397827,107.20533325386,80.));
#12761=CARTESIAN_POINT('',(60.9361873397827,107.20533325386,77.));
#12762=CARTESIAN_POINT('',(60.9361873397827,107.20533325386,77.));
#12763=CARTESIAN_POINT('',(60.9361873397827,107.20533325386,80.));
#12764=CARTESIAN_POINT('Origin',(60.9361873397827,103.534036418915,80.));
#12765=CARTESIAN_POINT('',(60.9361873397827,103.534036418915,80.));
#12766=CARTESIAN_POINT('',(60.9361873397827,103.534036418915,80.));
#12767=CARTESIAN_POINT('',(60.9361873397827,103.534036418915,77.));
#12768=CARTESIAN_POINT('',(60.9361873397827,103.534036418915,77.));
#12769=CARTESIAN_POINT('',(60.9361873397827,103.534036418915,80.));
#12770=CARTESIAN_POINT('Origin',(62.098225189209,103.534036418915,80.));
#12771=CARTESIAN_POINT('',(62.098225189209,103.534036418915,80.));
#12772=CARTESIAN_POINT('',(62.2926698455811,103.534036418915,80.));
#12773=CARTESIAN_POINT('',(62.098225189209,103.534036418915,77.));
#12774=CARTESIAN_POINT('',(62.2926698455811,103.534036418915,77.));
#12775=CARTESIAN_POINT('',(62.098225189209,103.534036418915,80.));
#12776=CARTESIAN_POINT('Origin',(62.098225189209,102.371999761581,80.));
#12777=CARTESIAN_POINT('',(62.098225189209,102.371999761581,80.));
#12778=CARTESIAN_POINT('',(62.098225189209,102.371999761581,80.));
#12779=CARTESIAN_POINT('',(62.098225189209,102.371999761581,77.));
#12780=CARTESIAN_POINT('',(62.098225189209,102.371999761581,77.));
#12781=CARTESIAN_POINT('',(62.098225189209,102.371999761581,80.));
#12782=CARTESIAN_POINT('Origin',(64.616740776062,102.371999761581,80.));
#12783=CARTESIAN_POINT('',(64.616740776062,102.371999761581,80.));
#12784=CARTESIAN_POINT('',(64.616740776062,102.371999761581,80.));
#12785=CARTESIAN_POINT('',(64.616740776062,102.371999761581,77.));
#12786=CARTESIAN_POINT('',(64.616740776062,102.371999761581,77.));
#12787=CARTESIAN_POINT('',(64.616740776062,102.371999761581,80.));
#12788=CARTESIAN_POINT('Origin',(64.616740776062,103.534036418915,80.));
#12789=CARTESIAN_POINT('',(64.616740776062,103.534036418915,80.));
#12790=CARTESIAN_POINT('',(64.616740776062,103.719222089767,80.));
#12791=CARTESIAN_POINT('',(64.616740776062,103.534036418915,77.));
#12792=CARTESIAN_POINT('',(64.616740776062,103.719222089767,77.));
#12793=CARTESIAN_POINT('',(64.616740776062,103.534036418915,80.));
#12794=CARTESIAN_POINT('Origin',(65.7787786254883,103.534036418915,80.));
#12795=CARTESIAN_POINT('',(65.7787786254883,103.534036418915,80.));
#12796=CARTESIAN_POINT('',(65.7787786254883,103.534036418915,80.));
#12797=CARTESIAN_POINT('',(65.7787786254883,103.534036418915,77.));
#12798=CARTESIAN_POINT('',(65.7787786254883,103.534036418915,77.));
#12799=CARTESIAN_POINT('',(65.7787786254883,103.534036418915,80.));
#12800=CARTESIAN_POINT('Origin',(65.7787786254883,104.881258747101,80.));
#12801=CARTESIAN_POINT('',(65.7787786254883,104.881258747101,80.));
#12802=CARTESIAN_POINT('',(65.7787786254883,104.881258747101,80.));
#12803=CARTESIAN_POINT('',(65.7787786254883,104.881258747101,77.));
#12804=CARTESIAN_POINT('',(65.7787786254883,104.881258747101,77.));
#12805=CARTESIAN_POINT('',(65.7787786254883,104.881258747101,80.));
#12806=CARTESIAN_POINT('Origin',(64.4222961196899,104.881258747101,80.));
#12807=CARTESIAN_POINT('',(64.4222961196899,104.881258747101,80.));
#12808=CARTESIAN_POINT('',(64.4222961196899,104.881258747101,80.));
#12809=CARTESIAN_POINT('',(64.4222961196899,104.881258747101,77.));
#12810=CARTESIAN_POINT('',(64.4222961196899,104.881258747101,77.));
#12811=CARTESIAN_POINT('',(64.4222961196899,104.881258747101,80.));
#12812=CARTESIAN_POINT('Origin',(64.4222961196899,103.719222089767,80.));
#12813=CARTESIAN_POINT('',(64.4222961196899,103.719222089767,80.));
#12814=CARTESIAN_POINT('',(64.4222961196899,103.534036418915,80.));
#12815=CARTESIAN_POINT('',(64.4222961196899,103.719222089767,77.));
#12816=CARTESIAN_POINT('',(64.4222961196899,103.534036418915,77.));
#12817=CARTESIAN_POINT('',(64.4222961196899,103.719222089767,80.));
#12818=CARTESIAN_POINT('Origin',(62.2926698455811,103.719222089767,80.));
#12819=CARTESIAN_POINT('',(62.2926698455811,103.719222089767,80.));
#12820=CARTESIAN_POINT('',(62.098225189209,103.719222089767,80.));
#12821=CARTESIAN_POINT('',(62.2926698455811,103.719222089767,77.));
#12822=CARTESIAN_POINT('',(62.098225189209,103.719222089767,77.));
#12823=CARTESIAN_POINT('',(62.2926698455811,103.719222089767,80.));
#12824=CARTESIAN_POINT('Origin',(62.2926698455811,107.020148775101,80.));
#12825=CARTESIAN_POINT('',(62.2926698455811,107.020148775101,80.));
#12826=CARTESIAN_POINT('',(62.2926698455811,107.20533325386,80.));
#12827=CARTESIAN_POINT('',(62.2926698455811,107.020148775101,77.));
#12828=CARTESIAN_POINT('',(62.2926698455811,107.20533325386,77.));
#12829=CARTESIAN_POINT('',(62.2926698455811,107.020148775101,80.));
#12830=CARTESIAN_POINT('Origin',(64.4222961196899,107.020148775101,80.));
#12831=CARTESIAN_POINT('',(64.616740776062,107.020148775101,80.));
#12832=CARTESIAN_POINT('',(64.616740776062,107.020148775101,77.));
#12833=CARTESIAN_POINT('Origin',(63.3574829826355,105.369685432434,80.));
#12834=CARTESIAN_POINT('Origin',(63.3574829826355,105.369685432434,77.));
#12835=CARTESIAN_POINT('Origin',(151.528780532837,108.367371103287,80.));
#12836=CARTESIAN_POINT('',(151.528780532837,108.367371103287,80.));
#12837=CARTESIAN_POINT('',(151.528780532837,107.020148775101,80.));
#12838=CARTESIAN_POINT('',(151.528780532837,108.367371103287,80.));
#12839=CARTESIAN_POINT('',(151.528780532837,107.020148775101,77.));
#12840=CARTESIAN_POINT('',(151.528780532837,107.020148775101,80.));
#12841=CARTESIAN_POINT('',(151.528780532837,108.367371103287,77.));
#12842=CARTESIAN_POINT('',(151.528780532837,108.367371103287,77.));
#12843=CARTESIAN_POINT('',(151.528780532837,108.367371103287,80.));
#12844=CARTESIAN_POINT('Origin',(147.848222328186,108.367371103287,80.));
#12845=CARTESIAN_POINT('',(147.848222328186,108.367371103287,80.));
#12846=CARTESIAN_POINT('',(147.848222328186,108.367371103287,80.));
#12847=CARTESIAN_POINT('',(147.848222328186,108.367371103287,77.));
#12848=CARTESIAN_POINT('',(147.848222328186,108.367371103287,77.));
#12849=CARTESIAN_POINT('',(147.848222328186,108.367371103287,80.));
#12850=CARTESIAN_POINT('Origin',(147.848222328186,107.020148775101,80.));
#12851=CARTESIAN_POINT('',(147.848222328186,107.020148775101,80.));
#12852=CARTESIAN_POINT('',(147.848222328186,107.020148775101,80.));
#12853=CARTESIAN_POINT('',(147.848222328186,107.020148775101,77.));
#12854=CARTESIAN_POINT('',(147.848222328186,107.020148775101,77.));
#12855=CARTESIAN_POINT('',(147.848222328186,107.020148775101,80.));
#12856=CARTESIAN_POINT('Origin',(149.010260177612,107.020148775101,80.));
#12857=CARTESIAN_POINT('',(149.010260177612,107.020148775101,80.));
#12858=CARTESIAN_POINT('',(149.010260177612,107.020148775101,80.));
#12859=CARTESIAN_POINT('',(149.010260177612,107.020148775101,77.));
#12860=CARTESIAN_POINT('',(149.010260177612,107.020148775101,77.));
#12861=CARTESIAN_POINT('',(149.010260177612,107.020148775101,80.));
#12862=CARTESIAN_POINT('Origin',(149.010260177612,102.371999761581,80.));
#12863=CARTESIAN_POINT('',(149.010260177612,102.371999761581,80.));
#12864=CARTESIAN_POINT('',(149.010260177612,102.371999761581,80.));
#12865=CARTESIAN_POINT('',(149.010260177612,102.371999761581,77.));
#12866=CARTESIAN_POINT('',(149.010260177612,102.371999761581,77.));
#12867=CARTESIAN_POINT('',(149.010260177612,102.371999761581,80.));
#12868=CARTESIAN_POINT('Origin',(150.366742683411,102.371999761581,80.));
#12869=CARTESIAN_POINT('',(150.366742683411,102.371999761581,80.));
#12870=CARTESIAN_POINT('',(150.366742683411,102.371999761581,80.));
#12871=CARTESIAN_POINT('',(150.366742683411,102.371999761581,77.));
#12872=CARTESIAN_POINT('',(150.366742683411,102.371999761581,77.));
#12873=CARTESIAN_POINT('',(150.366742683411,102.371999761581,80.));
#12874=CARTESIAN_POINT('Origin',(150.366742683411,107.020148775101,80.));
#12875=CARTESIAN_POINT('',(150.366742683411,107.020148775101,80.));
#12876=CARTESIAN_POINT('',(150.366742683411,107.020148775101,80.));
#12877=CARTESIAN_POINT('',(150.366742683411,107.020148775101,77.));
#12878=CARTESIAN_POINT('',(150.366742683411,107.020148775101,77.));
#12879=CARTESIAN_POINT('',(150.366742683411,107.020148775101,80.));
#12880=CARTESIAN_POINT('Origin',(151.528780532837,107.020148775101,80.));
#12881=CARTESIAN_POINT('',(151.528780532837,107.020148775101,80.));
#12882=CARTESIAN_POINT('',(151.528780532837,107.020148775101,77.));
#12883=CARTESIAN_POINT('Origin',(149.688501430512,105.369685432434,80.));
#12884=CARTESIAN_POINT('Origin',(149.688501430512,105.369685432434,77.));
#12885=CARTESIAN_POINT('Origin',(50.4547034034729,108.367371103287,80.));
#12886=CARTESIAN_POINT('',(50.4547034034729,108.367371103287,80.));
#12887=CARTESIAN_POINT('',(51.8111847171783,108.367371103287,80.));
#12888=CARTESIAN_POINT('',(50.4547034034729,108.367371103287,80.));
#12889=CARTESIAN_POINT('',(51.8111847171783,108.367371103287,77.));
#12890=CARTESIAN_POINT('',(51.8111847171783,108.367371103287,80.));
#12891=CARTESIAN_POINT('',(50.4547034034729,108.367371103287,77.));
#12892=CARTESIAN_POINT('',(50.4547034034729,108.367371103287,77.));
#12893=CARTESIAN_POINT('',(50.4547034034729,108.367371103287,80.));
#12894=CARTESIAN_POINT('Origin',(50.4547034034729,102.371999761581,80.));
#12895=CARTESIAN_POINT('',(50.4547034034729,102.371999761581,80.));
#12896=CARTESIAN_POINT('',(50.4547034034729,102.371999761581,80.));
#12897=CARTESIAN_POINT('',(50.4547034034729,102.371999761581,77.));
#12898=CARTESIAN_POINT('',(50.4547034034729,102.371999761581,77.));
#12899=CARTESIAN_POINT('',(50.4547034034729,102.371999761581,80.));
#12900=CARTESIAN_POINT('Origin',(54.135259223938,102.371999761581,80.));
#12901=CARTESIAN_POINT('',(54.135259223938,102.371999761581,80.));
#12902=CARTESIAN_POINT('',(54.135259223938,102.371999761581,80.));
#12903=CARTESIAN_POINT('',(54.135259223938,102.371999761581,77.));
#12904=CARTESIAN_POINT('',(54.135259223938,102.371999761581,77.));
#12905=CARTESIAN_POINT('',(54.135259223938,102.371999761581,80.));
#12906=CARTESIAN_POINT('Origin',(54.135259223938,103.719222089767,80.));
#12907=CARTESIAN_POINT('',(54.135259223938,103.719222089767,80.));
#12908=CARTESIAN_POINT('',(54.135259223938,103.719222089767,80.));
#12909=CARTESIAN_POINT('',(54.135259223938,103.719222089767,77.));
#12910=CARTESIAN_POINT('',(54.135259223938,103.719222089767,77.));
#12911=CARTESIAN_POINT('',(54.135259223938,103.719222089767,80.));
#12912=CARTESIAN_POINT('Origin',(51.8111847171783,103.719222089767,80.));
#12913=CARTESIAN_POINT('',(51.8111847171783,103.719222089767,80.));
#12914=CARTESIAN_POINT('',(51.8111847171783,103.719222089767,80.));
#12915=CARTESIAN_POINT('',(51.8111847171783,103.719222089767,77.));
#12916=CARTESIAN_POINT('',(51.8111847171783,103.719222089767,77.));
#12917=CARTESIAN_POINT('',(51.8111847171783,103.719222089767,80.));
#12918=CARTESIAN_POINT('Origin',(51.8111847171783,108.367371103287,80.));
#12919=CARTESIAN_POINT('',(51.8111847171783,108.367371103287,80.));
#12920=CARTESIAN_POINT('',(51.8111847171783,108.367371103287,77.));
#12921=CARTESIAN_POINT('Origin',(52.2949813137054,105.369685432434,80.));
#12922=CARTESIAN_POINT('Origin',(52.2949813137054,105.369685432434,77.));
#12923=CARTESIAN_POINT('Origin',(48.3111850748062,104.696074268341,80.));
#12924=CARTESIAN_POINT('',(48.3111850748062,104.696074268341,80.));
#12925=CARTESIAN_POINT('',(45.987111164093,104.696074268341,80.));
#12926=CARTESIAN_POINT('',(48.3111850748062,104.696074268341,80.));
#12927=CARTESIAN_POINT('',(45.987111164093,104.696074268341,77.));
#12928=CARTESIAN_POINT('',(45.987111164093,104.696074268341,80.));
#12929=CARTESIAN_POINT('',(48.3111850748062,104.696074268341,77.));
#12930=CARTESIAN_POINT('',(48.3111850748062,104.696074268341,77.));
#12931=CARTESIAN_POINT('',(48.3111850748062,104.696074268341,80.));
#12932=CARTESIAN_POINT('Origin',(48.3111850748062,106.043296596527,80.));
#12933=CARTESIAN_POINT('',(48.3111850748062,106.043296596527,80.));
#12934=CARTESIAN_POINT('',(48.3111850748062,106.043296596527,80.));
#12935=CARTESIAN_POINT('',(48.3111850748062,106.043296596527,77.));
#12936=CARTESIAN_POINT('',(48.3111850748062,106.043296596527,77.));
#12937=CARTESIAN_POINT('',(48.3111850748062,106.043296596527,80.));
#12938=CARTESIAN_POINT('Origin',(45.987111164093,106.043296596527,80.));
#12939=CARTESIAN_POINT('',(45.987111164093,106.043296596527,80.));
#12940=CARTESIAN_POINT('',(45.987111164093,106.043296596527,80.));
#12941=CARTESIAN_POINT('',(45.987111164093,106.043296596527,77.));
#12942=CARTESIAN_POINT('',(45.987111164093,106.043296596527,77.));
#12943=CARTESIAN_POINT('',(45.987111164093,106.043296596527,80.));
#12944=CARTESIAN_POINT('Origin',(45.987111164093,107.020148775101,80.));
#12945=CARTESIAN_POINT('',(45.987111164093,107.020148775101,80.));
#12946=CARTESIAN_POINT('',(45.987111164093,107.020148775101,80.));
#12947=CARTESIAN_POINT('',(45.987111164093,107.020148775101,77.));
#12948=CARTESIAN_POINT('',(45.987111164093,107.020148775101,77.));
#12949=CARTESIAN_POINT('',(45.987111164093,107.020148775101,80.));
#12950=CARTESIAN_POINT('Origin',(49.473222328186,107.020148775101,80.));
#12951=CARTESIAN_POINT('',(49.473222328186,107.020148775101,80.));
#12952=CARTESIAN_POINT('',(49.473222328186,107.020148775101,80.));
#12953=CARTESIAN_POINT('',(49.473222328186,107.020148775101,77.));
#12954=CARTESIAN_POINT('',(49.473222328186,107.020148775101,77.));
#12955=CARTESIAN_POINT('',(49.473222328186,107.020148775101,80.));
#12956=CARTESIAN_POINT('Origin',(49.473222328186,108.367371103287,80.));
#12957=CARTESIAN_POINT('',(49.473222328186,108.367371103287,80.));
#12958=CARTESIAN_POINT('',(49.473222328186,108.367371103287,80.));
#12959=CARTESIAN_POINT('',(49.473222328186,108.367371103287,77.));
#12960=CARTESIAN_POINT('',(49.473222328186,108.367371103287,77.));
#12961=CARTESIAN_POINT('',(49.473222328186,108.367371103287,80.));
#12962=CARTESIAN_POINT('Origin',(44.6306292543411,108.367371103287,80.));
#12963=CARTESIAN_POINT('',(44.6306292543411,108.367371103287,80.));
#12964=CARTESIAN_POINT('',(44.6306292543411,108.367371103287,80.));
#12965=CARTESIAN_POINT('',(44.6306292543411,108.367371103287,77.));
#12966=CARTESIAN_POINT('',(44.6306292543411,108.367371103287,77.));
#12967=CARTESIAN_POINT('',(44.6306292543411,108.367371103287,80.));
#12968=CARTESIAN_POINT('Origin',(44.6306292543411,102.371999761581,80.));
#12969=CARTESIAN_POINT('',(44.6306292543411,102.371999761581,80.));
#12970=CARTESIAN_POINT('',(44.6306292543411,102.371999761581,80.));
#12971=CARTESIAN_POINT('',(44.6306292543411,102.371999761581,77.));
#12972=CARTESIAN_POINT('',(44.6306292543411,102.371999761581,77.));
#12973=CARTESIAN_POINT('',(44.6306292543411,102.371999761581,80.));
#12974=CARTESIAN_POINT('Origin',(49.473222328186,102.371999761581,80.));
#12975=CARTESIAN_POINT('',(49.473222328186,102.371999761581,80.));
#12976=CARTESIAN_POINT('',(49.473222328186,102.371999761581,80.));
#12977=CARTESIAN_POINT('',(49.473222328186,102.371999761581,77.));
#12978=CARTESIAN_POINT('',(49.473222328186,102.371999761581,77.));
#12979=CARTESIAN_POINT('',(49.473222328186,102.371999761581,80.));
#12980=CARTESIAN_POINT('Origin',(49.473222328186,103.719222089767,80.));
#12981=CARTESIAN_POINT('',(49.473222328186,103.719222089767,80.));
#12982=CARTESIAN_POINT('',(49.473222328186,103.719222089767,80.));
#12983=CARTESIAN_POINT('',(49.473222328186,103.719222089767,77.));
#12984=CARTESIAN_POINT('',(49.473222328186,103.719222089767,77.));
#12985=CARTESIAN_POINT('',(49.473222328186,103.719222089767,80.));
#12986=CARTESIAN_POINT('Origin',(45.987111164093,103.719222089767,80.));
#12987=CARTESIAN_POINT('',(45.987111164093,103.719222089767,80.));
#12988=CARTESIAN_POINT('',(45.987111164093,103.719222089767,80.));
#12989=CARTESIAN_POINT('',(45.987111164093,103.719222089767,77.));
#12990=CARTESIAN_POINT('',(45.987111164093,103.719222089767,77.));
#12991=CARTESIAN_POINT('',(45.987111164093,103.719222089767,80.));
#12992=CARTESIAN_POINT('Origin',(45.987111164093,104.696074268341,80.));
#12993=CARTESIAN_POINT('',(45.987111164093,104.696074268341,80.));
#12994=CARTESIAN_POINT('',(45.987111164093,104.696074268341,77.));
#12995=CARTESIAN_POINT('Origin',(47.0519257912636,105.369685432434,80.));
#12996=CARTESIAN_POINT('Origin',(47.0519257912636,105.369685432434,77.));
#12997=UNCERTAINTY_MEASURE_WITH_UNIT(LENGTH_MEASURE(0.01),#13001,
'DISTANCE_ACCURACY_VALUE',
'Maximum model space distance between geometric entities at asserted c
onnectivities');
#12998=UNCERTAINTY_MEASURE_WITH_UNIT(LENGTH_MEASURE(0.01),#13001,
'DISTANCE_ACCURACY_VALUE',
'Maximum model space distance between geometric entities at asserted c
onnectivities');
#12999=(
GEOMETRIC_REPRESENTATION_CONTEXT(3)
GLOBAL_UNCERTAINTY_ASSIGNED_CONTEXT((#12997))
GLOBAL_UNIT_ASSIGNED_CONTEXT((#13001,#13003,#13004))
REPRESENTATION_CONTEXT('','3D')
);
#13000=(
GEOMETRIC_REPRESENTATION_CONTEXT(3)
GLOBAL_UNCERTAINTY_ASSIGNED_CONTEXT((#12998))
GLOBAL_UNIT_ASSIGNED_CONTEXT((#13001,#13003,#13004))
REPRESENTATION_CONTEXT('','3D')
);
#13001=(
LENGTH_UNIT()
NAMED_UNIT(*)
SI_UNIT(.MILLI.,.METRE.)
);
#13002=(
LENGTH_UNIT()
NAMED_UNIT(*)
SI_UNIT($,.METRE.)
);
#13003=(
NAMED_UNIT(*)
PLANE_ANGLE_UNIT()
SI_UNIT($,.RADIAN.)
);
#13004=(
NAMED_UNIT(*)
SI_UNIT($,.STERADIAN.)
SOLID_ANGLE_UNIT()
);
#13005=SHAPE_DEFINITION_REPRESENTATION(#13006,#13007);
#13006=PRODUCT_DEFINITION_SHAPE('',$,#13009);
#13007=SHAPE_REPRESENTATION('',(#7911),#12999);
#13008=PRODUCT_DEFINITION_CONTEXT('part definition',#13013,'design');
#13009=PRODUCT_DEFINITION('Groove Coaster Center Assembly',
'Groove Coaster Center Assembly v51',#13010,#13008);
#13010=PRODUCT_DEFINITION_FORMATION('',$,#13015);
#13011=PRODUCT_RELATED_PRODUCT_CATEGORY(
'Groove Coaster Center Assembly v51',
'Groove Coaster Center Assembly v51',(#13015));
#13012=APPLICATION_PROTOCOL_DEFINITION('international standard',
'automotive_design',2009,#13013);
#13013=APPLICATION_CONTEXT(
'Core Data for Automotive Mechanical Design Process');
#13014=PRODUCT_CONTEXT('part definition',#13013,'mechanical');
#13015=PRODUCT('Groove Coaster Center Assembly',
'Groove Coaster Center Assembly v51',$,(#13014));
#13016=PRESENTATION_STYLE_ASSIGNMENT((#13019));
#13017=PRESENTATION_STYLE_ASSIGNMENT((#13020));
#13018=PRESENTATION_STYLE_ASSIGNMENT((#13021));
#13019=SURFACE_STYLE_USAGE(.BOTH.,#13022);
#13020=SURFACE_STYLE_USAGE(.BOTH.,#13023);
#13021=SURFACE_STYLE_USAGE(.BOTH.,#13024);
#13022=SURFACE_SIDE_STYLE('',(#13025));
#13023=SURFACE_SIDE_STYLE('',(#13026));
#13024=SURFACE_SIDE_STYLE('',(#13027));
#13025=SURFACE_STYLE_FILL_AREA(#13028);
#13026=SURFACE_STYLE_FILL_AREA(#13029);
#13027=SURFACE_STYLE_FILL_AREA(#13030);
#13028=FILL_AREA_STYLE('Steel - Satin',(#13031));
#13029=FILL_AREA_STYLE('ABS (White)',(#13032));
#13030=FILL_AREA_STYLE('ABS (Black)',(#13033));
#13031=FILL_AREA_STYLE_COLOUR('Steel - Satin',#13034);
#13032=FILL_AREA_STYLE_COLOUR('ABS (White)',#13035);
#13033=FILL_AREA_STYLE_COLOUR('ABS (Black)',#13036);
#13034=COLOUR_RGB('Steel - Satin',0.627450980392157,0.627450980392157,0.627450980392157);
#13035=COLOUR_RGB('ABS (White)',1.,1.,1.);
#13036=COLOUR_RGB('ABS (Black)',0.219607843137255,0.219607843137255,0.219607843137255);
ENDSEC;
END-ISO-10303-21;
